{
"type": "FeatureCollection",
"name": "Informal Settlement",
"crs": { "type": "name", "properties": { "name": "urn:ogc:def:crs:OGC:1.3:CRS84" } },
"features": [
{ "type": "Feature", "properties": { "Settlement": "OSHIKANGO EXT 7", "Town": "HELAO NAFIDI", "Extension": "EXT.7", "Region": "OHANGWENA", "LA ARea": null, "Block_Code": null, "TOWN_1": null, "EXTENSIO_1": null, "LA Area_1": null, "Set_Ext": null, "Id": null, "Constituen": null, "Upgrading_": null, "Area_sqm": null, "Area_Ha": null, "No_Structu": null, "No_HHs": null, "No_Taps": null, "No_Toilets": null, "OBJECTID": null, "layer": null, "path": null }, "geometry": { "type": "Polygon", "coordinates": [ [ [ 15.895616027176812, -17.40815720529212 ], [ 15.895648379542818, -17.410687170053883 ], [ 15.894907216248813, -17.411293346092485 ], [ 15.894013114497314, -17.41212402850859 ], [ 15.892755783909267, -17.412320473122364 ], [ 15.891588157608791, -17.412982770549352 ], [ 15.890499941661242, -17.412842453498339 ], [ 15.890317591961923, -17.41206228872921 ], [ 15.890241122733171, -17.411343860671572 ], [ 15.890117595517506, -17.410577721388119 ], [ 15.890147006759333, -17.409988381291701 ], [ 15.89020582924298, -17.409062271585451 ], [ 15.89044111917759, -17.408703052011738 ], [ 15.891092578184027, -17.408213333564706 ], [ 15.891563158053236, -17.40794953053361 ], [ 15.891927857451872, -17.407893402179983 ], [ 15.891927857451872, -17.407786758260599 ], [ 15.892354320458345, -17.407696952806532 ], [ 15.892989603281782, -17.407601534463225 ], [ 15.893660179595406, -17.407472438978292 ], [ 15.893846940980996, -17.407478051827351 ], [ 15.894457224248882, -17.407410697627167 ], [ 15.895263092274908, -17.407826048132868 ], [ 15.895616027176812, -17.40815720529212 ] ] ] } },
{ "type": "Feature", "properties": { "Settlement": "OSHIKANGO EXT 1", "Town": "HELAO NAFIDI", "Extension": "EXT.1", "Region": "OHANGWENA", "LA ARea": null, "Block_Code": null, "TOWN_1": null, "EXTENSIO_1": null, "LA Area_1": null, "Set_Ext": null, "Id": null, "Constituen": null, "Upgrading_": null, "Area_sqm": null, "Area_Ha": null, "No_Structu": null, "No_HHs": null, "No_Taps": null, "No_Toilets": null, "OBJECTID": null, "layer": null, "path": null }, "geometry": { "type": "Polygon", "coordinates": [ [ [ 15.8769270303857, -17.400594890274778 ], [ 15.877571888863448, -17.400578601651471 ], [ 15.878102948786299, -17.402296741769931 ], [ 15.876191133064037, -17.40234983011192 ], [ 15.87559432286503, -17.402200217472277 ], [ 15.875483053166908, -17.399357554055484 ], [ 15.876661500424277, -17.39932738973301 ], [ 15.876707019846235, -17.400604542791591 ], [ 15.8769270303857, -17.400594890274778 ] ] ] } },
{ "type": "Feature", "properties": { "Settlement": "BONYA (EXTENSION 7)", "Town": "HELAO NAFIDI", "Extension": "EXT.7", "Region": "OHANGWENA", "LA ARea": null, "Block_Code": null, "TOWN_1": null, "EXTENSIO_1": null, "LA Area_1": null, "Set_Ext": null, "Id": null, "Constituen": null, "Upgrading_": null, "Area_sqm": null, "Area_Ha": null, "No_Structu": null, "No_HHs": null, "No_Taps": null, "No_Toilets": null, "OBJECTID": null, "layer": null, "path": null }, "geometry": { "type": "Polygon", "coordinates": [ [ [ 15.889437375806319, -17.408323480272195 ], [ 15.88930649578019, -17.407856212158826 ], [ 15.889718253165752, -17.405734547318399 ], [ 15.889947660851989, -17.403965071230971 ], [ 15.893209367570456, -17.404251331807068 ], [ 15.893144662838441, -17.404981013600597 ], [ 15.892591731492118, -17.405205530489493 ], [ 15.892509380015007, -17.406290223823987 ], [ 15.892222620407207, -17.406847301857155 ], [ 15.890978524877983, -17.407812712664057 ], [ 15.889690312486017, -17.40830664180239 ], [ 15.889437375806319, -17.408323480272195 ] ] ] } },
{ "type": "Feature", "properties": { "Settlement": "LOCATION 17 (OSHIKANGO EXTENSION 4)", "Town": "HELAO NAFIDI", "Extension": "EXT.4", "Region": "OHANGWENA", "LA ARea": null, "Block_Code": null, "TOWN_1": null, "EXTENSIO_1": null, "LA Area_1": null, "Set_Ext": null, "Id": null, "Constituen": null, "Upgrading_": null, "Area_sqm": null, "Area_Ha": null, "No_Structu": null, "No_HHs": null, "No_Taps": null, "No_Toilets": null, "OBJECTID": null, "layer": null, "path": null }, "geometry": { "type": "Polygon", "coordinates": [ [ [ 15.898166280661137, -17.397079126973832 ], [ 15.897564412748576, -17.399517624727583 ], [ 15.896911967700497, -17.400850881642832 ], [ 15.89620388780337, -17.398276058188241 ], [ 15.896841159710789, -17.398121615891142 ], [ 15.896664139736504, -17.39750384539833 ], [ 15.896674255163607, -17.397397665884689 ], [ 15.898166280661137, -17.397079126973832 ] ] ] } },
{ "type": "Feature", "properties": { "Settlement": "OLUNGHONO EXT 1 (OSHIKANGO)", "Town": "HELAO NAFIDI", "Extension": "EXT.1", "Region": "OHANGWENA", "LA ARea": null, "Block_Code": null, "TOWN_1": null, "EXTENSIO_1": null, "LA Area_1": null, "Set_Ext": null, "Id": null, "Constituen": null, "Upgrading_": null, "Area_sqm": null, "Area_Ha": null, "No_Structu": null, "No_HHs": null, "No_Taps": null, "No_Toilets": null, "OBJECTID": null, "layer": null, "path": null }, "geometry": { "type": "Polygon", "coordinates": [ [ [ 15.897114276242542, -17.414280640369416 ], [ 15.89710416081544, -17.415255468986103 ], [ 15.897711086441552, -17.41666461798868 ], [ 15.895131652530573, -17.417407794933098 ], [ 15.894807958863309, -17.415873179476193 ], [ 15.894635996602576, -17.414782532980205 ], [ 15.894848420571718, -17.414203425999222 ], [ 15.897114276242542, -17.414280640369416 ] ] ] } },
{ "type": "Feature", "properties": { "Settlement": "ONDINGWANYAMA", "Town": "HELAO NAFIDI", "Extension": null, "Region": "OHANGWENA", "LA ARea": null, "Block_Code": null, "TOWN_1": null, "EXTENSIO_1": null, "LA Area_1": null, "Set_Ext": null, "Id": null, "Constituen": null, "Upgrading_": null, "Area_sqm": null, "Area_Ha": null, "No_Structu": null, "No_HHs": null, "No_Taps": null, "No_Toilets": null, "OBJECTID": null, "layer": null, "path": null }, "geometry": { "type": "Polygon", "coordinates": [ [ [ 15.894458976628291, -17.425244749503403 ], [ 15.892547160906036, -17.425486029712708 ], [ 15.891156289679524, -17.425264051931894 ], [ 15.891454694779027, -17.424332707431258 ], [ 15.891909888998615, -17.42436648684853 ], [ 15.892916373995252, -17.423686071667266 ], [ 15.894125167533929, -17.424366486848523 ], [ 15.894458976628291, -17.425244749503403 ] ] ] } },
{ "type": "Feature", "properties": { "Settlement": "OHANGWENA LOCATION", "Town": "HELAO NAFIDI", "Extension": null, "Region": "OHANGWENA", "LA ARea": null, "Block_Code": null, "TOWN_1": null, "EXTENSIO_1": null, "LA Area_1": null, "Set_Ext": null, "Id": null, "Constituen": null, "Upgrading_": null, "Area_sqm": null, "Area_Ha": null, "No_Structu": null, "No_HHs": null, "No_Taps": null, "No_Toilets": null, "OBJECTID": null, "layer": null, "path": null }, "geometry": { "type": "Polygon", "coordinates": [ [ [ 15.907543281584584, -17.476553039618164 ], [ 15.904231743637103, -17.477424116016486 ], [ 15.90383218426658, -17.476377255955676 ], [ 15.903108931228793, -17.475941866530491 ], [ 15.901862204838483, -17.47465348161036 ], [ 15.901767372709406, -17.474370053795088 ], [ 15.90177622370812, -17.474350756566079 ], [ 15.901749670711979, -17.474283216248455 ], [ 15.901843238412672, -17.473645200225658 ], [ 15.902890185117712, -17.473215834686673 ], [ 15.903825862124638, -17.472897428127304 ], [ 15.904579461443729, -17.472704454183887 ], [ 15.905591004153921, -17.472400519808144 ], [ 15.905859062972116, -17.473318351831558 ], [ 15.906294026337502, -17.473569217071997 ], [ 15.906617720004759, -17.473993757460455 ], [ 15.907543281584584, -17.476553039618164 ] ] ] } },
{ "type": "Feature", "properties": { "Settlement": "OMBILI (OUKANGO PARK EXTENSION 2)", "Town": "HELAO NAFIDI", "Extension": "EXT.2", "Region": "OHANGWENA", "LA ARea": null, "Block_Code": null, "TOWN_1": null, "EXTENSIO_1": null, "LA Area_1": null, "Set_Ext": null, "Id": null, "Constituen": null, "Upgrading_": null, "Area_sqm": null, "Area_Ha": null, "No_Structu": null, "No_HHs": null, "No_Taps": null, "No_Toilets": null, "OBJECTID": null, "layer": null, "path": null }, "geometry": { "type": "Polygon", "coordinates": [ [ [ 15.888370753941352, -17.398883268533055 ], [ 15.888077406555404, -17.402335249679389 ], [ 15.886858497589616, -17.402243551617161 ], [ 15.886200994827993, -17.401721113095519 ], [ 15.884299294532827, -17.401706634408512 ], [ 15.884268948251519, -17.401170922183791 ], [ 15.885884887731056, -17.401132312233077 ], [ 15.885864656876866, -17.400802317477872 ], [ 15.886967238430971, -17.400763707449308 ], [ 15.887007700139376, -17.400305212736793 ], [ 15.885328539240465, -17.400107335716186 ], [ 15.885437280081806, -17.398627474257058 ], [ 15.888370753941352, -17.398883268533055 ] ] ] } },
{ "type": "Feature", "properties": { "Settlement": "TSEIBLAAGTE EXTENSION 7", "Town": "KEETMANSHOOP", "Extension": null, "Region": null, "LA ARea": null, "Block_Code": null, "TOWN_1": "KEETMANSHOOP", "EXTENSIO_1": "EXT.7", "LA Area_1": null, "Set_Ext": null, "Id": null, "Constituen": null, "Upgrading_": null, "Area_sqm": null, "Area_Ha": null, "No_Structu": null, "No_HHs": null, "No_Taps": null, "No_Toilets": null, "OBJECTID": null, "layer": null, "path": null }, "geometry": { "type": "Polygon", "coordinates": [ [ [ 18.141616436430052, -26.593129685328581 ], [ 18.142374261016791, -26.594478907175812 ], [ 18.143277777504732, -26.594176575469884 ], [ 18.143356874772554, -26.594221185588122 ], [ 18.146489553057883, -26.595911865911134 ], [ 18.147978225971819, -26.596748837296673 ], [ 18.148706662332714, -26.597146710579374 ], [ 18.149851416869009, -26.59777389700718 ], [ 18.151124298588218, -26.59847020126433 ], [ 18.151480214061923, -26.598349780316571 ], [ 18.151627183818007, -26.598302124075719 ], [ 18.151782293351292, -26.598248534267636 ], [ 18.151933192907023, -26.598197963432781 ], [ 18.152084093680923, -26.598147393680829 ], [ 18.152234993236654, -26.598096823353877 ], [ 18.152435207148976, -26.598029726687646 ], [ 18.15254916159352, -26.59799151969051 ], [ 18.152742124379852, -26.597926853972034 ], [ 18.152893025153752, -26.597876283547642 ], [ 18.153043924709483, -26.597825712548257 ], [ 18.153194826092463, -26.597775142079144 ], [ 18.153345726866362, -26.59772457214034 ], [ 18.153496626422097, -26.597674001073912 ], [ 18.153647525977824, -26.597623430537766 ], [ 18.153798427360805, -26.597572860531894 ], [ 18.154100227690439, -26.597471718795219 ], [ 18.15425112724617, -26.597421147617052 ], [ 18.154401688407791, -26.597372966011346 ], [ 18.154882798686042, -26.598514461002495 ], [ 18.154941766998675, -26.598655042063537 ], [ 18.155019403077823, -26.598840135665661 ], [ 18.155093343244957, -26.599016420718776 ], [ 18.155118914960475, -26.599064492786717 ], [ 18.155324245774043, -26.599426979258151 ], [ 18.155491242159471, -26.599721789762729 ], [ 18.155596123100203, -26.599917560910765 ], [ 18.155537029319873, -26.599896221633792 ], [ 18.155371502650286, -26.599942618346873 ], [ 18.155228209924658, -26.599982783170113 ], [ 18.155085585362421, -26.600024548912483 ], [ 18.154945017062367, -26.600069224170316 ], [ 18.154804943946314, -26.60011913656373 ], [ 18.154666021386912, -26.600169791652498 ], [ 18.154513253775455, -26.600266120478132 ], [ 18.154352148435017, -26.600360854925533 ], [ 18.154243139739567, -26.60042379510746 ], [ 18.154247713339309, -26.600482511615269 ], [ 18.154538958270937, -26.600711872201583 ], [ 18.154727365729997, -26.600860244072496 ], [ 18.155047222307402, -26.601112136120619 ], [ 18.155211340169394, -26.601130096573872 ], [ 18.154999925837526, -26.601339159482404 ], [ 18.154906269778326, -26.601480329879923 ], [ 18.154902960531675, -26.601661928847278 ], [ 18.154886049724031, -26.601783652112641 ], [ 18.154798303120891, -26.601919572337319 ], [ 18.154701975521036, -26.602051208572799 ], [ 18.15454668801674, -26.602241008616385 ], [ 18.153768350871854, -26.601774150010172 ], [ 18.153633473228673, -26.601692474897806 ], [ 18.153386569495833, -26.601542962413337 ], [ 18.152892635950099, -26.601243861702997 ], [ 18.152587585556773, -26.601057490480674 ], [ 18.152429592627403, -26.600962364807415 ], [ 18.152200169559471, -26.600824231897178 ], [ 18.151728626491867, -26.600540774395917 ], [ 18.14952967822698, -26.599220902463472 ], [ 18.149212742808775, -26.599030667325756 ], [ 18.148537649275465, -26.598625452900141 ], [ 18.147910870594522, -26.598249873280928 ], [ 18.147516607901945, -26.598013620917694 ], [ 18.14462363704089, -26.596272813331598 ], [ 18.144490023243698, -26.596205321566309 ], [ 18.144208596111294, -26.59607662636942 ], [ 18.144056235366882, -26.59602298688705 ], [ 18.143892778968372, -26.595970443259116 ], [ 18.143593802953838, -26.595894437934049 ], [ 18.143223538716931, -26.595837238273315 ], [ 18.142144102786396, -26.595726300040344 ], [ 18.141616436430052, -26.593129685328581 ] ] ] } },
{ "type": "Feature", "properties": { "Settlement": "TSEIBLAAGTE EXTENSION 4", "Town": "KEETMANSHOOP", "Extension": null, "Region": null, "LA ARea": null, "Block_Code": null, "TOWN_1": "KEETMANSHOOP", "EXTENSIO_1": "EXT.4", "LA Area_1": null, "Set_Ext": null, "Id": null, "Constituen": null, "Upgrading_": null, "Area_sqm": null, "Area_Ha": null, "No_Structu": null, "No_HHs": null, "No_Taps": null, "No_Toilets": null, "OBJECTID": null, "layer": null, "path": null }, "geometry": { "type": "Polygon", "coordinates": [ [ [ 18.154401688407791, -26.597372966011346 ], [ 18.153436998447997, -26.595003259491275 ], [ 18.155397683899654, -26.594345843735425 ], [ 18.156050486259051, -26.593588903038679 ], [ 18.157134877535647, -26.592329536358296 ], [ 18.157143460759443, -26.592393099706278 ], [ 18.158028445927389, -26.593020479521961 ], [ 18.158991404392371, -26.593703119368165 ], [ 18.159061458972886, -26.593695331418498 ], [ 18.158901685905324, -26.593874294322678 ], [ 18.15889310378812, -26.593810731197095 ], [ 18.158665078929747, -26.593649106851217 ], [ 18.158595024903232, -26.593656893799732 ], [ 18.158263216301872, -26.594042165997443 ], [ 18.158569920214557, -26.594259551301263 ], [ 18.158837327328811, -26.5944556394114 ], [ 18.157105544148163, -26.596466808524276 ], [ 18.154401688407791, -26.597372966011346 ] ] ] } },
{ "type": "Feature", "properties": { "Settlement": "TSEIBLAAGTE EXTENSION 6", "Town": "KEETMANSHOOP", "Extension": null, "Region": null, "LA ARea": null, "Block_Code": null, "TOWN_1": "KEETMANSHOOP", "EXTENSIO_1": "EXT.6", "LA Area_1": null, "Set_Ext": null, "Id": null, "Constituen": null, "Upgrading_": null, "Area_sqm": null, "Area_Ha": null, "No_Structu": null, "No_HHs": null, "No_Taps": null, "No_Toilets": null, "OBJECTID": null, "layer": null, "path": null }, "geometry": { "type": "Polygon", "coordinates": [ [ [ 18.154406962917417, -26.597371198399063 ], [ 18.157105544148163, -26.596466808524276 ], [ 18.158837327328811, -26.5944556394114 ], [ 18.158569920214557, -26.594259551301263 ], [ 18.158263216301872, -26.594042165997443 ], [ 18.158595024903232, -26.593656893799732 ], [ 18.158665078929747, -26.593649106851217 ], [ 18.15889310378812, -26.593810731197095 ], [ 18.158901685905324, -26.593874294322678 ], [ 18.159061458972886, -26.593695331418498 ], [ 18.159333490691424, -26.594311039410911 ], [ 18.159395063352704, -26.594434813713423 ], [ 18.159609715430889, -26.595037750690786 ], [ 18.160012277322014, -26.597462869550608 ], [ 18.159895224677793, -26.598024247517909 ], [ 18.159759097422121, -26.598715382109344 ], [ 18.15808699413671, -26.599294945520082 ], [ 18.157415607828209, -26.599866296839473 ], [ 18.157330335440687, -26.599937487156073 ], [ 18.157020610328662, -26.600184113918385 ], [ 18.155951047042677, -26.600547841582305 ], [ 18.155596123100203, -26.599917560910765 ], [ 18.155491242159471, -26.599721789762729 ], [ 18.155324245774043, -26.599426979258151 ], [ 18.155093343244957, -26.599016420718765 ], [ 18.155019403077823, -26.598840135665661 ], [ 18.154941766998675, -26.598655042063537 ], [ 18.154882798686042, -26.598514461002495 ], [ 18.154406962917417, -26.597371198399063 ] ] ] } },
{ "type": "Feature", "properties": { "Settlement": "BRUKHAROS EXTENSION 2", "Town": "KEETMANSHOOP", "Extension": null, "Region": null, "LA ARea": null, "Block_Code": null, "TOWN_1": "KEETMANSHOOP", "EXTENSIO_1": "EXT.2", "LA Area_1": null, "Set_Ext": null, "Id": null, "Constituen": null, "Upgrading_": null, "Area_sqm": null, "Area_Ha": null, "No_Structu": null, "No_HHs": null, "No_Taps": null, "No_Toilets": null, "OBJECTID": null, "layer": null, "path": null }, "geometry": { "type": "Polygon", "coordinates": [ [ [ 18.167653282529475, -26.591626685986398 ], [ 18.167729078488932, -26.591577167190668 ], [ 18.167491874617102, -26.591900800166197 ], [ 18.161671775820405, -26.593329126798839 ], [ 18.161094972059775, -26.592430121868023 ], [ 18.161770807438437, -26.59164521854817 ], [ 18.159660636273497, -26.590149282329239 ], [ 18.162886203456299, -26.589208917092829 ], [ 18.165075767174518, -26.586825482466672 ], [ 18.165531867688102, -26.586641824851917 ], [ 18.165891412081898, -26.587140981288311 ], [ 18.166297388674749, -26.587704597053751 ], [ 18.166279890863287, -26.587762435401238 ], [ 18.16611083217192, -26.587837688144059 ], [ 18.166023652989853, -26.587833735984567 ], [ 18.165955896195634, -26.587955934587775 ], [ 18.166073999569161, -26.588863128114141 ], [ 18.166135010831521, -26.589100215588488 ], [ 18.166180132458628, -26.589446808051012 ], [ 18.166137822055976, -26.589503595841229 ], [ 18.165007708744557, -26.589781075250919 ], [ 18.165055327259022, -26.589928843063703 ], [ 18.165167383269004, -26.590276569905921 ], [ 18.165234532829615, -26.590484944699483 ], [ 18.165335386428001, -26.59079790728175 ], [ 18.165416614982075, -26.591049970031108 ], [ 18.165517468580461, -26.591362931068488 ], [ 18.165590293342877, -26.591588914671465 ], [ 18.165691146941267, -26.591901874235234 ], [ 18.165747406420561, -26.59209441542589 ], [ 18.166440987713784, -26.591924200811 ], [ 18.167250165889207, -26.591725616773715 ], [ 18.167653282529475, -26.591626685986398 ] ] ] } },
{ "type": "Feature", "properties": { "Settlement": "BRUKHAROS EXTENSION 4", "Town": "KEETMANSHOOP", "Extension": null, "Region": null, "LA ARea": null, "Block_Code": null, "TOWN_1": "KEETMANSHOOP", "EXTENSIO_1": "EXT.4", "LA Area_1": null, "Set_Ext": null, "Id": null, "Constituen": null, "Upgrading_": null, "Area_sqm": null, "Area_Ha": null, "No_Structu": null, "No_HHs": null, "No_Taps": null, "No_Toilets": null, "OBJECTID": null, "layer": null, "path": null }, "geometry": { "type": "Polygon", "coordinates": [ [ [ 18.165531867688102, -26.58664182485191 ], [ 18.165815969668508, -26.586527425594671 ], [ 18.166363255194909, -26.586307049977528 ], [ 18.166801083616036, -26.586130749178373 ], [ 18.167129454931882, -26.585998523400832 ], [ 18.167567283353002, -26.585822222126552 ], [ 18.168114568879407, -26.585601845151956 ], [ 18.169099682826939, -26.585205165528677 ], [ 18.169491468516199, -26.585047403295867 ], [ 18.16997561004068, -26.584852451393242 ], [ 18.170327518644772, -26.584710746231998 ], [ 18.170408473327026, -26.584876284795328 ], [ 18.170502532844313, -26.585036546128226 ], [ 18.171177092139992, -26.584764917548579 ], [ 18.171405127775994, -26.584673093012718 ], [ 18.172978789115614, -26.584039414950592 ], [ 18.173074251843058, -26.584022872239533 ], [ 18.173827402628795, -26.584050401172249 ], [ 18.173875250005537, -26.584097463535954 ], [ 18.173859184217513, -26.584459383353121 ], [ 18.173807320393767, -26.58450280095089 ], [ 18.173231270256785, -26.584481745429695 ], [ 18.173170354457021, -26.584479518863009 ], [ 18.173074891729577, -26.584496061508069 ], [ 18.173003518760865, -26.584524801760161 ], [ 18.17201840481334, -26.584921483740718 ], [ 18.171607514481622, -26.585086939108425 ], [ 18.171379478845619, -26.585178763312371 ], [ 18.169759999913488, -26.585830884547484 ], [ 18.169615711253584, -26.585923182342878 ], [ 18.170036068605, -26.586695605279758 ], [ 18.170146273424599, -26.586898699142761 ], [ 18.17007964270962, -26.586877928867548 ], [ 18.169555002908474, -26.587111462331283 ], [ 18.168802425371336, -26.587446457126156 ], [ 18.168259173955548, -26.587688273987716 ], [ 18.168061960101099, -26.587776059431647 ], [ 18.167662957183254, -26.587953666668021 ], [ 18.167340423953053, -26.588097234929634 ], [ 18.167125401799584, -26.588192947004039 ], [ 18.166910379646122, -26.58828865899839 ], [ 18.166853771817873, -26.588313856612636 ], [ 18.166655409432291, -26.588312002822914 ], [ 18.166643724683595, -26.588222248049259 ], [ 18.166610572763183, -26.588139387440979 ], [ 18.166297388674749, -26.587704597053733 ], [ 18.165891412081898, -26.587140981288311 ], [ 18.165531867688102, -26.58664182485191 ] ] ] } },
{ "type": "Feature", "properties": { "Settlement": "BRUKHAROS EXTENSION 3", "Town": "KEETMANSHOOP", "Extension": null, "Region": null, "LA ARea": null, "Block_Code": null, "TOWN_1": "KEETMANSHOOP", "EXTENSIO_1": "EXT.3", "LA Area_1": null, "Set_Ext": null, "Id": null, "Constituen": null, "Upgrading_": null, "Area_sqm": null, "Area_Ha": null, "No_Structu": null, "No_HHs": null, "No_Taps": null, "No_Toilets": null, "OBJECTID": null, "layer": null, "path": null }, "geometry": { "type": "Polygon", "coordinates": [ [ [ 18.170271994027235, -26.587133106150151 ], [ 18.170415862820075, -26.587418884326599 ], [ 18.170477303865681, -26.587436855047688 ], [ 18.170400765125706, -26.587652315179074 ], [ 18.170387761912465, -26.587648511912665 ], [ 18.169069773526491, -26.588235184608312 ], [ 18.168520571109518, -26.588479648744872 ], [ 18.167775511931634, -26.588811292934082 ], [ 18.16788801886787, -26.589675491963281 ], [ 18.168074277767989, -26.591106187283085 ], [ 18.167729078488932, -26.591577167190668 ], [ 18.167653282529475, -26.591626685986398 ], [ 18.167250165889207, -26.591725616773715 ], [ 18.166440987713784, -26.59192420081099 ], [ 18.165747406420561, -26.59209441542589 ], [ 18.165696748312094, -26.59191925586633 ], [ 18.165691147324786, -26.591901875547787 ], [ 18.165691146941267, -26.591901874235234 ], [ 18.165590293342877, -26.591588914671465 ], [ 18.165517468580461, -26.591362931068488 ], [ 18.165416614982075, -26.591049970031108 ], [ 18.165335386428001, -26.59079790728175 ], [ 18.165234532829615, -26.590484944699483 ], [ 18.165167383269004, -26.590276569905921 ], [ 18.165055327259022, -26.589928843063703 ], [ 18.165007708744557, -26.589781075250919 ], [ 18.166137822055976, -26.589503595841229 ], [ 18.166180132458628, -26.589446808051012 ], [ 18.166135010831521, -26.589100215588484 ], [ 18.166073999569161, -26.588863128114141 ], [ 18.165955896195634, -26.587955934587775 ], [ 18.166023652989853, -26.587833735984567 ], [ 18.16611083217192, -26.587837688144059 ], [ 18.166279890863287, -26.587762435401238 ], [ 18.166297388674749, -26.587704597053751 ], [ 18.166297388674746, -26.587704597053751 ], [ 18.166297388674749, -26.587704597053744 ], [ 18.166297392211085, -26.587704601963225 ], [ 18.166610572763183, -26.588139387440979 ], [ 18.166643724683595, -26.588222248049259 ], [ 18.166655409432291, -26.588312002822914 ], [ 18.166853771817873, -26.588313856612636 ], [ 18.167125401799584, -26.588192947004039 ], [ 18.167340423953053, -26.588097234929634 ], [ 18.167662957183254, -26.587953666668021 ], [ 18.168061960101099, -26.587776059431647 ], [ 18.168259173955548, -26.587688273987716 ], [ 18.168802425371336, -26.587446457126156 ], [ 18.169555002908474, -26.587111462331283 ], [ 18.17007964270962, -26.586877928867548 ], [ 18.170146273424599, -26.586898699142761 ], [ 18.170146273424585, -26.586898699142747 ], [ 18.170146273424599, -26.586898699142747 ], [ 18.170271994027235, -26.587133106150151 ] ] ] } },
{ "type": "Feature", "properties": { "Settlement": "KRONLEIN EXTENSION 2", "Town": "KEETMANSHOOP", "Extension": null, "Region": null, "LA ARea": null, "Block_Code": null, "TOWN_1": "KEETMANSHOOP", "EXTENSIO_1": "EXT.2", "LA Area_1": null, "Set_Ext": null, "Id": null, "Constituen": null, "Upgrading_": null, "Area_sqm": null, "Area_Ha": null, "No_Structu": null, "No_HHs": null, "No_Taps": null, "No_Toilets": null, "OBJECTID": null, "layer": null, "path": null }, "geometry": { "type": "Polygon", "coordinates": [ [ [ 18.161353282956927, -26.571042268884295 ], [ 18.162125533051242, -26.57250566741882 ], [ 18.162513762782638, -26.573137887845721 ], [ 18.162658212155744, -26.57331145924859 ], [ 18.162925401987028, -26.573608493822874 ], [ 18.163179854687147, -26.573837347774553 ], [ 18.163416759114209, -26.574025204870409 ], [ 18.164216489788291, -26.574531863588827 ], [ 18.164875901886113, -26.574930165630295 ], [ 18.165564790526716, -26.575348217230886 ], [ 18.167000117567657, -26.576210839836715 ], [ 18.167159602139833, -26.576312963217777 ], [ 18.167507792621443, -26.576535922417069 ], [ 18.167942184707996, -26.576814078992598 ], [ 18.168226749832932, -26.576978770210175 ], [ 18.168738694554342, -26.577275059041309 ], [ 18.168664206213045, -26.577290010318027 ], [ 18.168531999396198, -26.577316546756716 ], [ 18.168453719516958, -26.577427933404802 ], [ 18.168437690904497, -26.577474597348569 ], [ 18.168423083281276, -26.577617907078821 ], [ 18.168437420471911, -26.577704886741703 ], [ 18.168475977215135, -26.577790200425468 ], [ 18.168492623437146, -26.577827035669781 ], [ 18.168752262473905, -26.578401540800609 ], [ 18.168472694260991, -26.578498916561184 ], [ 18.168342499243309, -26.578449492189467 ], [ 18.168101005380358, -26.578539368033439 ], [ 18.167987666718119, -26.578608858352023 ], [ 18.167829815704941, -26.578756109217007 ], [ 18.167785040230406, -26.578819974925498 ], [ 18.167743227332675, -26.578892424334864 ], [ 18.16749243887228, -26.579494092916189 ], [ 18.167332510888123, -26.579417038095787 ], [ 18.167249319368398, -26.579291664097529 ], [ 18.165606635096736, -26.578727817119034 ], [ 18.165542314167961, -26.578754147612589 ], [ 18.165241199665111, -26.579476550238006 ], [ 18.165270216350688, -26.579534918778752 ], [ 18.165200218164856, -26.579702853288737 ], [ 18.164938714117778, -26.579613522230574 ], [ 18.16396410796834, -26.579280239421585 ], [ 18.163156013374731, -26.579002863195157 ], [ 18.160554788111035, -26.578109995039931 ], [ 18.159138566766845, -26.577641276876104 ], [ 18.158795538867665, -26.577520277973292 ], [ 18.158722034803528, -26.577542836941198 ], [ 18.158833361057511, -26.57729072610001 ], [ 18.159102881238059, -26.57668463736622 ], [ 18.159288980274816, -26.576266144035664 ], [ 18.159465436928095, -26.575869332389601 ], [ 18.159691518569979, -26.575360921331804 ], [ 18.16040934410637, -26.573752155513951 ], [ 18.160532139991041, -26.573475256737755 ], [ 18.160887252085057, -26.573426063457028 ], [ 18.160789730074605, -26.572853747681187 ], [ 18.160986945474264, -26.572825545881564 ], [ 18.161273748977017, -26.572676481006187 ], [ 18.161379346811021, -26.572051413968996 ], [ 18.161459760914994, -26.571575416656351 ], [ 18.161353282956927, -26.571042268884295 ] ] ] } },
{ "type": "Feature", "properties": { "Settlement": "BRUKHAROS EXTENSION 1", "Town": "KEETMANSHOOP", "Extension": null, "Region": null, "LA ARea": null, "Block_Code": null, "TOWN_1": "KEETMANSHOOP", "EXTENSIO_1": "EXT.1", "LA Area_1": null, "Set_Ext": null, "Id": null, "Constituen": null, "Upgrading_": null, "Area_sqm": null, "Area_Ha": null, "No_Structu": null, "No_HHs": null, "No_Taps": null, "No_Toilets": null, "OBJECTID": null, "layer": null, "path": null }, "geometry": { "type": "Polygon", "coordinates": [ [ [ 18.155047222307402, -26.601112136120619 ], [ 18.154727365729997, -26.600860244072496 ], [ 18.154538958270937, -26.600711872201579 ], [ 18.154247713339309, -26.600482511615269 ], [ 18.154243139739567, -26.60042379510746 ], [ 18.154352148435017, -26.600360854925533 ], [ 18.154513253775455, -26.600266120478132 ], [ 18.154666021386912, -26.600169791652498 ], [ 18.154804943946314, -26.60011913656373 ], [ 18.154945017062367, -26.600069224170316 ], [ 18.155085585362421, -26.600024548912483 ], [ 18.155228209924658, -26.599982783170113 ], [ 18.155371502650286, -26.599942618346873 ], [ 18.155537029319873, -26.599896221633792 ], [ 18.155596123100203, -26.599917560910765 ], [ 18.155951047042674, -26.600547841582301 ], [ 18.155211340169394, -26.601130096573872 ], [ 18.155047222307402, -26.601112136120619 ] ] ] } },
{ "type": "Feature", "properties": { "Settlement": "BRUKHAROS PROPER", "Town": "KEETMANSHOOP", "Extension": null, "Region": null, "LA ARea": null, "Block_Code": null, "TOWN_1": "KEETMANSHOOP", "EXTENSIO_1": null, "LA Area_1": null, "Set_Ext": null, "Id": null, "Constituen": null, "Upgrading_": null, "Area_sqm": null, "Area_Ha": null, "No_Structu": null, "No_HHs": null, "No_Taps": null, "No_Toilets": null, "OBJECTID": null, "layer": null, "path": null }, "geometry": { "type": "Polygon", "coordinates": [ [ [ 18.159763991276115, -26.598722122678041 ], [ 18.159895224677793, -26.598024247517909 ], [ 18.160173238931129, -26.598068712522647 ], [ 18.16143029200968, -26.598195769316977 ], [ 18.162430232971548, -26.598799190346799 ], [ 18.158271506272605, -26.604472798240412 ], [ 18.154546688016747, -26.602241008616378 ], [ 18.154701975521036, -26.602051208572799 ], [ 18.154798303120891, -26.601919572337319 ], [ 18.154886049724031, -26.601783652112641 ], [ 18.154902960531675, -26.601661928847278 ], [ 18.154914773075756, -26.601484723905276 ], [ 18.15499992583748, -26.601339159482475 ], [ 18.154999925837526, -26.601339159482404 ], [ 18.155211340169394, -26.601130096573872 ], [ 18.155951047042674, -26.600547841582301 ], [ 18.155951047042677, -26.600547841582305 ], [ 18.157020610328662, -26.600184113918385 ], [ 18.157330335440687, -26.599937487156073 ], [ 18.157415607828209, -26.599866296839473 ], [ 18.15808699413671, -26.599294945520082 ], [ 18.159763991276115, -26.598722122678041 ] ] ] } },
{ "type": "Feature", "properties": { "Settlement": "ORUTJANDJA NORTH_17", "Town": "OPUWO", "Extension": "ORUTJANDJA NORTH", "Region": "KUNENE", "LA ARea": null, "Block_Code": null, "TOWN_1": null, "EXTENSIO_1": null, "LA Area_1": null, "Set_Ext": null, "Id": null, "Constituen": null, "Upgrading_": null, "Area_sqm": null, "Area_Ha": null, "No_Structu": null, "No_HHs": null, "No_Taps": null, "No_Toilets": null, "OBJECTID": null, "layer": null, "path": null }, "geometry": { "type": "Polygon", "coordinates": [ [ [ 13.864629143919045, -18.055129036716185 ], [ 13.864561533819973, -18.059679099161517 ], [ 13.864335933281954, -18.060455777037706 ], [ 13.863747410139286, -18.060690245155886 ], [ 13.863590470634577, -18.061791974680961 ], [ 13.862374189473066, -18.062211615911725 ], [ 13.861897765976622, -18.064448353371301 ], [ 13.864207018688798, -18.066020313818157 ], [ 13.864167783812618, -18.067860022542238 ], [ 13.86188095102969, -18.068286310010787 ], [ 13.859469407390334, -18.067796079332716 ], [ 13.859053237453733, -18.068620678519828 ], [ 13.859176547064573, -18.071109106229219 ], [ 13.856439914451178, -18.070336471849906 ], [ 13.85335577293449, -18.069112239036606 ], [ 13.849453304000379, -18.067189283758673 ], [ 13.855142361046154, -18.060618972209884 ], [ 13.853068517591048, -18.054272233605829 ], [ 13.853441248914731, -18.052153938601762 ], [ 13.85936886802007, -18.052750960649696 ], [ 13.859789241693402, -18.053014748825021 ], [ 13.860260060207535, -18.05344107231193 ], [ 13.860411394729933, -18.053579627222554 ], [ 13.861913529989309, -18.05398996227872 ], [ 13.862294668786468, -18.054101871673236 ], [ 13.862978476628424, -18.054155161836071 ], [ 13.863488530018731, -18.054485560484991 ], [ 13.863659481979221, -18.054724033317456 ], [ 13.864629143919045, -18.055129036716185 ] ] ] } },
{ "type": "Feature", "properties": { "Settlement": "OTJORUNGONDO", "Town": "OPUWO", "Extension": "OTJORUNGONDO", "Region": "KUNENE", "LA ARea": null, "Block_Code": null, "TOWN_1": null, "EXTENSIO_1": null, "LA Area_1": null, "Set_Ext": null, "Id": null, "Constituen": null, "Upgrading_": null, "Area_sqm": null, "Area_Ha": null, "No_Structu": null, "No_HHs": null, "No_Taps": null, "No_Toilets": null, "OBJECTID": null, "layer": null, "path": null }, "geometry": { "type": "Polygon", "coordinates": [ [ [ 13.86091584313793, -18.045982926662219 ], [ 13.866677764953753, -18.047965401391661 ], [ 13.865015887698512, -18.049155141959272 ], [ 13.864264820068824, -18.051707794442173 ], [ 13.864629143919045, -18.055129036716185 ], [ 13.863659481979221, -18.054724033317456 ], [ 13.863488530018731, -18.054485560484991 ], [ 13.862978476628424, -18.054155161836071 ], [ 13.862294668786468, -18.054101871673229 ], [ 13.862294668785951, -18.05410187167308 ], [ 13.861913529989309, -18.05398996227872 ], [ 13.860411394729933, -18.053579627222554 ], [ 13.860260060207535, -18.05344107231193 ], [ 13.859789241693402, -18.053014748825021 ], [ 13.85936886802007, -18.052750960649696 ], [ 13.86091584313793, -18.045982926662219 ] ] ] } },
{ "type": "Feature", "properties": { "Settlement": "ORUTJANDJA NORTH_19", "Town": "OPUWO", "Extension": "ORUTJANDJA NORTH", "Region": "KUNENE", "LA ARea": null, "Block_Code": null, "TOWN_1": null, "EXTENSIO_1": null, "LA Area_1": null, "Set_Ext": null, "Id": null, "Constituen": null, "Upgrading_": null, "Area_sqm": null, "Area_Ha": null, "No_Structu": null, "No_HHs": null, "No_Taps": null, "No_Toilets": null, "OBJECTID": null, "layer": null, "path": null }, "geometry": { "type": "Polygon", "coordinates": [ [ [ 13.858271692732732, -18.071262966635086 ], [ 13.856724717614867, -18.072318005786194 ], [ 13.853773694428073, -18.070530296828309 ], [ 13.85278021131343, -18.06998145853402 ], [ 13.852550407038674, -18.069906859021795 ], [ 13.852034748666052, -18.069581817920103 ], [ 13.851226229967672, -18.069256776216786 ], [ 13.849134170320051, -18.068544080212426 ], [ 13.848226163185652, -18.06824567953106 ], [ 13.847003787249134, -18.067818163125963 ], [ 13.846121080381613, -18.067363251720291 ], [ 13.845820279664082, -18.06728835506156 ], [ 13.845677041227162, -18.067172605617106 ], [ 13.845512317024701, -18.066975150506401 ], [ 13.845333268978552, -18.066614283695994 ], [ 13.843814941547191, -18.066355548545395 ], [ 13.843757646172428, -18.066410019135098 ], [ 13.843686026953963, -18.066444063245079 ], [ 13.843521302751508, -18.066444063245061 ], [ 13.842620830563153, -18.066453932635429 ], [ 13.841146019592545, -18.066515212013293 ], [ 13.839933179906639, -18.066518960263796 ], [ 13.839661026876492, -18.066580239619018 ], [ 13.839288606940498, -18.066607474881135 ], [ 13.838714858515104, -18.066616456155955 ], [ 13.838644796236215, -18.066584484327727 ], [ 13.838521486625368, -18.066592477285337 ], [ 13.83840097950568, -18.066573827050362 ], [ 13.838235804429129, -18.066559813169661 ], [ 13.837909142307881, -18.06653985697443 ], [ 13.837112534196915, -18.064576908291951 ], [ 13.837440831104223, -18.064564818503506 ], [ 13.837879498817289, -18.064428640567101 ], [ 13.8392653306945, -18.063836265315331 ], [ 13.839469445467111, -18.064292036968592 ], [ 13.839899160777872, -18.064133729861723 ], [ 13.840226818702332, -18.065044419332665 ], [ 13.842022670605221, -18.064521837353738 ], [ 13.842115775589217, -18.064504815113274 ], [ 13.84231989036183, -18.064849515160759 ], [ 13.842617110118439, -18.064389914947153 ], [ 13.842851663058898, -18.064619715204262 ], [ 13.843021758702744, -18.064762701879186 ], [ 13.84330644509612, -18.064241821288849 ], [ 13.845379883105801, -18.065342907164045 ], [ 13.849400056668443, -18.067393103362047 ], [ 13.851649055820781, -18.068528094474487 ], [ 13.853745319205135, -18.069572492961587 ], [ 13.858271692732732, -18.071262966635086 ] ] ] } },
{ "type": "Feature", "properties": { "Settlement": "OKATUO", "Town": "OPUWO", "Extension": "OKATUO", "Region": "KUNENE", "LA ARea": null, "Block_Code": null, "TOWN_1": null, "EXTENSIO_1": null, "LA Area_1": null, "Set_Ext": null, "Id": null, "Constituen": null, "Upgrading_": null, "Area_sqm": null, "Area_Ha": null, "No_Structu": null, "No_HHs": null, "No_Taps": null, "No_Toilets": null, "OBJECTID": null, "layer": null, "path": null }, "geometry": { "type": "Polygon", "coordinates": [ [ [ 13.833284280275809, -18.054421456704166 ], [ 13.831736430391919, -18.055530572122418 ], [ 13.831572006777879, -18.056168007099675 ], [ 13.832416803967254, -18.057046666322893 ], [ 13.832530199563147, -18.057197601207459 ], [ 13.832286399031984, -18.057731262795599 ], [ 13.831061726596378, -18.057386269630857 ], [ 13.828714437761466, -18.054108800789528 ], [ 13.829077303668313, -18.053451143429758 ], [ 13.831651383695004, -18.053612862680794 ], [ 13.83287605613061, -18.053310986625185 ], [ 13.833170884679923, -18.053160048402965 ], [ 13.833340978073755, -18.053321767921798 ], [ 13.833386336312113, -18.05359130012258 ], [ 13.833284280275809, -18.054421456704166 ] ] ] } },
{ "type": "Feature", "properties": { "Settlement": "NEW KATUTURA", "Town": "OPUWO", "Extension": "NEW KATUTURA", "Region": "KUNENE", "LA ARea": null, "Block_Code": null, "TOWN_1": null, "EXTENSIO_1": null, "LA Area_1": null, "Set_Ext": null, "Id": null, "Constituen": null, "Upgrading_": null, "Area_sqm": null, "Area_Ha": null, "No_Structu": null, "No_HHs": null, "No_Taps": null, "No_Toilets": null, "OBJECTID": null, "layer": null, "path": null }, "geometry": { "type": "Polygon", "coordinates": [ [ [ 13.827702382068148, -18.057918583019287 ], [ 13.826024127248974, -18.057598521365119 ], [ 13.825825684956172, -18.057970466643063 ], [ 13.825445809709937, -18.058676621453927 ], [ 13.824737087235631, -18.059355821113844 ], [ 13.824493286704467, -18.059571439504495 ], [ 13.824238146613716, -18.059479801720791 ], [ 13.823909299385635, -18.059398944813136 ], [ 13.822214035227089, -18.058568811742695 ], [ 13.821624378128464, -18.058256163206039 ], [ 13.821383412487197, -18.058110619731995 ], [ 13.820187088950567, -18.058194172481826 ], [ 13.819415998898522, -18.05790847581806 ], [ 13.81952939449441, -18.05756348300125 ], [ 13.820975188341999, -18.056895057491381 ], [ 13.821505312752784, -18.055281931425263 ], [ 13.821899362448496, -18.054450431254303 ], [ 13.823917804055329, -18.052989568915773 ], [ 13.824581168291282, -18.053769864977983 ], [ 13.824858987501212, -18.053904630786498 ], [ 13.825000731996079, -18.053973361309041 ], [ 13.825216183628264, -18.053849376817503 ], [ 13.825386277022103, -18.053294140847871 ], [ 13.82543730504025, -18.052490932312487 ], [ 13.825987273680315, -18.052431634892592 ], [ 13.826721510163702, -18.053787384538939 ], [ 13.827810107884236, -18.056164637999103 ], [ 13.828652070183722, -18.057903759123963 ], [ 13.828762630889713, -18.058128812672837 ], [ 13.828365746304101, -18.058333651580543 ], [ 13.827702382068148, -18.057918583019287 ] ] ] } },
{ "type": "Feature", "properties": { "Settlement": "OLD KATUTURA", "Town": "OPUWO", "Extension": "OLD KATUTURA", "Region": "KUNENE", "LA ARea": null, "Block_Code": null, "TOWN_1": null, "EXTENSIO_1": null, "LA Area_1": null, "Set_Ext": null, "Id": null, "Constituen": null, "Upgrading_": null, "Area_sqm": null, "Area_Ha": null, "No_Structu": null, "No_HHs": null, "No_Taps": null, "No_Toilets": null, "OBJECTID": null, "layer": null, "path": null }, "geometry": { "type": "Polygon", "coordinates": [ [ [ 13.830202754957497, -18.061193959407468 ], [ 13.82953372094175, -18.062034860837674 ], [ 13.828501821019159, -18.063554941670773 ], [ 13.828331727625324, -18.06423412247262 ], [ 13.828309048506144, -18.064721945158343 ], [ 13.828399764982858, -18.065584390790772 ], [ 13.828864686926003, -18.067991130736424 ], [ 13.829522381382162, -18.070904508649331 ], [ 13.830146057159556, -18.073192594879895 ], [ 13.830248113195855, -18.073990318758295 ], [ 13.829420325345865, -18.074906618740329 ], [ 13.827367865060259, -18.074281379270882 ], [ 13.82452163560343, -18.0760924116178 ], [ 13.821822820421264, -18.072707490749224 ], [ 13.820501761729149, -18.069424917580932 ], [ 13.820252291418194, -18.068045032709229 ], [ 13.821318210019557, -18.065716452404377 ], [ 13.820762571599696, -18.063883751751931 ], [ 13.818681762415125, -18.060479729070291 ], [ 13.81785397456513, -18.057870742261724 ], [ 13.819415998898522, -18.05790847581806 ], [ 13.820187088950567, -18.058194172481826 ], [ 13.821383412487197, -18.058110619731995 ], [ 13.821624378128464, -18.058256163206039 ], [ 13.822214035227089, -18.058568811742695 ], [ 13.823909299385635, -18.059398944813136 ], [ 13.824238146613716, -18.059479801720791 ], [ 13.824493286704465, -18.059571439504495 ], [ 13.824493286704465, -18.059571439504495 ], [ 13.824493286704467, -18.059571439504495 ], [ 13.824737087235631, -18.059355821113844 ], [ 13.825445809709937, -18.058676621453927 ], [ 13.825825684956172, -18.057970466643063 ], [ 13.826024127248974, -18.057598521365119 ], [ 13.827702382068148, -18.057918583019287 ], [ 13.828365746304101, -18.058333651580543 ], [ 13.828762630889713, -18.058128812672837 ], [ 13.830202754957497, -18.061193959407468 ] ] ] } },
{ "type": "Feature", "properties": { "Settlement": "OTUZEMBA RECEPTION", "Town": "OPUWO", "Extension": "OTUZEMBA RECEPTION", "Region": "KUNENE", "LA ARea": null, "Block_Code": null, "TOWN_1": null, "EXTENSIO_1": null, "LA Area_1": null, "Set_Ext": null, "Id": null, "Constituen": null, "Upgrading_": null, "Area_sqm": null, "Area_Ha": null, "No_Structu": null, "No_HHs": null, "No_Taps": null, "No_Toilets": null, "OBJECTID": null, "layer": null, "path": null }, "geometry": { "type": "Polygon", "coordinates": [ [ [ 13.847891561868112, -18.043824159450143 ], [ 13.846621531194145, -18.043285064690444 ], [ 13.844370628615744, -18.04247641945275 ], [ 13.842329507889735, -18.041678552507971 ], [ 13.841671813433569, -18.041209534439282 ], [ 13.84040178275961, -18.040519482593563 ], [ 13.841036798096589, -18.038309142054413 ], [ 13.844302591258206, -18.038503221848032 ], [ 13.8455386032534, -18.037597514312811 ], [ 13.846817138597055, -18.037263263925578 ], [ 13.847358602567427, -18.037241699362653 ], [ 13.848107013500295, -18.037047618177468 ], [ 13.848537916764675, -18.036918230601746 ], [ 13.848277106894132, -18.035729477797119 ], [ 13.849138913422887, -18.035621654016243 ], [ 13.850148134226306, -18.034209156384851 ], [ 13.850077261978877, -18.033678119037571 ], [ 13.851846233274751, -18.03387220393914 ], [ 13.852852619188269, -18.03407707110302 ], [ 13.854247385017713, -18.034972014338166 ], [ 13.853385578488952, -18.035826519143431 ], [ 13.851208383047874, -18.038425050845802 ], [ 13.84988165457597, -18.040290363218073 ], [ 13.847891561868112, -18.043824159450143 ] ] ] } },
{ "type": "Feature", "properties": { "Settlement": "OTUZEMBA VIP", "Town": "OPUWO", "Extension": "OTUZEMBA VIP", "Region": "KUNENE", "LA ARea": null, "Block_Code": null, "TOWN_1": null, "EXTENSIO_1": null, "LA Area_1": null, "Set_Ext": null, "Id": null, "Constituen": null, "Upgrading_": null, "Area_sqm": null, "Area_Ha": null, "No_Structu": null, "No_HHs": null, "No_Taps": null, "No_Toilets": null, "OBJECTID": null, "layer": null, "path": null }, "geometry": { "type": "Polygon", "coordinates": [ [ [ 13.840179827780327, -18.048669128674341 ], [ 13.838280451549183, -18.046693392741926 ], [ 13.840417958531699, -18.04533489294613 ], [ 13.841404500215933, -18.045302547585003 ], [ 13.841608612288535, -18.045445406218473 ], [ 13.842549795734419, -18.045995276102087 ], [ 13.842583814413187, -18.046307946445612 ], [ 13.840179827780327, -18.048669128674341 ] ] ] } },
{ "type": "Feature", "properties": { "Settlement": "OSHAKATI EXTENSION 13 (POHAMBA LOCATION)", "Town": "OSHAKATI", "Extension": "EXT.13", "Region": "OSHANA", "LA ARea": null, "Block_Code": null, "TOWN_1": null, "EXTENSIO_1": null, "LA Area_1": null, "Set_Ext": null, "Id": null, "Constituen": null, "Upgrading_": null, "Area_sqm": null, "Area_Ha": null, "No_Structu": null, "No_HHs": null, "No_Taps": null, "No_Toilets": null, "OBJECTID": null, "layer": null, "path": null }, "geometry": { "type": "Polygon", "coordinates": [ [ [ 15.716409844576861, -17.796198317877334 ], [ 15.716244379850711, -17.796746307245115 ], [ 15.718882223311018, -17.797193830647451 ], [ 15.719726333218317, -17.797486090222893 ], [ 15.720412172517992, -17.797554588491661 ], [ 15.720426560755053, -17.797170997847971 ], [ 15.719783886166542, -17.796892437459032 ], [ 15.719803070482618, -17.796700641528723 ], [ 15.721491290297212, -17.797486090222893 ], [ 15.721467309902117, -17.797623086734145 ], [ 15.7227670473162, -17.797677885309199 ], [ 15.722709494367976, -17.801143860993392 ], [ 15.718604050727929, -17.800321896564451 ], [ 15.715227611098737, -17.799700854262735 ], [ 15.715985391583697, -17.796810239228428 ], [ 15.7161124876777, -17.796225717385678 ], [ 15.716409844576861, -17.796198317877334 ] ] ] } },
{ "type": "Feature", "properties": { "Settlement": "OSHAKATI EXTENSION 11(EVULULUKO)", "Town": "OSHAKATI", "Extension": "EXT.11", "Region": "OSHANA", "LA ARea": null, "Block_Code": null, "TOWN_1": null, "EXTENSIO_1": null, "LA Area_1": null, "Set_Ext": null, "Id": null, "Constituen": null, "Upgrading_": null, "Area_sqm": null, "Area_Ha": null, "No_Structu": null, "No_HHs": null, "No_Taps": null, "No_Toilets": null, "OBJECTID": null, "layer": null, "path": null }, "geometry": { "type": "Polygon", "coordinates": [ [ [ 15.722946900279361, -17.797663614848549 ], [ 15.722409739429269, -17.794215838123005 ], [ 15.722045237423842, -17.790471157502342 ], [ 15.722716688486466, -17.789740478955586 ], [ 15.723253849336562, -17.790087551638099 ], [ 15.723273033652637, -17.790434623646007 ], [ 15.724213065140301, -17.791548902901074 ], [ 15.724865331886846, -17.791000897579046 ], [ 15.725287386840495, -17.791421035143049 ], [ 15.72511472799582, -17.793996639470461 ], [ 15.724884516202922, -17.795841553061823 ], [ 15.725037990731519, -17.797284590996508 ], [ 15.723992445505441, -17.797403321446378 ], [ 15.723062006175811, -17.797522051817268 ], [ 15.722946900279361, -17.797663614848549 ] ] ] } },
{ "type": "Feature", "properties": { "Settlement": "OSHAKATI EXTENSION 12 (EVULULUKO)", "Town": "OSHAKATI", "Extension": "EXT.12", "Region": "OSHANA", "LA ARea": null, "Block_Code": null, "TOWN_1": null, "EXTENSIO_1": null, "LA Area_1": null, "Set_Ext": null, "Id": null, "Constituen": null, "Upgrading_": null, "Area_sqm": null, "Area_Ha": null, "No_Structu": null, "No_HHs": null, "No_Taps": null, "No_Toilets": null, "OBJECTID": null, "layer": null, "path": null }, "geometry": { "type": "Polygon", "coordinates": [ [ [ 15.724865331886846, -17.791000897579039 ], [ 15.725680665320031, -17.790160619485309 ], [ 15.725105135837781, -17.78913766690367 ], [ 15.725249018208345, -17.788516585691504 ], [ 15.725786179058437, -17.788452650738208 ], [ 15.725910877112925, -17.787457089226585 ], [ 15.727512767505178, -17.787813299946361 ], [ 15.728260955832097, -17.78803250619 ], [ 15.728069112671346, -17.788580520621892 ], [ 15.728030744039197, -17.78885452720721 ], [ 15.728069112671346, -17.789640010421575 ], [ 15.728567904889294, -17.79185030511125 ], [ 15.728347285254427, -17.795430559110525 ], [ 15.727503175347135, -17.795878085811715 ], [ 15.727196226289941, -17.796243412899248 ], [ 15.726754987020218, -17.797120194858614 ], [ 15.725037990731519, -17.797284590996508 ], [ 15.724884516202922, -17.795841553061823 ], [ 15.72511472799582, -17.793996639470461 ], [ 15.725287386840495, -17.791421035143049 ], [ 15.724865331886846, -17.791000897579039 ] ] ] } },
{ "type": "Feature", "properties": { "Settlement": "EVULULUKO PHASE 3", "Town": "OSHAKATI", "Extension": null, "Region": "OSHANA", "LA ARea": null, "Block_Code": null, "TOWN_1": null, "EXTENSIO_1": null, "LA Area_1": null, "Set_Ext": null, "Id": null, "Constituen": null, "Upgrading_": null, "Area_sqm": null, "Area_Ha": null, "No_Structu": null, "No_HHs": null, "No_Taps": null, "No_Toilets": null, "OBJECTID": null, "layer": null, "path": null }, "geometry": { "type": "Polygon", "coordinates": [ [ [ 15.725910877112925, -17.787457089226585 ], [ 15.725786179058437, -17.788452650738208 ], [ 15.725249018208345, -17.788516585691504 ], [ 15.725105135837781, -17.78913766690367 ], [ 15.725680665320031, -17.790160619485309 ], [ 15.724865331886846, -17.791000897579039 ], [ 15.724213065140301, -17.791548902901074 ], [ 15.723273033652637, -17.790434623645996 ], [ 15.723253849336562, -17.790087551638099 ], [ 15.722716688486466, -17.789740478955586 ], [ 15.722045237423842, -17.790471157502342 ], [ 15.721124390252253, -17.790982630706019 ], [ 15.719915778339541, -17.79226130730515 ], [ 15.719436170437667, -17.793393841788191 ], [ 15.719819856759164, -17.795384893057516 ], [ 15.721527260889825, -17.795457958736705 ], [ 15.721491290297212, -17.797486090222893 ], [ 15.719803070482618, -17.796700641528723 ], [ 15.719783886166542, -17.796892437459032 ], [ 15.720426560755053, -17.797170997847971 ], [ 15.720412172517992, -17.797554588491661 ], [ 15.719726333218317, -17.797486090222893 ], [ 15.718882223311018, -17.797193830647451 ], [ 15.716244379850711, -17.796746307245115 ], [ 15.716409844576861, -17.796198317877334 ], [ 15.715412260140964, -17.793915010736796 ], [ 15.716324114664403, -17.791640807795599 ], [ 15.715249792964208, -17.790142923368801 ], [ 15.710947710084426, -17.790015054603916 ], [ 15.710564023762926, -17.788480622283082 ], [ 15.710640761027229, -17.786051077477701 ], [ 15.711024447348723, -17.785302113391893 ], [ 15.718966754203707, -17.786434692012683 ], [ 15.718947569887632, -17.788919032863031 ], [ 15.721710111402414, -17.788937299947168 ], [ 15.721595005505964, -17.786800038422804 ], [ 15.725910877112925, -17.787457089226585 ] ] ] } },
{ "type": "Feature", "properties": { "Settlement": "OKANDJENGEDI NORTH", "Town": "OSHAKATI", "Extension": null, "Region": "OSHANA", "LA ARea": null, "Block_Code": null, "TOWN_1": null, "EXTENSIO_1": null, "LA Area_1": null, "Set_Ext": null, "Id": null, "Constituen": null, "Upgrading_": null, "Area_sqm": null, "Area_Ha": null, "No_Structu": null, "No_HHs": null, "No_Taps": null, "No_Toilets": null, "OBJECTID": null, "layer": null, "path": null }, "geometry": { "type": "Polygon", "coordinates": [ [ [ 15.727504820150244, -17.785369007917897 ], [ 15.726421013087217, -17.785087022101678 ], [ 15.725431848331095, -17.781784557139854 ], [ 15.724454895485545, -17.780633331411963 ], [ 15.727254475983571, -17.780598445668041 ], [ 15.727254475983571, -17.78161012947611 ], [ 15.727059085414467, -17.78161012947611 ], [ 15.72719341643073, -17.782447380708888 ], [ 15.727620833300657, -17.782528779925027 ], [ 15.727596409479515, -17.782851469309673 ], [ 15.728194793097419, -17.782839840873503 ], [ 15.728353547934821, -17.783304977729884 ], [ 15.72836575984539, -17.783653829577354 ], [ 15.729025203016139, -17.783618944423274 ], [ 15.729012991105566, -17.783223578867457 ], [ 15.730148698788518, -17.783235207278647 ], [ 15.730686022853574, -17.78380499849969 ], [ 15.731259982650338, -17.783781741750744 ], [ 15.731296618382046, -17.783479403738792 ], [ 15.732884166756067, -17.783584059262367 ], [ 15.733470338463396, -17.783270092507678 ], [ 15.733958814886174, -17.784188734420287 ], [ 15.734642681878059, -17.784618982805483 ], [ 15.734813648626034, -17.784921318888596 ], [ 15.735167794032543, -17.785456219935874 ], [ 15.731992697284504, -17.787293476549625 ], [ 15.730631069256011, -17.787810928323953 ], [ 15.728530620638075, -17.787764415866231 ], [ 15.727578091613662, -17.787276034328869 ], [ 15.727504820150244, -17.785369007917897 ] ] ] } },
{ "type": "Feature", "properties": { "Settlement": "OKANDJENGEDI NORTH EXTENSION 1", "Town": "OSHAKATI", "Extension": "EXT.1", "Region": "OSHANA", "LA ARea": null, "Block_Code": null, "TOWN_1": null, "EXTENSIO_1": null, "LA Area_1": null, "Set_Ext": null, "Id": null, "Constituen": null, "Upgrading_": null, "Area_sqm": null, "Area_Ha": null, "No_Structu": null, "No_HHs": null, "No_Taps": null, "No_Toilets": null, "OBJECTID": null, "layer": null, "path": null }, "geometry": { "type": "Polygon", "coordinates": [ [ [ 15.727584892252388, -17.787834431399876 ], [ 15.727578091613662, -17.787276034328869 ], [ 15.728530620638075, -17.787764415866231 ], [ 15.730631069256011, -17.787810928323953 ], [ 15.731992697284504, -17.787293476549625 ], [ 15.735167794032543, -17.785456219935874 ], [ 15.734642681878059, -17.784618982805483 ], [ 15.733958814886174, -17.784188734420287 ], [ 15.733470338463396, -17.783270092507678 ], [ 15.732884166756067, -17.783584059262367 ], [ 15.731296618382046, -17.783479403738792 ], [ 15.731259982650338, -17.783781741750744 ], [ 15.730686022853574, -17.78380499849969 ], [ 15.730148698788518, -17.783235207278647 ], [ 15.729012991105566, -17.783223578867457 ], [ 15.729025203016139, -17.783618944423274 ], [ 15.72836575984539, -17.783653829577354 ], [ 15.728353547934821, -17.783304977729884 ], [ 15.728194793097419, -17.782839840873489 ], [ 15.727596409479515, -17.782851469309669 ], [ 15.727620833300657, -17.782528779925027 ], [ 15.72719341643073, -17.782447380708877 ], [ 15.727059085414467, -17.78161012947611 ], [ 15.727254475983571, -17.78161012947611 ], [ 15.727254475983571, -17.780598445668041 ], [ 15.736047272494003, -17.781116964709053 ], [ 15.736035065672599, -17.785295636934279 ], [ 15.734716728961006, -17.786097651854391 ], [ 15.732040383368259, -17.78769004761574 ], [ 15.730526737514205, -17.788108485022153 ], [ 15.729611225908933, -17.788201470979317 ], [ 15.728260955832097, -17.78803250619 ], [ 15.727584892252388, -17.787834431399876 ] ] ] } },
{ "type": "Feature", "properties": { "Settlement": "OKANDJENGEDI SOUTH EXTENSION 1", "Town": "OSHAKATI", "Extension": "EXT.1", "Region": "OSHANA", "LA ARea": null, "Block_Code": null, "TOWN_1": null, "EXTENSIO_1": null, "LA Area_1": null, "Set_Ext": null, "Id": null, "Constituen": null, "Upgrading_": null, "Area_sqm": null, "Area_Ha": null, "No_Structu": null, "No_HHs": null, "No_Taps": null, "No_Toilets": null, "OBJECTID": null, "layer": null, "path": null }, "geometry": { "type": "Polygon", "coordinates": [ [ [ 15.736071686136812, -17.793318529782685 ], [ 15.736169340708038, -17.799246114710684 ], [ 15.73250729428695, -17.799246114710691 ], [ 15.732495087465546, -17.796654273362673 ], [ 15.732397432894313, -17.796572914504804 ], [ 15.732397432894313, -17.796235855984317 ], [ 15.73227536468028, -17.795956910520502 ], [ 15.73210446918063, -17.795701210129071 ], [ 15.731689437252903, -17.795340904410342 ], [ 15.731933573680978, -17.794922483953346 ], [ 15.732665982965196, -17.794562176662819 ], [ 15.733166462642746, -17.79410888581274 ], [ 15.733227496749763, -17.79330690687377 ], [ 15.736096099779619, -17.793248792317915 ], [ 15.736071686136812, -17.793318529782685 ] ] ] } },
{ "type": "Feature", "properties": { "Settlement": "OKANDJENGEDI SOUTH EXTENSION 2", "Town": "OSHAKATI", "Extension": "EXT.2", "Region": "OSHANA", "LA ARea": null, "Block_Code": null, "TOWN_1": null, "EXTENSIO_1": null, "LA Area_1": null, "Set_Ext": null, "Id": null, "Constituen": null, "Upgrading_": null, "Area_sqm": null, "Area_Ha": null, "No_Structu": null, "No_HHs": null, "No_Taps": null, "No_Toilets": null, "OBJECTID": null, "layer": null, "path": null }, "geometry": { "type": "Polygon", "coordinates": [ [ [ 15.733227496749763, -17.793306906873767 ], [ 15.733166462642746, -17.79410888581274 ], [ 15.732665982965196, -17.794562176662819 ], [ 15.731933573680978, -17.794922483953336 ], [ 15.731689437252903, -17.795340904410342 ], [ 15.730979044049153, -17.795766469135586 ], [ 15.730577912908798, -17.795812764621537 ], [ 15.730310492148563, -17.795546565413353 ], [ 15.72995798296461, -17.79555813930023 ], [ 15.729933671986407, -17.795835912360008 ], [ 15.729386674976835, -17.796322014174471 ], [ 15.72935020850953, -17.796715524197548 ], [ 15.729107098727493, -17.796727098008621 ], [ 15.729155720683899, -17.79717847605518 ], [ 15.726754987020218, -17.797120194858614 ], [ 15.727196226289941, -17.796243412899248 ], [ 15.727503175347135, -17.795878085811715 ], [ 15.728347285254427, -17.795430559110528 ], [ 15.728472354237152, -17.793400929859416 ], [ 15.733227496749763, -17.793306906873767 ] ] ] } },
{ "type": "Feature", "properties": { "Settlement": "UUPINDI NORTH PHASE 2", "Town": "OSHAKATI", "Extension": null, "Region": "OSHANA", "LA ARea": null, "Block_Code": null, "TOWN_1": null, "EXTENSIO_1": null, "LA Area_1": null, "Set_Ext": null, "Id": null, "Constituen": null, "Upgrading_": null, "Area_sqm": null, "Area_Ha": null, "No_Structu": null, "No_HHs": null, "No_Taps": null, "No_Toilets": null, "OBJECTID": null, "layer": null, "path": null }, "geometry": { "type": "Polygon", "coordinates": [ [ [ 15.686323775855753, -17.772664333064736 ], [ 15.686098406517273, -17.772553193836035 ], [ 15.684976159199126, -17.772569618356943 ], [ 15.684989957321891, -17.773485009269532 ], [ 15.684474827405367, -17.774189068707745 ], [ 15.684474827405367, -17.776412914751873 ], [ 15.684497824276638, -17.777208937604879 ], [ 15.683950498740327, -17.777546178679597 ], [ 15.683357179461478, -17.777322811285693 ], [ 15.683182403239794, -17.777484862167899 ], [ 15.682602882083707, -17.777441064646652 ], [ 15.681140281070711, -17.778255696784647 ], [ 15.680937908603509, -17.777953494973218 ], [ 15.680661946148227, -17.778242557586083 ], [ 15.680197409348505, -17.778251317051907 ], [ 15.680326191827632, -17.778049849229461 ], [ 15.679532799768705, -17.776098665414171 ], [ 15.682867346103357, -17.774260240969383 ], [ 15.681308158231019, -17.773001035232333 ], [ 15.68229242432152, -17.770462887490979 ], [ 15.686487053641795, -17.767257849625615 ], [ 15.687650695328236, -17.767875428865818 ], [ 15.688662557664266, -17.768601410245012 ], [ 15.688129030250721, -17.768986847124658 ], [ 15.688478582694078, -17.769420462621056 ], [ 15.687057376049379, -17.770202281843343 ], [ 15.687305742259127, -17.770508876683479 ], [ 15.687268947265089, -17.770613994793347 ], [ 15.687958853403298, -17.771472457043618 ], [ 15.687397729744225, -17.771787809487961 ], [ 15.687278146013602, -17.771708971429021 ], [ 15.686753817348569, -17.772237842741955 ], [ 15.686956189815776, -17.772791349241473 ], [ 15.686818208588138, -17.77311326914726 ], [ 15.686744618600059, -17.773091369852324 ], [ 15.686454858022017, -17.772861427093467 ], [ 15.686323775855753, -17.772664333064736 ] ] ] } },
{ "type": "Feature", "properties": { "Settlement": "UUPINDI NORTH", "Town": "OSHAKATI", "Extension": null, "Region": "OSHANA", "LA ARea": null, "Block_Code": null, "TOWN_1": null, "EXTENSIO_1": null, "LA Area_1": null, "Set_Ext": null, "Id": null, "Constituen": null, "Upgrading_": null, "Area_sqm": null, "Area_Ha": null, "No_Structu": null, "No_HHs": null, "No_Taps": null, "No_Toilets": null, "OBJECTID": null, "layer": null, "path": null }, "geometry": { "type": "Polygon", "coordinates": [ [ [ 15.686818208588138, -17.77311326914726 ], [ 15.686086908081615, -17.777947472830466 ], [ 15.686201892437987, -17.77916503647138 ], [ 15.685866138117394, -17.779226352406543 ], [ 15.685889134988667, -17.778551875962609 ], [ 15.685419998814691, -17.778586913762645 ], [ 15.685452194434474, -17.779134378495929 ], [ 15.684914067646675, -17.77911685965044 ], [ 15.684904868898164, -17.779436578310186 ], [ 15.682361414935322, -17.779852649681914 ], [ 15.68224643057895, -17.779024885683445 ], [ 15.680977003284651, -17.779243871241299 ], [ 15.681032195775709, -17.779734397916908 ], [ 15.680489469613654, -17.7797431573096 ], [ 15.680507867110677, -17.78009353266479 ], [ 15.678086296565583, -17.780503032990374 ], [ 15.678514038371267, -17.779364313183706 ], [ 15.680197409348505, -17.778251317051907 ], [ 15.680661946148227, -17.778242557586083 ], [ 15.680937908603509, -17.777953494973218 ], [ 15.681140281070711, -17.778255696784647 ], [ 15.682602882083707, -17.777441064646652 ], [ 15.683182403239794, -17.777484862167899 ], [ 15.683357179461478, -17.777322811285693 ], [ 15.683950498740327, -17.777546178679597 ], [ 15.684497824276638, -17.777208937604879 ], [ 15.684474827405367, -17.776412914751873 ], [ 15.684474827405367, -17.774189068707745 ], [ 15.684989957321891, -17.773485009269532 ], [ 15.684976159199126, -17.772569618356943 ], [ 15.686098406517273, -17.772553193836035 ], [ 15.686323775855753, -17.772664333064736 ], [ 15.686454858022017, -17.772861427093467 ], [ 15.686744618600059, -17.773091369852324 ], [ 15.686818208588138, -17.77311326914726 ] ] ] } },
{ "type": "Feature", "properties": { "Settlement": "UUPINDI SOUTH", "Town": "OSHAKATI", "Extension": null, "Region": "OSHANA", "LA ARea": null, "Block_Code": null, "TOWN_1": null, "EXTENSIO_1": null, "LA Area_1": null, "Set_Ext": null, "Id": null, "Constituen": null, "Upgrading_": null, "Area_sqm": null, "Area_Ha": null, "No_Structu": null, "No_HHs": null, "No_Taps": null, "No_Toilets": null, "OBJECTID": null, "layer": null, "path": null }, "geometry": { "type": "Polygon", "coordinates": [ [ [ 15.685309613832583, -17.779490229673044 ], [ 15.685263620090037, -17.78005959008231 ], [ 15.685919030921333, -17.780063969770715 ], [ 15.685946627166858, -17.7793675979628 ], [ 15.686342173352763, -17.779409205159638 ], [ 15.686694025483234, -17.781005600288985 ], [ 15.686921694508845, -17.782185916184989 ], [ 15.686963088877139, -17.782448146719137 ], [ 15.690546001421545, -17.786711665568205 ], [ 15.690591995164095, -17.786908744101876 ], [ 15.687832370611275, -17.787079545321795 ], [ 15.686335274291373, -17.784485210472518 ], [ 15.684900269523906, -17.782177156912095 ], [ 15.684904868898164, -17.780461426048262 ], [ 15.684628906442883, -17.779643519192486 ], [ 15.685309613832583, -17.779490229673044 ] ] ] } },
{ "type": "Feature", "properties": { "Settlement": "UUPINDI SOUTH PHASE 2", "Town": "OSHAKATI", "Extension": null, "Region": "OSHANA", "LA ARea": null, "Block_Code": null, "TOWN_1": null, "EXTENSIO_1": null, "LA Area_1": null, "Set_Ext": null, "Id": null, "Constituen": null, "Upgrading_": null, "Area_sqm": null, "Area_Ha": null, "No_Structu": null, "No_HHs": null, "No_Taps": null, "No_Toilets": null, "OBJECTID": null, "layer": null, "path": null }, "geometry": { "type": "Polygon", "coordinates": [ [ [ 15.687832370611275, -17.787079545321795 ], [ 15.690591995164095, -17.786908744101876 ], [ 15.691286500676553, -17.788946304416072 ], [ 15.69264791545594, -17.788683535987566 ], [ 15.69266631295296, -17.789244108167619 ], [ 15.692758300438054, -17.789541911422507 ], [ 15.692942275408239, -17.789962338701553 ], [ 15.69373336778005, -17.789962338701542 ], [ 15.693843752762161, -17.790312694011256 ], [ 15.693843752762161, -17.791118508614691 ], [ 15.692758300438054, -17.790785672588886 ], [ 15.689759508423991, -17.793535930604282 ], [ 15.688140528686343, -17.790190069731047 ], [ 15.686907896386082, -17.787474796236424 ], [ 15.68744142379963, -17.787212025642731 ], [ 15.686024816529184, -17.784584298442081 ], [ 15.680597554908644, -17.78579305775596 ], [ 15.678408252763417, -17.784356560264268 ], [ 15.678297867781303, -17.783817870726477 ], [ 15.677322800439306, -17.781014907077473 ], [ 15.684628906442883, -17.779643519192486 ], [ 15.684904868898164, -17.780461426048262 ], [ 15.684900269523906, -17.782177156912095 ], [ 15.686335274291373, -17.784485210472518 ], [ 15.687832370611275, -17.787079545321795 ] ] ] } },
{ "type": "Feature", "properties": { "Settlement": "BLOCK F BURGERSHOEK", "Town": "REHOBOTH", "Extension": "BLOCK F EXT.3,4,5,6,7,8", "Region": "HARDAP", "LA ARea": null, "Block_Code": null, "TOWN_1": null, "EXTENSIO_1": null, "LA Area_1": null, "Set_Ext": null, "Id": null, "Constituen": null, "Upgrading_": null, "Area_sqm": null, "Area_Ha": null, "No_Structu": null, "No_HHs": null, "No_Taps": null, "No_Toilets": null, "OBJECTID": null, "layer": null, "path": null }, "geometry": { "type": "Polygon", "coordinates": [ [ [ 17.085986887003589, -23.291219952538331 ], [ 17.088271726546573, -23.288985017301826 ], [ 17.099339103540675, -23.295681534174218 ], [ 17.095793151262917, -23.300647150418275 ], [ 17.09561511181801, -23.300423674416319 ], [ 17.095262000252273, -23.300066657097677 ], [ 17.095210072080842, -23.299990347928215 ], [ 17.09505873855267, -23.299859532107288 ], [ 17.094808370583266, -23.299633329446728 ], [ 17.094717867198778, -23.299572009382139 ], [ 17.094648135082853, -23.299550206685666 ], [ 17.094541311415909, -23.299521590641177 ], [ 17.094447840707332, -23.299518865303291 ], [ 17.094171879567721, -23.299535217329804 ], [ 17.093970472445669, -23.299520227972227 ], [ 17.093835459199944, -23.299449369168148 ], [ 17.093696365883613, -23.2992967500773 ], [ 17.093680045601161, -23.299170021592019 ], [ 17.093546516017479, -23.298969708578785 ], [ 17.093319515725227, -23.298750317789679 ], [ 17.093230496002775, -23.298687634640647 ], [ 17.093096966419093, -23.298554092181146 ], [ 17.093058391206025, -23.29849140893964 ], [ 17.092975306131738, -23.298333338025593 ], [ 17.092782430066421, -23.297998118051996 ], [ 17.092527240195384, -23.297583861308116 ], [ 17.092424125683539, -23.297433965458008 ], [ 17.092367746525991, -23.297327675571065 ], [ 17.092198609053327, -23.297068763952669 ], [ 17.092133327923523, -23.296918867522269 ], [ 17.092082883414136, -23.296758069345572 ], [ 17.092047275525154, -23.296643602728505 ], [ 17.091984961719433, -23.296564566197336 ], [ 17.091907811293307, -23.296461001016482 ], [ 17.085986887003589, -23.291219952538331 ] ] ] } },
{ "type": "Feature", "properties": { "Settlement": "BLOCK F VOLSTRUISVLAKTE", "Town": "REHOBOTH", "Extension": "BLOCK F EXT.3,4,5,6,7,8", "Region": "HARDAP", "LA ARea": null, "Block_Code": null, "TOWN_1": null, "EXTENSIO_1": null, "LA Area_1": null, "Set_Ext": null, "Id": null, "Constituen": null, "Upgrading_": null, "Area_sqm": null, "Area_Ha": null, "No_Structu": null, "No_HHs": null, "No_Taps": null, "No_Toilets": null, "OBJECTID": null, "layer": null, "path": null }, "geometry": { "type": "Polygon", "coordinates": [ [ [ 17.095793151262917, -23.300647150418275 ], [ 17.094700992927216, -23.302077138972944 ], [ 17.093954580191021, -23.303803020387807 ], [ 17.093691758805047, -23.303846468861728 ], [ 17.092955858924295, -23.303952676182714 ], [ 17.091147647788738, -23.30369681294734 ], [ 17.090495850751498, -23.302640768442757 ], [ 17.090348670775352, -23.302153174779523 ], [ 17.089748123908382, -23.301135739672294 ], [ 17.089522097516436, -23.300580552346453 ], [ 17.088434016978461, -23.29870496759381 ], [ 17.089966265658738, -23.297898723551171 ], [ 17.090045112074534, -23.297741819202514 ], [ 17.091368880108174, -23.295983980844191 ], [ 17.091907811293307, -23.296461001016482 ], [ 17.091984961719433, -23.296564566197336 ], [ 17.092047275525154, -23.296643602728505 ], [ 17.092082883414136, -23.296758069345572 ], [ 17.092133327923523, -23.296918867522269 ], [ 17.092198609053327, -23.297068763952669 ], [ 17.092367746525991, -23.297327675571065 ], [ 17.092424125683539, -23.297433965457998 ], [ 17.092527240195384, -23.297583861308116 ], [ 17.092782430066421, -23.297998118051996 ], [ 17.092959672216232, -23.298299940413035 ], [ 17.092975306131738, -23.298333338025582 ], [ 17.093058391206025, -23.29849140893964 ], [ 17.093096966419093, -23.298554092181146 ], [ 17.093230496002775, -23.298687634640647 ], [ 17.093319515725227, -23.298750317789679 ], [ 17.093546516017479, -23.298969708578785 ], [ 17.093680045601161, -23.299170021592019 ], [ 17.093696365883613, -23.2992967500773 ], [ 17.093835459199944, -23.299449369168148 ], [ 17.093970472445669, -23.299520227972216 ], [ 17.094171879567721, -23.299535217329804 ], [ 17.094447840707332, -23.299518865303291 ], [ 17.094541311415909, -23.299521590641177 ], [ 17.094717867198778, -23.299572009382139 ], [ 17.094808370583266, -23.299633329446717 ], [ 17.09505873855267, -23.299859532107288 ], [ 17.095210072080842, -23.299990347928215 ], [ 17.095262000252273, -23.300066657097677 ], [ 17.09561511181801, -23.300423674416319 ], [ 17.095793151262917, -23.300647150418275 ] ] ] } },
{ "type": "Feature", "properties": { "Settlement": "BLOCK H EXTENSION 3,4,5,AND 6 (ROOI DUINE)", "Town": "REHOBOTH", "Extension": "EXTENSION 3,4,5,AND 6", "Region": "HARDAP", "LA ARea": null, "Block_Code": null, "TOWN_1": null, "EXTENSIO_1": null, "LA Area_1": null, "Set_Ext": null, "Id": null, "Constituen": null, "Upgrading_": null, "Area_sqm": null, "Area_Ha": null, "No_Structu": null, "No_HHs": null, "No_Taps": null, "No_Toilets": null, "OBJECTID": null, "layer": null, "path": null }, "geometry": { "type": "Polygon", "coordinates": [ [ [ 17.097257204900938, -23.317208813576375 ], [ 17.097262633, -23.319731263399994 ], [ 17.101806108, -23.319716771099991 ], [ 17.101802289168084, -23.317160101254895 ], [ 17.108390229600001, -23.316940265500008 ], [ 17.108391116, -23.322037627199979 ], [ 17.107132989, -23.325786175299992 ], [ 17.105223975099999, -23.325391015 ], [ 17.105298804399997, -23.325082724799998 ], [ 17.102919372799999, -23.324590153499994 ], [ 17.1028823744, -23.324536239600004 ], [ 17.103100372499998, -23.323638176799985 ], [ 17.10110118, -23.323102238800001 ], [ 17.098816320200001, -23.322627672800003 ], [ 17.097252319500001, -23.322660111399994 ], [ 17.0938176, -23.322731295499995 ], [ 17.092266129799995, -23.322351783900004 ], [ 17.0921913954, -23.322658495099986 ], [ 17.091714390500002, -23.322559270799999 ], [ 17.0923196498, -23.320076094599994 ], [ 17.092299272599998, -23.317297136899992 ], [ 17.092396470600001, -23.317206777599988 ], [ 17.097257204900938, -23.317208813576375 ] ] ] } },
{ "type": "Feature", "properties": { "Settlement": "BLOCK E EXTENSION 5 (BLIKKIESDORP)", "Town": "REHOBOTH", "Extension": "BLOCK E EXT.5", "Region": "HARDAP", "LA ARea": null, "Block_Code": null, "TOWN_1": null, "EXTENSIO_1": null, "LA Area_1": null, "Set_Ext": null, "Id": null, "Constituen": null, "Upgrading_": null, "Area_sqm": null, "Area_Ha": null, "No_Structu": null, "No_HHs": null, "No_Taps": null, "No_Toilets": null, "OBJECTID": null, "layer": null, "path": null }, "geometry": { "type": "Polygon", "coordinates": [ [ [ 17.106979429100001, -23.3257581278 ], [ 17.107132466099998, -23.325789804599996 ], [ 17.105684842399999, -23.330266750099984 ], [ 17.1045047438, -23.333060981799996 ], [ 17.102885785600002, -23.332568873699987 ], [ 17.102919509100001, -23.332328179299996 ], [ 17.103323273800001, -23.329988275700003 ], [ 17.1039707503, -23.328434443100004 ], [ 17.104408751499996, -23.325786465499995 ], [ 17.1067685907, -23.326219543799994 ], [ 17.106898088800001, -23.3260096998 ], [ 17.106979429100001, -23.3257581278 ] ] ] } },
{ "type": "Feature", "properties": { "Settlement": "BLOCK E EXTENSION 4 (BLIKKIESDORP)", "Town": "REHOBOTH", "Extension": "BLOCK E EXT.4", "Region": "HARDAP", "LA ARea": null, "Block_Code": null, "TOWN_1": null, "EXTENSIO_1": null, "LA Area_1": null, "Set_Ext": null, "Id": null, "Constituen": null, "Upgrading_": null, "Area_sqm": null, "Area_Ha": null, "No_Structu": null, "No_HHs": null, "No_Taps": null, "No_Toilets": null, "OBJECTID": null, "layer": null, "path": null }, "geometry": { "type": "Polygon", "coordinates": [ [ [ 17.104408751499996, -23.325786465499995 ], [ 17.1039707503, -23.328434443100004 ], [ 17.103323273800001, -23.329988275700003 ], [ 17.102919509100001, -23.332328179299996 ], [ 17.102885785600002, -23.332568873699977 ], [ 17.1010428839, -23.332079491799995 ], [ 17.100092820100002, -23.331752363299998 ], [ 17.102058966600001, -23.325299959799999 ], [ 17.104408751499996, -23.325786465499995 ] ] ] } },
{ "type": "Feature", "properties": { "Settlement": "BLOCK E EXTENSION 3 (BLIKKIESDORP)", "Town": "REHOBOTH", "Extension": "BLOCK E EXT.3", "Region": "HARDAP", "LA ARea": null, "Block_Code": null, "TOWN_1": null, "EXTENSIO_1": null, "LA Area_1": null, "Set_Ext": null, "Id": null, "Constituen": null, "Upgrading_": null, "Area_sqm": null, "Area_Ha": null, "No_Structu": null, "No_HHs": null, "No_Taps": null, "No_Toilets": null, "OBJECTID": null, "layer": null, "path": null }, "geometry": { "type": "Polygon", "coordinates": [ [ [ 17.102058953699999, -23.325299966899994 ], [ 17.1000176346, -23.331997914799995 ], [ 17.097329338600002, -23.331138486099992 ], [ 17.097488370400001, -23.330732825199995 ], [ 17.097946286900001, -23.329290000600004 ], [ 17.098224338600001, -23.329352853700005 ], [ 17.098729406899999, -23.327989905399999 ], [ 17.099488322199999, -23.328134517600006 ], [ 17.1006091251, -23.326084386799991 ], [ 17.098655883799999, -23.325167028399999 ], [ 17.0988382685, -23.324388695500001 ], [ 17.098647888399999, -23.324350654399996 ], [ 17.098723044300002, -23.324042253299982 ], [ 17.102201428699999, -23.324772010900002 ], [ 17.1021355711, -23.325075451599982 ], [ 17.102058953699999, -23.325299966899994 ] ] ] } },
{ "type": "Feature", "properties": { "Settlement": "BAHNHOFF REHOBOTH STATION PROPER", "Town": "REHOBOTH", "Extension": "REHOBOTH STATION PROP", "Region": "HARDAP", "LA ARea": null, "Block_Code": null, "TOWN_1": null, "EXTENSIO_1": null, "LA Area_1": null, "Set_Ext": null, "Id": null, "Constituen": null, "Upgrading_": null, "Area_sqm": null, "Area_Ha": null, "No_Structu": null, "No_HHs": null, "No_Taps": null, "No_Toilets": null, "OBJECTID": null, "layer": null, "path": null }, "geometry": { "type": "Polygon", "coordinates": [ [ [ 17.185367640685101, -23.302721412780688 ], [ 17.186894426097989, -23.311406995887076 ], [ 17.183882685009536, -23.311763207933595 ], [ 17.183540441704039, -23.311689870237302 ], [ 17.183373122754681, -23.303428643714927 ], [ 17.183941626912151, -23.302878575535455 ], [ 17.185367640685101, -23.302721412780688 ] ] ] } },
{ "type": "Feature", "properties": { "Settlement": "KAISOSI (FORMAL)_44", "Town": "RUNDU", "Extension": "EXT.12", "Region": "KAVANGO EAST", "LA ARea": null, "Block_Code": null, "TOWN_1": null, "EXTENSIO_1": null, "LA Area_1": null, "Set_Ext": "KAISOSI (FORMAL)EXT.12", "Id": null, "Constituen": null, "Upgrading_": null, "Area_sqm": null, "Area_Ha": null, "No_Structu": null, "No_HHs": null, "No_Taps": null, "No_Toilets": null, "OBJECTID": null, "layer": null, "path": null }, "geometry": { "type": "Polygon", "coordinates": [ [ [ 19.798940934100003, -17.924153918 ], [ 19.798727765008717, -17.924134310315626 ], [ 19.798497785902956, -17.923455221660117 ], [ 19.798410552449045, -17.921965933396542 ], [ 19.798746599504451, -17.920772796020803 ], [ 19.799534674457401, -17.918823201689762 ], [ 19.799649664010278, -17.917959223660809 ], [ 19.801852246499994, -17.918400172199995 ], [ 19.801804150799999, -17.918649149299991 ], [ 19.8019038443, -17.918964783199996 ], [ 19.802051315099998, -17.918957477399999 ], [ 19.802429239064459, -17.919602287435612 ], [ 19.803043838398839, -17.920835990059601 ], [ 19.803696910499994, -17.922676061699999 ], [ 19.798940934100003, -17.924153918 ] ] ] } },
{ "type": "Feature", "properties": { "Settlement": "KAISOSI (FORMAL)_45", "Town": "RUNDU", "Extension": "EXT.13", "Region": "KAVANGO EAST", "LA ARea": null, "Block_Code": null, "TOWN_1": null, "EXTENSIO_1": null, "LA Area_1": null, "Set_Ext": "KAISOSI (FORMAL)EXT.13", "Id": null, "Constituen": null, "Upgrading_": null, "Area_sqm": null, "Area_Ha": null, "No_Structu": null, "No_HHs": null, "No_Taps": null, "No_Toilets": null, "OBJECTID": null, "layer": null, "path": null }, "geometry": { "type": "Polygon", "coordinates": [ [ [ 19.803696910499994, -17.922676061699999 ], [ 19.803043838398839, -17.920835990059601 ], [ 19.802429239064459, -17.919602287435612 ], [ 19.802051315099998, -17.918957477399999 ], [ 19.8019038443, -17.918964783199996 ], [ 19.801804150799999, -17.918649149299991 ], [ 19.801852246499994, -17.918400172199995 ], [ 19.8046646315, -17.919054731899998 ], [ 19.804740556899997, -17.918745128200008 ], [ 19.8050350617, -17.918629654199997 ], [ 19.805499125499988, -17.918742123099996 ], [ 19.805637507, -17.9182574481 ], [ 19.806115268399999, -17.918289173599991 ], [ 19.806438536200002, -17.918328234899999 ], [ 19.806482105600001, -17.9186575369 ], [ 19.806580409299993, -17.918650422700001 ], [ 19.8069726628, -17.918400078299999 ], [ 19.807413906599997, -17.918109194700001 ], [ 19.8078072076, -17.918100907699998 ], [ 19.807951562600003, -17.918994622399996 ], [ 19.808253585500001, -17.918993421299991 ], [ 19.8095202935, -17.919546468300002 ], [ 19.810967519699997, -17.91961466039999 ], [ 19.811312008600002, -17.919687248599992 ], [ 19.811669392339994, -17.919660450432524 ], [ 19.811667652091437, -17.919554477463205 ], [ 19.811773807253232, -17.919562756603721 ], [ 19.811759903399999, -17.920922669600003 ], [ 19.8101522296, -17.921110634600005 ], [ 19.80746495183357, -17.92165074348835 ], [ 19.803696910499994, -17.922676061699999 ] ] ] } },
{ "type": "Feature", "properties": { "Settlement": "NDAMA (INFORMAL)_46", "Town": "RUNDU", "Extension": "EXT.14", "Region": "KAVANGO EAST", "LA ARea": null, "Block_Code": null, "TOWN_1": null, "EXTENSIO_1": null, "LA Area_1": null, "Set_Ext": "NDAMA (INFORMAL)EXT.14", "Id": null, "Constituen": null, "Upgrading_": null, "Area_sqm": null, "Area_Ha": null, "No_Structu": null, "No_HHs": null, "No_Taps": null, "No_Toilets": null, "OBJECTID": null, "layer": null, "path": null }, "geometry": { "type": "Polygon", "coordinates": [ [ [ 19.794147589853662, -17.926055397364173 ], [ 19.798894903802577, -17.92465347836815 ], [ 19.799179420199998, -17.925712944299985 ], [ 19.794840267936191, -17.927359527627114 ], [ 19.795494241463022, -17.928466824459861 ], [ 19.795147235101847, -17.928601426584549 ], [ 19.794229002884574, -17.928426189836088 ], [ 19.794231672164276, -17.929054755629309 ], [ 19.794452083499994, -17.930639986799982 ], [ 19.794515961799998, -17.930794388799995 ], [ 19.794525292931425, -17.932168345607874 ], [ 19.794300678399999, -17.933020869100002 ], [ 19.794266372800394, -17.933306722402211 ], [ 19.7943101983, -17.933605818400004 ], [ 19.793446828899995, -17.933757118999978 ], [ 19.792527978, -17.934076731799994 ], [ 19.792315859099997, -17.932100707 ], [ 19.792317746737872, -17.930940402444794 ], [ 19.792279450998361, -17.930813748912108 ], [ 19.792279450998361, -17.930813748912101 ], [ 19.791973085082351, -17.930038142563262 ], [ 19.791623428330393, -17.92934934551478 ], [ 19.791570147301517, -17.929161779341023 ], [ 19.791293085951395, -17.928159310814344 ], [ 19.790818884794458, -17.927132756884738 ], [ 19.794147589853662, -17.926055397364173 ] ] ] } },
{ "type": "Feature", "properties": { "Settlement": "NDAMA (INFORMAL)_47", "Town": "RUNDU", "Extension": "EXT.15", "Region": "KAVANGO EAST", "LA ARea": null, "Block_Code": null, "TOWN_1": null, "EXTENSIO_1": null, "LA Area_1": null, "Set_Ext": "NDAMA (INFORMAL)EXT.15", "Id": null, "Constituen": null, "Upgrading_": null, "Area_sqm": null, "Area_Ha": null, "No_Structu": null, "No_HHs": null, "No_Taps": null, "No_Toilets": null, "OBJECTID": null, "layer": null, "path": null }, "geometry": { "type": "Polygon", "coordinates": [ [ [ 19.799179420199998, -17.925712944299974 ], [ 19.799709034111512, -17.92686936879095 ], [ 19.8001479293, -17.927154789099998 ], [ 19.799161831772714, -17.927468733815118 ], [ 19.797067791199993, -17.927973771299992 ], [ 19.797054059399997, -17.928047788899992 ], [ 19.797274651023844, -17.928881424072738 ], [ 19.79745883132324, -17.929392529457168 ], [ 19.797955550399998, -17.930242993199997 ], [ 19.798299654429176, -17.931265511735589 ], [ 19.7976096668, -17.931488287500002 ], [ 19.798134336499992, -17.932622579699999 ], [ 19.794329952, -17.933296437999982 ], [ 19.794266372800394, -17.933306722402211 ], [ 19.794300678399999, -17.933020869100002 ], [ 19.794525292931425, -17.932168345607874 ], [ 19.794515961799998, -17.930794388799995 ], [ 19.794452083499994, -17.930639986799982 ], [ 19.794231672164276, -17.929054755629309 ], [ 19.794229002884574, -17.928426189836088 ], [ 19.795147235101847, -17.928601426584549 ], [ 19.795494241463022, -17.928466824459861 ], [ 19.795494241463018, -17.928466824459854 ], [ 19.795494241463022, -17.928466824459854 ], [ 19.794840267936191, -17.927359527627114 ], [ 19.799179420199998, -17.925712944299985 ], [ 19.799179420199994, -17.925712944299974 ], [ 19.799179420199998, -17.925712944299974 ] ] ] } },
{ "type": "Feature", "properties": { "Settlement": "NDAMA (INFORMAL)_48", "Town": "RUNDU", "Extension": "EXT.16", "Region": "KAVANGO EAST", "LA ARea": null, "Block_Code": null, "TOWN_1": null, "EXTENSIO_1": null, "LA Area_1": null, "Set_Ext": "NDAMA (INFORMAL)EXT.16", "Id": null, "Constituen": null, "Upgrading_": null, "Area_sqm": null, "Area_Ha": null, "No_Structu": null, "No_HHs": null, "No_Taps": null, "No_Toilets": null, "OBJECTID": null, "layer": null, "path": null }, "geometry": { "type": "Polygon", "coordinates": [ [ [ 19.792577386069347, -17.934702541403862 ], [ 19.789729486100001, -17.935089499599997 ], [ 19.787062465799991, -17.935637763699994 ], [ 19.785672554400001, -17.935865032200002 ], [ 19.78567315, -17.936006233800011 ], [ 19.783644003199999, -17.936235957600012 ], [ 19.783621952671197, -17.935775508274052 ], [ 19.783163269130629, -17.934681947436115 ], [ 19.783163269137262, -17.934681947434107 ], [ 19.78558102664881, -17.93396089205778 ], [ 19.785581026650096, -17.93396089205741 ], [ 19.785678264527771, -17.933922872893362 ], [ 19.786085864398633, -17.933924140198968 ], [ 19.786213738867922, -17.933879784497556 ], [ 19.786731896873679, -17.933794874981011 ], [ 19.788179808833231, -17.933380465263646 ], [ 19.788371620537166, -17.933322169017625 ], [ 19.788955047803292, -17.933139676297273 ], [ 19.789829522689629, -17.932876075369126 ], [ 19.790669364907195, -17.932612474048504 ], [ 19.791565152205077, -17.932336199166226 ], [ 19.792315859099997, -17.932100707 ], [ 19.792527978, -17.934076731799994 ], [ 19.792577386069347, -17.934702541403862 ] ] ] } },
{ "type": "Feature", "properties": { "Settlement": "NDAMA (INFORMAL)_49", "Town": "RUNDU", "Extension": "EXT.17", "Region": "KAVANGO EAST", "LA ARea": null, "Block_Code": null, "TOWN_1": null, "EXTENSIO_1": null, "LA Area_1": null, "Set_Ext": "NDAMA (INFORMAL)EXT.17", "Id": null, "Constituen": null, "Upgrading_": null, "Area_sqm": null, "Area_Ha": null, "No_Structu": null, "No_HHs": null, "No_Taps": null, "No_Toilets": null, "OBJECTID": null, "layer": null, "path": null }, "geometry": { "type": "Polygon", "coordinates": [ [ [ 19.753557241599999, -17.943140872 ], [ 19.753594586041711, -17.943289113799057 ], [ 19.749992466799988, -17.945857093999976 ], [ 19.7493685701, -17.946188868499998 ], [ 19.749068062799996, -17.946579968099996 ], [ 19.7479046831, -17.945521846699997 ], [ 19.746783332, -17.94442994349998 ], [ 19.748056318318195, -17.94299522093236 ], [ 19.749559815499996, -17.941333411899986 ], [ 19.752409964843455, -17.939231854723861 ], [ 19.752585834699996, -17.939170561800008 ], [ 19.753229640499992, -17.940297819099989 ], [ 19.752952912, -17.941354515499995 ], [ 19.753121594993324, -17.941485138108952 ], [ 19.753194061399999, -17.941925166300003 ], [ 19.75329776745361, -17.942249519014798 ], [ 19.753557241599999, -17.943140872 ] ] ] } },
{ "type": "Feature", "properties": { "Settlement": "NDAMA (INFORMAL)_50", "Town": "RUNDU", "Extension": "EXT.18", "Region": "KAVANGO EAST", "LA ARea": null, "Block_Code": null, "TOWN_1": null, "EXTENSIO_1": null, "LA Area_1": null, "Set_Ext": "NDAMA (INFORMAL)EXT.18", "Id": null, "Constituen": null, "Upgrading_": null, "Area_sqm": null, "Area_Ha": null, "No_Structu": null, "No_HHs": null, "No_Taps": null, "No_Toilets": null, "OBJECTID": null, "layer": null, "path": null }, "geometry": { "type": "Polygon", "coordinates": [ [ [ 19.746783332, -17.94442994349998 ], [ 19.7479046831, -17.945521846699997 ], [ 19.749068062799996, -17.946579968099996 ], [ 19.748447046967566, -17.947964559864129 ], [ 19.747168834149797, -17.950904629258837 ], [ 19.745346742759793, -17.950247133865634 ], [ 19.744974339742214, -17.949784519638236 ], [ 19.744596700829849, -17.949600843398084 ], [ 19.744470997899999, -17.949434368200002 ], [ 19.743965775506584, -17.94919737763141 ], [ 19.743227514339953, -17.949080322576247 ], [ 19.742897652967621, -17.948793910944378 ], [ 19.744179138219636, -17.947252261237715 ], [ 19.746783332, -17.94442994349998 ] ] ] } },
{ "type": "Feature", "properties": { "Settlement": "SAUYEMWA_51", "Town": "RUNDU", "Extension": "EXT.11", "Region": "KAVANGO EAST", "LA ARea": null, "Block_Code": null, "TOWN_1": null, "EXTENSIO_1": null, "LA Area_1": null, "Set_Ext": "SAUYEMWAEXT.11", "Id": null, "Constituen": null, "Upgrading_": null, "Area_sqm": null, "Area_Ha": null, "No_Structu": null, "No_HHs": null, "No_Taps": null, "No_Toilets": null, "OBJECTID": null, "layer": null, "path": null }, "geometry": { "type": "Polygon", "coordinates": [ [ [ 19.743705482200866, -17.929634851900531 ], [ 19.742514678199996, -17.930936936299997 ], [ 19.741594330700298, -17.93203918167562 ], [ 19.740970799899994, -17.933087525799984 ], [ 19.737579745593948, -17.932851853456278 ], [ 19.737496270178294, -17.932385491129171 ], [ 19.737375910276654, -17.931453686285494 ], [ 19.737410853473904, -17.930914363897557 ], [ 19.737576710987287, -17.930043222090205 ], [ 19.737710824813785, -17.92970360856523 ], [ 19.738483010960987, -17.92981157825362 ], [ 19.739021529556627, -17.930035369761722 ], [ 19.740039247170802, -17.928936040337501 ], [ 19.740488691499994, -17.928422783600002 ], [ 19.740852993899999, -17.928179394399987 ], [ 19.741390233899992, -17.927262970399994 ], [ 19.741599039399993, -17.926778079200002 ], [ 19.742020678599999, -17.926823613899995 ], [ 19.7421570761, -17.927562763500006 ], [ 19.74248142, -17.927870889299989 ], [ 19.742278598299993, -17.928093521500003 ], [ 19.743131822799995, -17.928917472199998 ], [ 19.743705482200866, -17.929634851900531 ] ] ] } },
{ "type": "Feature", "properties": { "Settlement": "SAUYEMWA_52", "Town": "RUNDU", "Extension": "EXT.10", "Region": "KAVANGO EAST", "LA ARea": null, "Block_Code": null, "TOWN_1": null, "EXTENSIO_1": null, "LA Area_1": null, "Set_Ext": "SAUYEMWAEXT.10", "Id": null, "Constituen": null, "Upgrading_": null, "Area_sqm": null, "Area_Ha": null, "No_Structu": null, "No_HHs": null, "No_Taps": null, "No_Toilets": null, "OBJECTID": null, "layer": null, "path": null }, "geometry": { "type": "Polygon", "coordinates": [ [ [ 19.739849449199998, -17.935512257 ], [ 19.732439213020612, -17.933417951026453 ], [ 19.7341600552, -17.92850617669999 ], [ 19.734610087192284, -17.928788724434852 ], [ 19.735477184662852, -17.929190667881418 ], [ 19.735596855461889, -17.929581322664639 ], [ 19.736935027909723, -17.929729619450729 ], [ 19.736976293702487, -17.92983513526779 ], [ 19.737576710987287, -17.930043222090205 ], [ 19.737410853473904, -17.930914363897557 ], [ 19.737375910276654, -17.931453686285494 ], [ 19.737496270178294, -17.932385491129171 ], [ 19.737579745593948, -17.932851853456278 ], [ 19.740970799899991, -17.933087525799984 ], [ 19.739849449199998, -17.935512257 ] ] ] } },
{ "type": "Feature", "properties": { "Settlement": "DONKERHOEK", "Town": "RUNDU", "Extension": "RUNDU EXTENSION 28", "Region": "KAVANGO EAST", "LA ARea": null, "Block_Code": null, "TOWN_1": null, "EXTENSIO_1": null, "LA Area_1": null, "Set_Ext": "DONKERHOEKRUNDU EXTENSION 28", "Id": null, "Constituen": null, "Upgrading_": null, "Area_sqm": null, "Area_Ha": null, "No_Structu": null, "No_HHs": null, "No_Taps": null, "No_Toilets": null, "OBJECTID": null, "layer": null, "path": null }, "geometry": { "type": "Polygon", "coordinates": [ [ [ 19.771460543995559, -17.919403394770097 ], [ 19.780782848562822, -17.919667909940891 ], [ 19.776612831609274, -17.921484236781279 ], [ 19.774722423923663, -17.921396066005475 ], [ 19.7713122767261, -17.921202090144185 ], [ 19.771367876952144, -17.920655429756142 ], [ 19.771460543995559, -17.919403394770097 ] ] ] } },
{ "type": "Feature", "properties": { "Settlement": "KAISOSI EAST", "Town": "RUNDU", "Extension": null, "Region": "KAVANGO EAST", "LA ARea": null, "Block_Code": null, "TOWN_1": null, "EXTENSIO_1": null, "LA Area_1": null, "Set_Ext": "KAISOSI EAST", "Id": null, "Constituen": null, "Upgrading_": null, "Area_sqm": null, "Area_Ha": null, "No_Structu": null, "No_HHs": null, "No_Taps": null, "No_Toilets": null, "OBJECTID": null, "layer": null, "path": null }, "geometry": { "type": "Polygon", "coordinates": [ [ [ 19.846455982229042, -17.915378306868707 ], [ 19.846493049046412, -17.932483196819852 ], [ 19.824920161340049, -17.930825681829077 ], [ 19.824160291584068, -17.916595101023571 ], [ 19.846455982229042, -17.915378306868707 ] ] ] } },
{ "type": "Feature", "properties": { "Settlement": "KAISOSI WEST", "Town": "RUNDU", "Extension": null, "Region": "KAVANGO EAST", "LA ARea": null, "Block_Code": null, "TOWN_1": null, "EXTENSIO_1": null, "LA Area_1": null, "Set_Ext": "KAISOSI WEST", "Id": null, "Constituen": null, "Upgrading_": null, "Area_sqm": null, "Area_Ha": null, "No_Structu": null, "No_HHs": null, "No_Taps": null, "No_Toilets": null, "OBJECTID": null, "layer": null, "path": null }, "geometry": { "type": "Polygon", "coordinates": [ [ [ 19.820913811942731, -17.922392158659719 ], [ 19.820913811942731, -17.920893257184471 ], [ 19.820580210586453, -17.919645632462554 ], [ 19.820098341960712, -17.91811143878223 ], [ 19.817281263840979, -17.918181976714045 ], [ 19.814445652312564, -17.918168750853962 ], [ 19.813296580974256, -17.918045309445656 ], [ 19.810646303532664, -17.917710253761115 ], [ 19.810627770123983, -17.915629367430409 ], [ 19.808552028351553, -17.915770445241893 ], [ 19.808236960403949, -17.914536010583735 ], [ 19.80914509742939, -17.914271487752675 ], [ 19.808552028351553, -17.912071524246663 ], [ 19.808533494942868, -17.911877538178668 ], [ 19.808477894716823, -17.911842267961681 ], [ 19.808144293360531, -17.911965713690435 ], [ 19.807328823378501, -17.908562107109358 ], [ 19.809033896977294, -17.908085949683326 ], [ 19.809033896977294, -17.907927230257176 ], [ 19.8094688338, -17.9077057511 ], [ 19.812625496599999, -17.910033100099998 ], [ 19.821885441399999, -17.917056012499994 ], [ 19.822849975477876, -17.915630686324512 ], [ 19.824160291584068, -17.916595101023571 ], [ 19.824499974461368, -17.922956682320702 ], [ 19.820913811942731, -17.922392158659719 ] ] ] } },
{ "type": "Feature", "properties": { "Settlement": "SATOTWA", "Town": "RUNDU", "Extension": null, "Region": "KAVANGO EAST", "LA ARea": null, "Block_Code": null, "TOWN_1": null, "EXTENSIO_1": null, "LA Area_1": null, "Set_Ext": "SATOTWA", "Id": null, "Constituen": null, "Upgrading_": null, "Area_sqm": null, "Area_Ha": null, "No_Structu": null, "No_HHs": null, "No_Taps": null, "No_Toilets": null, "OBJECTID": null, "layer": null, "path": null }, "geometry": { "type": "Polygon", "coordinates": [ [ [ 19.72968584200995, -17.932153988086615 ], [ 19.72824023613272, -17.931351680744356 ], [ 19.72669269650773, -17.930302504119005 ], [ 19.725228557221822, -17.929173971061367 ], [ 19.724042419066144, -17.928115964787946 ], [ 19.714886915177029, -17.919517225235762 ], [ 19.713811977473434, -17.918679591794511 ], [ 19.707010216486985, -17.914288564343078 ], [ 19.706985594099997, -17.910668883099987 ], [ 19.711917835499996, -17.912937971600002 ], [ 19.716812929512866, -17.915080010457665 ], [ 19.718446893799996, -17.915799768 ], [ 19.722293558600001, -17.916989818900003 ], [ 19.723398030041139, -17.917676395521031 ], [ 19.723863854699999, -17.918013045799992 ], [ 19.724982579900001, -17.918506660199984 ], [ 19.726586588299995, -17.91915992 ], [ 19.726924703199998, -17.919407507700008 ], [ 19.7271717952, -17.919729383700005 ], [ 19.727477172651678, -17.920475580551752 ], [ 19.727718197076413, -17.92061466933788 ], [ 19.728815423789698, -17.920997990844086 ], [ 19.731947871186868, -17.92187888204808 ], [ 19.731914800900004, -17.92197844839999 ], [ 19.731796707699996, -17.922315075399993 ], [ 19.7323593948, -17.922508055200002 ], [ 19.732336342010687, -17.9226605689142 ], [ 19.732596316505131, -17.922874553650775 ], [ 19.732327038899999, -17.923214198699991 ], [ 19.732104005499998, -17.923658787400004 ], [ 19.731727671567338, -17.924133917298995 ], [ 19.731994199, -17.924318140099999 ], [ 19.731962552099997, -17.925205830699976 ], [ 19.731962552099997, -17.925205830699984 ], [ 19.732117610100001, -17.925339755899991 ], [ 19.731024541399997, -17.927831579699998 ], [ 19.731840145499998, -17.928030378300001 ], [ 19.7327321223, -17.928000280900001 ], [ 19.733196224899995, -17.928126371 ], [ 19.733414410846784, -17.928569593710055 ], [ 19.7341600552, -17.92850617669999 ], [ 19.732439213020612, -17.933417951026453 ], [ 19.72968584200995, -17.932153988086615 ] ] ] } },
{ "type": "Feature", "properties": { "Settlement": "TUHINGIRENI SOUTH", "Town": "RUNDU", "Extension": null, "Region": "KAVANGO EAST", "LA ARea": null, "Block_Code": null, "TOWN_1": null, "EXTENSIO_1": null, "LA Area_1": null, "Set_Ext": "TUHINGIRENI SOUTH", "Id": null, "Constituen": null, "Upgrading_": null, "Area_sqm": null, "Area_Ha": null, "No_Structu": null, "No_HHs": null, "No_Taps": null, "No_Toilets": null, "OBJECTID": null, "layer": null, "path": null }, "geometry": { "type": "Polygon", "coordinates": [ [ [ 19.805023134758247, -17.9228350689202 ], [ 19.808322081503725, -17.921882829479895 ], [ 19.811806362336021, -17.921459610307913 ], [ 19.813363168665347, -17.921459610307913 ], [ 19.814697574090477, -17.921459610307913 ], [ 19.820913811942731, -17.922392158659719 ], [ 19.824499974461368, -17.922956682320702 ], [ 19.824920161340049, -17.930825681829077 ], [ 19.807856429610581, -17.930309529875966 ], [ 19.802889476083685, -17.931120658536372 ], [ 19.800146531598685, -17.93175545228738 ], [ 19.798134336499992, -17.932622579699999 ], [ 19.7976096668, -17.931488287500002 ], [ 19.798299654429176, -17.931265511735589 ], [ 19.797955550399998, -17.930242993199997 ], [ 19.79745883132324, -17.929392529457161 ], [ 19.797274651023844, -17.928881424072738 ], [ 19.797054059399997, -17.928047788899992 ], [ 19.797067791199993, -17.927973771299992 ], [ 19.799161831772714, -17.927468733815118 ], [ 19.8001479293, -17.927154789099998 ], [ 19.799709034111512, -17.926869368790943 ], [ 19.799179420199998, -17.925712944299974 ], [ 19.798894903802577, -17.92465347836815 ], [ 19.805023134758247, -17.9228350689202 ] ] ] } },
{ "type": "Feature", "properties": { "Settlement": "TUHINGIRENI NORTH", "Town": "RUNDU", "Extension": null, "Region": "KAVANGO EAST", "LA ARea": null, "Block_Code": null, "TOWN_1": null, "EXTENSIO_1": null, "LA Area_1": null, "Set_Ext": "TUHINGIRENI NORTH", "Id": null, "Constituen": null, "Upgrading_": null, "Area_sqm": null, "Area_Ha": null, "No_Structu": null, "No_HHs": null, "No_Taps": null, "No_Toilets": null, "OBJECTID": null, "layer": null, "path": null }, "geometry": { "type": "Polygon", "coordinates": [ [ [ 19.820580210586453, -17.919645632462554 ], [ 19.820913811942731, -17.920893257184471 ], [ 19.820913811942731, -17.922392158659719 ], [ 19.814697574090477, -17.921459610307895 ], [ 19.813363168665347, -17.921459610307913 ], [ 19.811806362336021, -17.921459610307913 ], [ 19.811759903399999, -17.920922669600003 ], [ 19.811773807253232, -17.919562756603721 ], [ 19.811667652091437, -17.919554477463205 ], [ 19.81166939233999, -17.919660450432513 ], [ 19.811312008600002, -17.919687248599992 ], [ 19.810967519699997, -17.91961466039999 ], [ 19.8095202935, -17.919546468300002 ], [ 19.808253585500001, -17.91899342129998 ], [ 19.807951562600003, -17.918994622399996 ], [ 19.8078072076, -17.918100907699998 ], [ 19.807413906599997, -17.918109194700001 ], [ 19.806580409299993, -17.918650422700001 ], [ 19.806482105600001, -17.9186575369 ], [ 19.806438536200002, -17.918328234899999 ], [ 19.806115268399999, -17.918289173599991 ], [ 19.805637507, -17.9182574481 ], [ 19.805845554768531, -17.917141394414781 ], [ 19.80567875409039, -17.916171489695895 ], [ 19.807457961323909, -17.915977508115134 ], [ 19.808552028351553, -17.915770445241893 ], [ 19.810627770123983, -17.915629367430409 ], [ 19.810646303532664, -17.917710253761115 ], [ 19.813296580974256, -17.918045309445656 ], [ 19.814445652312564, -17.918168750853962 ], [ 19.817281263840979, -17.918181976714045 ], [ 19.820098341960712, -17.91811143878223 ], [ 19.820580210586453, -17.919645632462554 ] ] ] } },
{ "type": "Feature", "properties": { "Settlement": "NGWANGWA", "Town": "RUNDU", "Extension": null, "Region": "KAVANGO EAST", "LA ARea": null, "Block_Code": null, "TOWN_1": null, "EXTENSIO_1": null, "LA Area_1": null, "Set_Ext": "NGWANGWA", "Id": null, "Constituen": null, "Upgrading_": null, "Area_sqm": null, "Area_Ha": null, "No_Structu": null, "No_HHs": null, "No_Taps": null, "No_Toilets": null, "OBJECTID": null, "layer": null, "path": null }, "geometry": { "type": "Polygon", "coordinates": [ [ [ 19.708090616286228, -17.95495471362025 ], [ 19.708132790842537, -17.933657615767352 ], [ 19.710653334423345, -17.935279838694377 ], [ 19.713618679812537, -17.935491431893244 ], [ 19.716361624297537, -17.937113638014992 ], [ 19.716361624297537, -17.939159007151172 ], [ 19.719920038764567, -17.938171590519342 ], [ 19.721736312815445, -17.938771094131386 ], [ 19.72481285865673, -17.940745915196235 ], [ 19.729001409018959, -17.940781179657833 ], [ 19.732411556216537, -17.940710650727613 ], [ 19.734672632075792, -17.941063295097617 ], [ 19.735525168875178, -17.942156488178554 ], [ 19.736192371587752, -17.944131271462563 ], [ 19.73715610883924, -17.949984963823184 ], [ 19.727926471315381, -17.952418068108315 ], [ 19.723218985510044, -17.947022878645761 ], [ 19.720401907390311, -17.947410773574862 ], [ 19.708090616286228, -17.95495471362025 ] ] ] } },
{ "type": "Feature", "properties": { "Settlement": "NDAMA (INFORMAL)_60", "Town": "RUNDU", "Extension": "EXT.13", "Region": "KAVANGO EAST", "LA ARea": null, "Block_Code": null, "TOWN_1": null, "EXTENSIO_1": null, "LA Area_1": null, "Set_Ext": "NDAMA (INFORMAL)EXT.13", "Id": null, "Constituen": null, "Upgrading_": null, "Area_sqm": null, "Area_Ha": null, "No_Structu": null, "No_HHs": null, "No_Taps": null, "No_Toilets": null, "OBJECTID": null, "layer": null, "path": null }, "geometry": { "type": "Polygon", "coordinates": [ [ [ 19.784350567889646, -17.928761299548341 ], [ 19.783849726218261, -17.927388762248803 ], [ 19.783383517215647, -17.925902785359401 ], [ 19.783247650592035, -17.925187357498306 ], [ 19.784289432144249, -17.925045320798951 ], [ 19.786089489462533, -17.924516306120342 ], [ 19.789132442639527, -17.923600830028448 ], [ 19.790480240899996, -17.926607629499987 ], [ 19.790706816199783, -17.926802025307076 ], [ 19.784350567889646, -17.928761299548341 ] ] ] } },
{ "type": "Feature", "properties": { "Settlement": "TUMWENENI", "Town": "RUNDU", "Extension": null, "Region": "KAVANGO EAST", "LA ARea": null, "Block_Code": null, "TOWN_1": null, "EXTENSIO_1": null, "LA Area_1": null, "Set_Ext": "TUMWENENI", "Id": null, "Constituen": null, "Upgrading_": null, "Area_sqm": null, "Area_Ha": null, "No_Structu": null, "No_HHs": null, "No_Taps": null, "No_Toilets": null, "OBJECTID": null, "layer": null, "path": null }, "geometry": { "type": "Polygon", "coordinates": [ [ [ 19.807856429610581, -17.930309529875966 ], [ 19.824920161340049, -17.930825681829077 ], [ 19.82609548795606, -17.958584850909954 ], [ 19.812338767180613, -17.959391444161476 ], [ 19.811849591017122, -17.956247777888333 ], [ 19.798337458323424, -17.956966482837267 ], [ 19.797032988554115, -17.949505252514644 ], [ 19.795587201226482, -17.9407794019764 ], [ 19.801000750769088, -17.939781395794729 ], [ 19.809392839618276, -17.938230079675701 ], [ 19.807856429610581, -17.930309529875966 ] ] ] } },
{ "type": "Feature", "properties": { "Settlement": "Masivi", "Town": "RUNDU", "Extension": "Masivi", "Region": "Kavango East", "LA ARea": null, "Block_Code": null, "TOWN_1": null, "EXTENSIO_1": null, "LA Area_1": "Rundu", "Set_Ext": "MasiviMasivi", "Id": null, "Constituen": null, "Upgrading_": null, "Area_sqm": null, "Area_Ha": null, "No_Structu": null, "No_HHs": null, "No_Taps": null, "No_Toilets": null, "OBJECTID": null, "layer": null, "path": null }, "geometry": { "type": "Polygon", "coordinates": [ [ [ 19.707655008213298, -17.973423821204388 ], [ 19.714727117222012, -17.971064266686131 ], [ 19.717929260787141, -17.972589542846404 ], [ 19.719192314264813, -17.971795704797387 ], [ 19.72124152820049, -17.973380161895651 ], [ 19.720558226750555, -17.976116442505845 ], [ 19.715898720198819, -17.978091100774684 ], [ 19.715885671110282, -17.979895918851781 ], [ 19.707887480207589, -17.979876217060962 ], [ 19.707887480207589, -17.979876217060962 ], [ 19.707655008213298, -17.973423821204388 ] ] ] } },
{ "type": "Feature", "properties": { "Settlement": "Kaisosi Green Scheme", "Town": "RUNDU", "Extension": "Kaisosi Green Scheme", "Region": "Kavango East", "LA ARea": null, "Block_Code": null, "TOWN_1": null, "EXTENSIO_1": null, "LA Area_1": "Rundu", "Set_Ext": "Kaisosi Green SchemeKaisosi Green Scheme", "Id": null, "Constituen": null, "Upgrading_": null, "Area_sqm": null, "Area_Ha": null, "No_Structu": null, "No_HHs": null, "No_Taps": null, "No_Toilets": null, "OBJECTID": null, "layer": null, "path": null }, "geometry": { "type": "Polygon", "coordinates": [ [ [ 19.817044889901553, -17.902457836044828 ], [ 19.819926648449322, -17.904881961194388 ], [ 19.822495264008399, -17.907153738080194 ], [ 19.825995160510288, -17.911169231050884 ], [ 19.826134154702871, -17.911270346156993 ], [ 19.826089669582654, -17.912724087086794 ], [ 19.822816373697119, -17.911400716433644 ], [ 19.820658475263873, -17.910368172766432 ], [ 19.819302166274493, -17.909557737050918 ], [ 19.818276546798081, -17.908899715349296 ], [ 19.817772634369039, -17.908545687582222 ], [ 19.816730013705065, -17.907820704131172 ], [ 19.817438906020943, -17.906220592331326 ], [ 19.817241287127302, -17.904431130600141 ], [ 19.817241287127302, -17.904431130600141 ], [ 19.817044889901553, -17.902457836044828 ] ] ] } },
{ "type": "Feature", "properties": { "Settlement": "Ndama South", "Town": "RUNDU", "Extension": "Ndama South", "Region": "Kavango East", "LA ARea": null, "Block_Code": null, "TOWN_1": null, "EXTENSIO_1": null, "LA Area_1": "Rundu", "Set_Ext": "Ndama SouthNdama South", "Id": null, "Constituen": null, "Upgrading_": null, "Area_sqm": null, "Area_Ha": null, "No_Structu": null, "No_HHs": null, "No_Taps": null, "No_Toilets": null, "OBJECTID": null, "layer": null, "path": null }, "geometry": { "type": "Polygon", "coordinates": [ [ [ 19.75483216753479, -17.957128704000343 ], [ 19.75481927004105, -17.956476840833371 ], [ 19.75481927004105, -17.956476840833371 ], [ 19.75481927004105, -17.956476840833371 ], [ 19.754838983746403, -17.953660940998798 ], [ 19.758067466097835, -17.95142545080185 ], [ 19.762102288771914, -17.948727096729183 ], [ 19.763199234027478, -17.947915178749465 ], [ 19.762705909164083, -17.946040250653144 ], [ 19.762479048131219, -17.946022093102638 ], [ 19.762481488598311, -17.945671148742711 ], [ 19.76243282820186, -17.945136042667411 ], [ 19.762436198304187, -17.94465140517892 ], [ 19.762441311359758, -17.943916093080187 ], [ 19.762446714663724, -17.943139001822964 ], [ 19.761618076600417, -17.941780018901405 ], [ 19.76336336399072, -17.941256339131176 ], [ 19.764032620034641, -17.940424978069711 ], [ 19.764118872074555, -17.940575938257922 ], [ 19.772500194477658, -17.937971791440496 ], [ 19.777736181924258, -17.936350261337637 ], [ 19.781848067443217, -17.935055792203304 ], [ 19.783177451747125, -17.934696445008214 ], [ 19.783606616038259, -17.935768731581931 ], [ 19.783656024706055, -17.936203565840241 ], [ 19.785665287749357, -17.935998868529698 ], [ 19.785683886371356, -17.935831859631893 ], [ 19.78755404172804, -17.935542710587029 ], [ 19.789652293838738, -17.935087838534503 ], [ 19.792553191083059, -17.934704781583036 ], [ 19.792610779783388, -17.933936362123685 ], [ 19.794289087824204, -17.933612529536745 ], [ 19.795707247623554, -17.940774297068369 ], [ 19.798393329205751, -17.956701278478228 ], [ 19.778081374312354, -17.959816715463045 ], [ 19.767582166262184, -17.95921554583466 ], [ 19.766412619694258, -17.959157980160917 ], [ 19.766195133408957, -17.957786183246682 ], [ 19.764832946389411, -17.957810946035128 ], [ 19.764961324257968, -17.956926007148706 ], [ 19.764455539534207, -17.956839227127219 ], [ 19.761717094991958, -17.956403971423789 ], [ 19.757204444648576, -17.954988013653381 ], [ 19.75483216753479, -17.957128704000343 ] ] ] } },
{ "type": "Feature", "properties": { "Settlement": "SIKANDUKO", "Town": "RUNDU", "Extension": "N/A", "Region": "KAVANGO EAST", "LA ARea": null, "Block_Code": null, "TOWN_1": null, "EXTENSIO_1": null, "LA Area_1": null, "Set_Ext": "SIKANDUKON/A", "Id": null, "Constituen": null, "Upgrading_": null, "Area_sqm": null, "Area_Ha": null, "No_Structu": null, "No_HHs": null, "No_Taps": null, "No_Toilets": null, "OBJECTID": null, "layer": null, "path": null }, "geometry": { "type": "Polygon", "coordinates": [ [ [ 19.741743442317173, -17.950071993419588 ], [ 19.741725655337135, -17.950058597389035 ], [ 19.742897652967621, -17.948793910944378 ], [ 19.743227514339953, -17.949080322576247 ], [ 19.743965775506584, -17.94919737763141 ], [ 19.744470997899999, -17.949434368200002 ], [ 19.744596700829849, -17.949600843398084 ], [ 19.744974339742214, -17.949784519638236 ], [ 19.745346742759793, -17.950247133865634 ], [ 19.747168834149797, -17.950904629258837 ], [ 19.748447046967566, -17.947964559864129 ], [ 19.749068062799996, -17.946579968099996 ], [ 19.7493685701, -17.946188868499998 ], [ 19.749992466799988, -17.945857093999976 ], [ 19.753594586041711, -17.943289113799057 ], [ 19.753785704399998, -17.944047770199994 ], [ 19.756379450868859, -17.943277999740754 ], [ 19.761595147462316, -17.941790766804921 ], [ 19.761860906402799, -17.942270283685264 ], [ 19.762478653655126, -17.943137145834505 ], [ 19.762446295465718, -17.943645786942586 ], [ 19.762405112315566, -17.944188009347126 ], [ 19.762419820583478, -17.944833776571826 ], [ 19.762496303576626, -17.946025956024744 ], [ 19.762734577516806, -17.946048344294418 ], [ 19.7628291662, -17.946333863199992 ], [ 19.763239806519604, -17.947952736112732 ], [ 19.754795478111209, -17.953708136117616 ], [ 19.754871948106512, -17.962669091336394 ], [ 19.747640126802477, -17.96302365757677 ], [ 19.747388664846525, -17.968971601370843 ], [ 19.741136791082766, -17.975164799491573 ], [ 19.74078799087156, -17.980025789241555 ], [ 19.735792870020457, -17.980093563677627 ], [ 19.725184389766781, -17.979990692713844 ], [ 19.735726599935752, -17.97100170083187 ], [ 19.742944681093807, -17.962759331576223 ], [ 19.739501919934696, -17.960681398851477 ], [ 19.740051565826036, -17.957041699265734 ], [ 19.738011834945187, -17.954120522399016 ], [ 19.741601425910076, -17.950233151110904 ], [ 19.741606445923701, -17.950237222622114 ], [ 19.741743442317173, -17.950071993419588 ] ], [ [ 19.745532286990173, -17.952296536024519 ], [ 19.745531681238749, -17.952296472296425 ], [ 19.745534643422019, -17.952299438709023 ], [ 19.745532286990173, -17.952296536024519 ] ] ] } },
{ "type": "Feature", "properties": { "Settlement": "Behind Police Station", "Town": "WINDHOEK", "Extension": null, "Region": null, "LA ARea": null, "Block_Code": "MG", "TOWN_1": null, "EXTENSIO_1": null, "LA Area_1": null, "Set_Ext": null, "Id": "0", "Constituen": "Khomasdal North", "Upgrading_": null, "Area_sqm": 0.0, "Area_Ha": 0.0, "No_Structu": 0.0, "No_HHs": 0.0, "No_Taps": 0.0, "No_Toilets": 0.0, "OBJECTID": null, "layer": "Khomasdal_North", "path": "E:/UN-HABITAT 2022/NAMIMBIA_2025/ANALYTICS - NOV 2025/20251103 NamibiaData WalvisBay/Windhoek_Informal_Settlements_merged_polygons/merged_polygons - Copy/Khomasdal_North.shp" }, "geometry": { "type": "Polygon", "coordinates": [ [ [ 17.009924232915459, -22.55154519504859 ], [ 17.010634311639528, -22.551379717129361 ], [ 17.011125394121589, -22.55119585254187 ], [ 17.011822200346103, -22.550889411018211 ], [ 17.012081014086604, -22.550748447688768 ], [ 17.012512370320838, -22.550601355365387 ], [ 17.013540989033299, -22.550331685698616 ], [ 17.01376662152505, -22.550405232023643 ], [ 17.014045344014882, -22.55042361859876 ], [ 17.014489972748603, -22.550472649453756 ], [ 17.014828421486229, -22.550497164874784 ], [ 17.015127052725294, -22.550515551437673 ], [ 17.015566420961658, -22.550754519882631 ], [ 17.015356002078498, -22.550935600263607 ], [ 17.015256406224594, -22.551021309480653 ], [ 17.015277543593033, -22.551255563336436 ], [ 17.015460734119483, -22.551483309759433 ], [ 17.01562916537652, -22.551730363050165 ], [ 17.015767794630804, -22.552024312251788 ], [ 17.015869389909231, -22.552309700765967 ], [ 17.016008446383815, -22.552557033331702 ], [ 17.01613930876762, -22.552847805638653 ], [ 17.016207587804129, -22.553018961540896 ], [ 17.015531863960554, -22.55307125983796 ], [ 17.015485410212214, -22.552869011257883 ], [ 17.01535268521711, -22.552550315923927 ], [ 17.015160233974111, -22.552305165166111 ], [ 17.015146961474588, -22.552256134962242 ], [ 17.015452228963461, -22.552127430594314 ], [ 17.015233232721425, -22.551882279085046 ], [ 17.014841693985716, -22.551441005270707 ], [ 17.015040781478458, -22.551355201865178 ], [ 17.015007600229673, -22.551232625478931 ], [ 17.014901420233542, -22.551054889525513 ], [ 17.014463427749568, -22.551146821943792 ], [ 17.013899346520191, -22.551312300142349 ], [ 17.013607351530837, -22.551373588313709 ], [ 17.013421536537649, -22.551379717129365 ], [ 17.012983544053668, -22.551526808622928 ], [ 17.012890636557024, -22.551563581471825 ], [ 17.012870727807794, -22.551747445569294 ], [ 17.012976907803925, -22.552121301811869 ], [ 17.012651731565757, -22.552225491076026 ], [ 17.011908471592935, -22.552409354291392 ], [ 17.011224937867944, -22.552544187160304 ], [ 17.010846671631757, -22.552672891139522 ], [ 17.010514859143878, -22.552746436216552 ], [ 17.009983959163254, -22.552715792439241 ], [ 17.009831325418851, -22.552629989826421 ], [ 17.009864506667601, -22.552115173029165 ], [ 17.009924232915459, -22.55154519504859 ] ] ] } },
{ "type": "Feature", "properties": { "Settlement": "Beijing Mersin Streets", "Town": "WINDHOEK", "Extension": null, "Region": null, "LA ARea": null, "Block_Code": "MNA", "TOWN_1": null, "EXTENSIO_1": null, "LA Area_1": null, "Set_Ext": null, "Id": "0", "Constituen": "Khomasdal North", "Upgrading_": null, "Area_sqm": 0.0, "Area_Ha": 0.0, "No_Structu": 0.0, "No_HHs": 0.0, "No_Taps": 0.0, "No_Toilets": 0.0, "OBJECTID": null, "layer": "Khomasdal_North", "path": "E:/UN-HABITAT 2022/NAMIMBIA_2025/ANALYTICS - NOV 2025/20251103 NamibiaData WalvisBay/Windhoek_Informal_Settlements_merged_polygons/merged_polygons - Copy/Khomasdal_North.shp" }, "geometry": { "type": "Polygon", "coordinates": [ [ [ 17.017739618761865, -22.550130927393358 ], [ 17.017563497048826, -22.549468682651096 ], [ 17.018024834435018, -22.549347282430684 ], [ 17.018383547993153, -22.549238878704717 ], [ 17.018523961862979, -22.549044359655827 ], [ 17.018687960875035, -22.548761192112742 ], [ 17.018709352050521, -22.548471438676454 ], [ 17.018909003021733, -22.548148757997282 ], [ 17.019229870654005, -22.547859003275001 ], [ 17.019522216719, -22.547661442888305 ], [ 17.01993577944506, -22.547615345424017 ], [ 17.02066307941157, -22.547714125685719 ], [ 17.02108377252944, -22.547826076563545 ], [ 17.021048120570256, -22.547918271335831 ], [ 17.020948295084651, -22.548227781906842 ], [ 17.02066307941157, -22.548188269957695 ], [ 17.020484819615845, -22.548188269957702 ], [ 17.020313690211935, -22.548201440608633 ], [ 17.020335081387447, -22.548438512111133 ], [ 17.020071256889782, -22.54845168273819 ], [ 17.019985692187813, -22.548504365233914 ], [ 17.019921518661391, -22.548662412600546 ], [ 17.019607781420941, -22.548708509715059 ], [ 17.019272653004972, -22.548833630376752 ], [ 17.019336826531426, -22.549077286076585 ], [ 17.018966046156336, -22.549248503338035 ], [ 17.018573874605796, -22.54941313511986 ], [ 17.018310050108166, -22.549511914094619 ], [ 17.018174572663405, -22.549696301325088 ], [ 17.018131790312438, -22.550032148861696 ], [ 17.017739618761865, -22.550130927393358 ] ] ] } },
{ "type": "Feature", "properties": { "Settlement": "Beijng Street", "Town": "WINDHOEK", "Extension": null, "Region": null, "LA ARea": null, "Block_Code": "BA", "TOWN_1": null, "EXTENSIO_1": null, "LA Area_1": null, "Set_Ext": null, "Id": "0", "Constituen": "Khomasdal North", "Upgrading_": null, "Area_sqm": 0.0, "Area_Ha": 0.0, "No_Structu": 0.0, "No_HHs": 0.0, "No_Taps": 0.0, "No_Toilets": 0.0, "OBJECTID": null, "layer": "Khomasdal_North", "path": "E:/UN-HABITAT 2022/NAMIMBIA_2025/ANALYTICS - NOV 2025/20251103 NamibiaData WalvisBay/Windhoek_Informal_Settlements_merged_polygons/merged_polygons - Copy/Khomasdal_North.shp" }, "geometry": { "type": "Polygon", "coordinates": [ [ [ 17.02333995275265, -22.550735530105573 ], [ 17.023884050792304, -22.550452642914724 ], [ 17.023751049049295, -22.550292588062987 ], [ 17.023916293639083, -22.55009903311057 ], [ 17.024057356093817, -22.550102755323781 ], [ 17.024117811431541, -22.550132533025625 ], [ 17.024178266769301, -22.550218143882628 ], [ 17.0242749953097, -22.550396809847992 ], [ 17.024351572070813, -22.550605253181804 ], [ 17.024407997052709, -22.550839751555948 ], [ 17.02359386517114, -22.551230581293932 ], [ 17.02333995275265, -22.550735530105573 ] ] ] } },
{ "type": "Feature", "properties": { "Settlement": "Calcuta", "Town": "WINDHOEK", "Extension": null, "Region": null, "LA ARea": null, "Block_Code": "CL", "TOWN_1": null, "EXTENSIO_1": null, "LA Area_1": null, "Set_Ext": null, "Id": "0", "Constituen": "Khomasdal North", "Upgrading_": null, "Area_sqm": 0.0, "Area_Ha": 0.0, "No_Structu": 0.0, "No_HHs": 0.0, "No_Taps": 0.0, "No_Toilets": 0.0, "OBJECTID": null, "layer": "Khomasdal_North", "path": "E:/UN-HABITAT 2022/NAMIMBIA_2025/ANALYTICS - NOV 2025/20251103 NamibiaData WalvisBay/Windhoek_Informal_Settlements_merged_polygons/merged_polygons - Copy/Khomasdal_North.shp" }, "geometry": { "type": "Polygon", "coordinates": [ [ [ 17.016161, -22.555378 ], [ 17.016379846753917, -22.555500513915202 ], [ 17.016585665291558, -22.555725888551375 ], [ 17.016735618797501, -22.556024577260953 ], [ 17.016726798003038, -22.556285250515248 ], [ 17.016641530323181, -22.556602945377922 ], [ 17.016515098935816, -22.556909778183215 ], [ 17.01645923390419, -22.557067267322633 ], [ 17.016339, -22.557016 ], [ 17.016021134445598, -22.556936931495962 ], [ 17.01608, -22.556668 ], [ 17.016088760536494, -22.5563775721747 ], [ 17.016053477358639, -22.55627710448351 ], [ 17.015874121204462, -22.556260812418579 ], [ 17.015877061469304, -22.555701450355674 ], [ 17.01589470305823, -22.555397330223908 ], [ 17.016161, -22.555378 ] ] ] } },
{ "type": "Feature", "properties": { "Settlement": "Daan Viljoen A", "Town": "WINDHOEK", "Extension": null, "Region": null, "LA ARea": null, "Block_Code": "DA", "TOWN_1": null, "EXTENSIO_1": null, "LA Area_1": null, "Set_Ext": null, "Id": "0", "Constituen": "Khomasdal North", "Upgrading_": null, "Area_sqm": 0.0, "Area_Ha": 0.0, "No_Structu": 0.0, "No_HHs": 0.0, "No_Taps": 0.0, "No_Toilets": 0.0, "OBJECTID": null, "layer": "Khomasdal_North", "path": "E:/UN-HABITAT 2022/NAMIMBIA_2025/ANALYTICS - NOV 2025/20251103 NamibiaData WalvisBay/Windhoek_Informal_Settlements_merged_polygons/merged_polygons - Copy/Khomasdal_North.shp" }, "geometry": { "type": "Polygon", "coordinates": [ [ [ 17.005413089402364, -22.562329013082838 ], [ 17.005688278779491, -22.562375218006167 ], [ 17.005834212540069, -22.56237906841578 ], [ 17.005950959548539, -22.562359816366772 ], [ 17.0061177409892, -22.562352115546453 ], [ 17.006213640317583, -22.562332863493673 ], [ 17.006305370109949, -22.562348265136084 ], [ 17.00638876083028, -22.562402170871014 ], [ 17.006518016446762, -22.562456076584841 ], [ 17.006684797887427, -22.562432974138602 ], [ 17.006847409792073, -22.562440674954445 ], [ 17.007143446849287, -22.562379068415776 ], [ 17.007343584578081, -22.562382918825218 ], [ 17.00726019385775, -22.562509982277561 ], [ 17.007051717056921, -22.562590840777201 ], [ 17.006793205823858, -22.562663998426494 ], [ 17.006534694590862, -22.562748707235052 ], [ 17.006347065470081, -22.562802612813385 ], [ 17.006513846910785, -22.563260809378651 ], [ 17.006643102527292, -22.563222305524175 ], [ 17.006688967423475, -22.563260809378654 ], [ 17.007118429633156, -22.563276210917433 ], [ 17.0071559554573, -22.563025935699269 ], [ 17.007235176641654, -22.562991282171712 ], [ 17.007264363393734, -22.563102943507047 ], [ 17.007372771330164, -22.563218455138159 ], [ 17.007343584578081, -22.563283911686163 ], [ 17.007297719681901, -22.563499533036239 ], [ 17.007235176641654, -22.563722854793451 ], [ 17.0071559554573, -22.564000081299181 ], [ 17.006534694590862, -22.563892271057593 ], [ 17.005971807228619, -22.563819114059978 ], [ 17.005492310586675, -22.563730555537251 ], [ 17.005200443065515, -22.563668949574808 ], [ 17.00525464703373, -22.56321460475198 ], [ 17.005338037754065, -22.562760258432156 ], [ 17.005413089402364, -22.562329013082838 ] ] ] } },
{ "type": "Feature", "properties": { "Settlement": "Daan Viljoen B", "Town": "WINDHOEK", "Extension": null, "Region": null, "LA ARea": null, "Block_Code": "DB", "TOWN_1": null, "EXTENSIO_1": null, "LA Area_1": null, "Set_Ext": null, "Id": "0", "Constituen": "Khomasdal North", "Upgrading_": null, "Area_sqm": 0.0, "Area_Ha": 0.0, "No_Structu": 0.0, "No_HHs": 0.0, "No_Taps": 0.0, "No_Toilets": 0.0, "OBJECTID": null, "layer": "Khomasdal_North", "path": "E:/UN-HABITAT 2022/NAMIMBIA_2025/ANALYTICS - NOV 2025/20251103 NamibiaData WalvisBay/Windhoek_Informal_Settlements_merged_polygons/merged_polygons - Copy/Khomasdal_North.shp" }, "geometry": { "type": "Polygon", "coordinates": [ [ [ 17.007343584578081, -22.562382918825218 ], [ 17.007447822978463, -22.562194248634601 ], [ 17.00751036601871, -22.562024830284237 ], [ 17.007514535554765, -22.561909317653296 ], [ 17.007564569986926, -22.561705245102139 ], [ 17.007602095811077, -22.56156662961218 ], [ 17.007702164675475, -22.561531975717926 ], [ 17.007935658692407, -22.561466518338296 ], [ 17.008185830853439, -22.561397210490775 ], [ 17.008481867910582, -22.561316351291261 ], [ 17.008748718215646, -22.561335603485901 ], [ 17.00896553408851, -22.561478069642838 ], [ 17.009207367177506, -22.561589732203522 ], [ 17.009478387018582, -22.56174374938017 ], [ 17.009695202891447, -22.561843860452811 ], [ 17.010087139277005, -22.562009428605698 ], [ 17.009795271755845, -22.562232752776072 ], [ 17.009624320779164, -22.562394470053029 ], [ 17.009286588361817, -22.562656297623121 ], [ 17.009003059912654, -22.562860368766803 ], [ 17.008702853319463, -22.562998982956373 ], [ 17.008390138118216, -22.563110644285498 ], [ 17.008114948741152, -22.563129896229626 ], [ 17.007914811012359, -22.563168400109905 ], [ 17.007856437508092, -22.563376320877509 ], [ 17.007685486531411, -22.563303163606129 ], [ 17.007439483906431, -22.563179951271849 ], [ 17.007372771330164, -22.563218455138159 ], [ 17.007314990450379, -22.563156888037167 ], [ 17.007264363393734, -22.563102943507047 ], [ 17.007235176641654, -22.562991282171712 ], [ 17.0071559554573, -22.563025935699269 ], [ 17.00713161508882, -22.563188271720406 ], [ 17.007118429633156, -22.563276210917433 ], [ 17.007039004386829, -22.563273362538812 ], [ 17.00686750244278, -22.563267212070325 ], [ 17.006792563813452, -22.563264524592363 ], [ 17.006688967423475, -22.563260809378654 ], [ 17.006643102527292, -22.563222305524175 ], [ 17.006513846910785, -22.563260809378651 ], [ 17.006458387134735, -22.563108445598711 ], [ 17.006415943104617, -22.562991839661425 ], [ 17.006347065470081, -22.562802612813385 ], [ 17.006467702293374, -22.562767954028825 ], [ 17.006627992776135, -22.562718135346671 ], [ 17.006793205823858, -22.562663998426494 ], [ 17.006914807540639, -22.562629585629828 ], [ 17.007051717056921, -22.562590840777201 ], [ 17.00726019385775, -22.562509982277561 ], [ 17.007343584578081, -22.562382918825218 ] ] ] } },
{ "type": "Feature", "properties": { "Settlement": "Daan Viljoen C", "Town": "WINDHOEK", "Extension": null, "Region": null, "LA ARea": null, "Block_Code": "DC", "TOWN_1": null, "EXTENSIO_1": null, "LA Area_1": null, "Set_Ext": null, "Id": "0", "Constituen": "Khomasdal North", "Upgrading_": null, "Area_sqm": 0.0, "Area_Ha": 0.0, "No_Structu": 0.0, "No_HHs": 0.0, "No_Taps": 0.0, "No_Toilets": 0.0, "OBJECTID": null, "layer": "Khomasdal_North", "path": "E:/UN-HABITAT 2022/NAMIMBIA_2025/ANALYTICS - NOV 2025/20251103 NamibiaData WalvisBay/Windhoek_Informal_Settlements_merged_polygons/merged_polygons - Copy/Khomasdal_North.shp" }, "geometry": { "type": "Polygon", "coordinates": [ [ [ 17.010795960399829, -22.561913168075858 ], [ 17.010795960399829, -22.561986326084678 ], [ 17.010790827507567, -22.562128681739086 ], [ 17.010770233342278, -22.562282727216548 ], [ 17.010741599350578, -22.562438234411733 ], [ 17.010717623829564, -22.562506500879511 ], [ 17.0106763503296, -22.562593039066886 ], [ 17.010634309224503, -22.56266602688428 ], [ 17.010565777347448, -22.562766006345189 ], [ 17.010448191328795, -22.562904853891617 ], [ 17.010345650510001, -22.563025935699255 ], [ 17.010245581645602, -22.563156848946928 ], [ 17.010133004173188, -22.563249258223415 ], [ 17.010009847469856, -22.563331539567706 ], [ 17.009918971272231, -22.563413307911631 ], [ 17.009786339790239, -22.563510990693114 ], [ 17.009674355211327, -22.56358424133154 ], [ 17.009578455882981, -22.563699752559451 ], [ 17.009457539338467, -22.563784460731753 ], [ 17.009319944649917, -22.563826814798393 ], [ 17.00922417744027, -22.563886771723642 ], [ 17.009121777213615, -22.563950881349452 ], [ 17.008954774162547, -22.564071350955757 ], [ 17.008891760796054, -22.564119216715589 ], [ 17.008769042704657, -22.564204566081941 ], [ 17.008665327495311, -22.564265756177498 ], [ 17.008580946222249, -22.564352335997622 ], [ 17.008519393734797, -22.564435171774644 ], [ 17.008452681158499, -22.564542981591739 ], [ 17.008310916933901, -22.564492927044288 ], [ 17.007969014980574, -22.564338912938144 ], [ 17.007723012355591, -22.5642349533193 ], [ 17.007406127618331, -22.564115592178744 ], [ 17.0071559554573, -22.564000081299181 ], [ 17.007179400356073, -22.563918038310156 ], [ 17.007208317159872, -22.563816846890294 ], [ 17.007259242381025, -22.563636923561056 ], [ 17.007297719681901, -22.563499533036239 ], [ 17.007335712770626, -22.563320918874599 ], [ 17.007372771330164, -22.563218455138159 ], [ 17.007439483906431, -22.563179951271849 ], [ 17.00753307957774, -22.563226829407139 ], [ 17.007647753387413, -22.563284264673623 ], [ 17.007761585668433, -22.563335729702789 ], [ 17.007856437508092, -22.563376320877509 ], [ 17.007883335838812, -22.563280511668143 ], [ 17.007914811012359, -22.563168400109905 ], [ 17.007982911121406, -22.56315529854119 ], [ 17.008114948741152, -22.563129896229626 ], [ 17.008390138118216, -22.563110644285498 ], [ 17.008475885729098, -22.563080026364336 ], [ 17.008609609442559, -22.563032277590388 ], [ 17.008797918740672, -22.562955088478095 ], [ 17.009003059912654, -22.562860368766803 ], [ 17.009068821118916, -22.562813036807739 ], [ 17.009228036475704, -22.562698440686429 ], [ 17.009362196942362, -22.5625976819993 ], [ 17.009512236493702, -22.562481363620922 ], [ 17.009657270401377, -22.562363300177541 ], [ 17.009795271755845, -22.562232752776072 ], [ 17.009868026728441, -22.562177083909738 ], [ 17.009961336746688, -22.562105687204621 ], [ 17.010087139277005, -22.562009428605698 ], [ 17.010258090253689, -22.561978625243448 ], [ 17.010470736590534, -22.561970924401805 ], [ 17.010795960399829, -22.561913168075858 ] ] ] } },
{ "type": "Feature", "properties": { "Settlement": "Daan Viljoen D", "Town": "WINDHOEK", "Extension": null, "Region": null, "LA ARea": null, "Block_Code": "DD", "TOWN_1": null, "EXTENSIO_1": null, "LA Area_1": null, "Set_Ext": null, "Id": "0", "Constituen": "Khomasdal North", "Upgrading_": null, "Area_sqm": 0.0, "Area_Ha": 0.0, "No_Structu": 0.0, "No_HHs": 0.0, "No_Taps": 0.0, "No_Toilets": 0.0, "OBJECTID": null, "layer": "Khomasdal_North", "path": "E:/UN-HABITAT 2022/NAMIMBIA_2025/ANALYTICS - NOV 2025/20251103 NamibiaData WalvisBay/Windhoek_Informal_Settlements_merged_polygons/merged_polygons - Copy/Khomasdal_North.shp" }, "geometry": { "type": "Polygon", "coordinates": [ [ [ 17.011517290130666, -22.561840010028281 ], [ 17.011508951058634, -22.562136492402171 ], [ 17.011471425234483, -22.562459926992137 ], [ 17.011467255698502, -22.562802612813375 ], [ 17.011421390802315, -22.563060589218111 ], [ 17.011450577554434, -22.563191502432904 ], [ 17.011529798738746, -22.563214604751984 ], [ 17.011609019923032, -22.563272360532871 ], [ 17.01149227291457, -22.563480281143732 ], [ 17.011396373586219, -22.563618894710078 ], [ 17.011338000081953, -22.563730555537258 ], [ 17.011212914001494, -22.563834515536396 ], [ 17.011050302096844, -22.563961577651142 ], [ 17.010958572304475, -22.564119442539706 ], [ 17.010841825296012, -22.5642465043919 ], [ 17.010750095503646, -22.564358164710832 ], [ 17.010700061071411, -22.5644582738854 ], [ 17.010637518031164, -22.564554532638546 ], [ 17.010533279630781, -22.564662342362304 ], [ 17.010462397518467, -22.564770152001763 ], [ 17.010391515406184, -22.564981920690979 ], [ 17.010253920717638, -22.565320749917202 ], [ 17.010066291596889, -22.565270695652107 ], [ 17.009645168459215, -22.565120532747802 ], [ 17.009374148618136, -22.564997322037517 ], [ 17.009073942024937, -22.564870260877207 ], [ 17.008452681158499, -22.564542981591739 ], [ 17.008552750022897, -22.564381266834467 ], [ 17.008665327495311, -22.564265756177498 ], [ 17.008815430791945, -22.564177197941572 ], [ 17.009073942024937, -22.563980829476534 ], [ 17.009319944649917, -22.563826814798393 ], [ 17.009457539338467, -22.563784460731753 ], [ 17.009578455882981, -22.563699752559451 ], [ 17.009674355211327, -22.56358424133154 ], [ 17.009874492940128, -22.563453328489647 ], [ 17.010037104844773, -22.563307013989775 ], [ 17.010133004173188, -22.563249258223415 ], [ 17.010245581645602, -22.563156848946928 ], [ 17.010345650510001, -22.563025935699255 ], [ 17.010599992207016, -22.562725604837841 ], [ 17.010704230607463, -22.562544635926066 ], [ 17.010754265039626, -22.562402170871014 ], [ 17.010795960399829, -22.562090287398782 ], [ 17.010795960399829, -22.561913168075858 ], [ 17.011517290130666, -22.561840010028281 ] ] ] } },
{ "type": "Feature", "properties": { "Settlement": "Daan Viljoen E", "Town": "WINDHOEK", "Extension": null, "Region": null, "LA ARea": null, "Block_Code": "DE", "TOWN_1": null, "EXTENSIO_1": null, "LA Area_1": null, "Set_Ext": null, "Id": "0", "Constituen": "Khomasdal North", "Upgrading_": null, "Area_sqm": 0.0, "Area_Ha": 0.0, "No_Structu": 0.0, "No_HHs": 0.0, "No_Taps": 0.0, "No_Toilets": 0.0, "OBJECTID": null, "layer": "Khomasdal_North", "path": "E:/UN-HABITAT 2022/NAMIMBIA_2025/ANALYTICS - NOV 2025/20251103 NamibiaData WalvisBay/Windhoek_Informal_Settlements_merged_polygons/merged_polygons - Copy/Khomasdal_North.shp" }, "geometry": { "type": "Polygon", "coordinates": [ [ [ 17.011609019923032, -22.563272360532871 ], [ 17.011830005331952, -22.563268510148259 ], [ 17.012025973524693, -22.563272360532867 ], [ 17.01222611125349, -22.563210754365773 ], [ 17.012338688725972, -22.563145297783073 ], [ 17.01248462248655, -22.563295462838461 ], [ 17.012597199959, -22.563372470495729 ], [ 17.012747303255566, -22.563522635303826 ], [ 17.012722286039498, -22.563665099201273 ], [ 17.012634725783116, -22.563822964429257 ], [ 17.012517978774653, -22.564042435299587 ], [ 17.012438757590367, -22.564335062583307 ], [ 17.012305332437837, -22.564539131242533 ], [ 17.012130211925143, -22.564777852687069 ], [ 17.01199678677261, -22.564970369679962 ], [ 17.011855022548012, -22.565166736735797 ], [ 17.011696580179414, -22.565355402859318 ], [ 17.01164654574718, -22.565586422250878 ], [ 17.011421390802319, -22.565559470008491 ], [ 17.011363017298052, -22.565547919045809 ], [ 17.011012776272693, -22.565501715185594 ], [ 17.010587483598997, -22.565432409366206 ], [ 17.010253920717638, -22.565320749917202 ], [ 17.010291103840217, -22.565229185936914 ], [ 17.010344393937533, -22.565097958190989 ], [ 17.010391515406184, -22.564981920690979 ], [ 17.010434250004952, -22.564854246064563 ], [ 17.010462397518467, -22.564770152001763 ], [ 17.010501438831042, -22.564710771306778 ], [ 17.010533279630781, -22.564662342362304 ], [ 17.010614732064305, -22.564578099285139 ], [ 17.010700061071411, -22.5644582738854 ], [ 17.010750095503646, -22.564358164710832 ], [ 17.010801602647422, -22.564295466399493 ], [ 17.010880657856745, -22.564204240905799 ], [ 17.010958572304475, -22.564119442539706 ], [ 17.010984460019518, -22.564074890388561 ], [ 17.011050302096844, -22.563961577651142 ], [ 17.011087310323401, -22.563932660076716 ], [ 17.011153476546671, -22.563880958943663 ], [ 17.011246316361788, -22.563806754586636 ], [ 17.011338000081953, -22.563730555537258 ], [ 17.011367102397998, -22.563674886650173 ], [ 17.011396373586219, -22.563618894710078 ], [ 17.011443403667815, -22.563550917115528 ], [ 17.011524141692533, -22.563423524467531 ], [ 17.011609019923032, -22.563272360532871 ] ] ] } },
{ "type": "Feature", "properties": { "Settlement": "School Area SA", "Town": "WINDHOEK", "Extension": null, "Region": null, "LA ARea": null, "Block_Code": "SA", "TOWN_1": null, "EXTENSIO_1": null, "LA Area_1": null, "Set_Ext": null, "Id": "0", "Constituen": "Khomasdal North", "Upgrading_": null, "Area_sqm": 0.0, "Area_Ha": 0.0, "No_Structu": 0.0, "No_HHs": 0.0, "No_Taps": 0.0, "No_Toilets": 0.0, "OBJECTID": null, "layer": "Khomasdal_North", "path": "E:/UN-HABITAT 2022/NAMIMBIA_2025/ANALYTICS - NOV 2025/20251103 NamibiaData WalvisBay/Windhoek_Informal_Settlements_merged_polygons/merged_polygons - Copy/Khomasdal_North.shp" }, "geometry": { "type": "Polygon", "coordinates": [ [ [ 17.015053056672745, -22.562232752776147 ], [ 17.014994683168545, -22.562409871688608 ], [ 17.014898783840135, -22.562752557634237 ], [ 17.014798714975733, -22.563183801658994 ], [ 17.01472735869454, -22.563525040376412 ], [ 17.014529790247131, -22.563581649118397 ], [ 17.014343975253944, -22.563740984133446 ], [ 17.014197977759252, -22.563832908096842 ], [ 17.013972345267508, -22.563857421143403 ], [ 17.013799802773839, -22.563839036358942 ], [ 17.013607351530837, -22.56385129288223 ], [ 17.01352771653378, -22.563526494647249 ], [ 17.013487899035251, -22.563281363397277 ], [ 17.013428172787428, -22.563011718518979 ], [ 17.013394991538608, -22.562883024186618 ], [ 17.013421536537649, -22.562680789993149 ], [ 17.013202540295676, -22.56265627673746 ], [ 17.013116269048776, -22.562435657239849 ], [ 17.01307645155028, -22.562233422390285 ], [ 17.013096360299546, -22.56197603215281 ], [ 17.012730625111534, -22.561943971452735 ], [ 17.01270560789543, -22.56172064681471 ], [ 17.012647234391167, -22.561543527017012 ], [ 17.012751472791614, -22.561424163546739 ], [ 17.012893237016179, -22.5612739964536 ], [ 17.013310190617805, -22.56148577051205 ], [ 17.013593719066968, -22.561612834791021 ], [ 17.014102402460992, -22.561843860452818 ], [ 17.014365083230039, -22.561947821874387 ], [ 17.014594407710952, -22.562067184891344 ], [ 17.014911292448222, -22.562186547804998 ], [ 17.015053056672745, -22.562232752776147 ] ] ] } },
{ "type": "Feature", "properties": { "Settlement": "School Area SB", "Town": "WINDHOEK", "Extension": null, "Region": null, "LA ARea": null, "Block_Code": "SB", "TOWN_1": null, "EXTENSIO_1": null, "LA Area_1": null, "Set_Ext": null, "Id": "0", "Constituen": "Khomasdal North", "Upgrading_": null, "Area_sqm": 0.0, "Area_Ha": 0.0, "No_Structu": 0.0, "No_HHs": 0.0, "No_Taps": 0.0, "No_Toilets": 0.0, "OBJECTID": null, "layer": "Khomasdal_North", "path": "E:/UN-HABITAT 2022/NAMIMBIA_2025/ANALYTICS - NOV 2025/20251103 NamibiaData WalvisBay/Windhoek_Informal_Settlements_merged_polygons/merged_polygons - Copy/Khomasdal_North.shp" }, "geometry": { "type": "Polygon", "coordinates": [ [ [ 17.013607351530837, -22.56385129288223 ], [ 17.013884940529817, -22.563848107975481 ], [ 17.014197977759252, -22.563832908096842 ], [ 17.014343975253944, -22.563740984133446 ], [ 17.014453173380101, -22.563647347551001 ], [ 17.014529790247131, -22.563581649118397 ], [ 17.01472735869454, -22.563525040376412 ], [ 17.014662515242271, -22.563863549404413 ], [ 17.014569607745695, -22.56440283530215 ], [ 17.014476700249084, -22.564813426560072 ], [ 17.014569607745695, -22.565107580739411 ], [ 17.014058616514337, -22.565334324157604 ], [ 17.013487899035251, -22.565469144391681 ], [ 17.013242357794169, -22.565524298085837 ], [ 17.013302084042035, -22.565254657593695 ], [ 17.01352771653378, -22.564844067649677 ], [ 17.013633896529878, -22.56441509177532 ], [ 17.013633896529878, -22.56404739710651 ], [ 17.013607351530837, -22.56385129288223 ] ] ] } },
{ "type": "Feature", "properties": { "Settlement": "Desperate For Shelter", "Town": "WINDHOEK", "Extension": null, "Region": null, "LA ARea": null, "Block_Code": "DS", "TOWN_1": null, "EXTENSIO_1": null, "LA Area_1": null, "Set_Ext": null, "Id": "0", "Constituen": "Khomasdal North", "Upgrading_": null, "Area_sqm": 0.0, "Area_Ha": 0.0, "No_Structu": 0.0, "No_HHs": 0.0, "No_Taps": 0.0, "No_Toilets": 0.0, "OBJECTID": null, "layer": "Khomasdal_North", "path": "E:/UN-HABITAT 2022/NAMIMBIA_2025/ANALYTICS - NOV 2025/20251103 NamibiaData WalvisBay/Windhoek_Informal_Settlements_merged_polygons/merged_polygons - Copy/Khomasdal_North.shp" }, "geometry": { "type": "Polygon", "coordinates": [ [ [ 17.010485, -22.555745 ], [ 17.01057528002967, -22.55552691092802 ], [ 17.010637117344675, -22.555222338488736 ], [ 17.010688763100003, -22.555212015299965 ], [ 17.01070980170001, -22.555172452699964 ], [ 17.010767888299995, -22.555135991399972 ], [ 17.010796127583237, -22.554974872886671 ], [ 17.010775515144935, -22.554844341401271 ], [ 17.01071918940001, -22.554774060799971 ], [ 17.010689, -22.554585 ], [ 17.010966, -22.554553 ], [ 17.011104, -22.554515 ], [ 17.011246, -22.554599 ], [ 17.011265019, -22.554687894899971 ], [ 17.011310029800036, -22.554849498 ], [ 17.011314383175755, -22.555012944546711 ], [ 17.011457, -22.555397 ], [ 17.011407129581599, -22.555516596509072 ], [ 17.011344712455436, -22.555564731545353 ], [ 17.011242130906641, -22.555600831648157 ], [ 17.011153958699996, -22.555623818199972 ], [ 17.011042060300003, -22.555682491499997 ], [ 17.010982884099999, -22.555723059900011 ], [ 17.010900154699996, -22.555729765399992 ], [ 17.010737126700032, -22.555715180899988 ], [ 17.010631850000042, -22.555718030800016 ], [ 17.010567728399995, -22.55570034499997 ], [ 17.010485, -22.555745 ] ] ] } },
{ "type": "Feature", "properties": { "Settlement": "Ghanzi Area GA", "Town": "WINDHOEK", "Extension": null, "Region": null, "LA ARea": null, "Block_Code": "GA", "TOWN_1": null, "EXTENSIO_1": null, "LA Area_1": null, "Set_Ext": null, "Id": "0", "Constituen": "Khomasdal North", "Upgrading_": null, "Area_sqm": 0.0, "Area_Ha": 0.0, "No_Structu": 0.0, "No_HHs": 0.0, "No_Taps": 0.0, "No_Toilets": 0.0, "OBJECTID": null, "layer": "Khomasdal_North", "path": "E:/UN-HABITAT 2022/NAMIMBIA_2025/ANALYTICS - NOV 2025/20251103 NamibiaData WalvisBay/Windhoek_Informal_Settlements_merged_polygons/merged_polygons - Copy/Khomasdal_North.shp" }, "geometry": { "type": "Polygon", "coordinates": [ [ [ 17.018615955585435, -22.553889351445388 ], [ 17.018203739849763, -22.553924969840168 ], [ 17.01818040885809, -22.55422274441819 ], [ 17.018201546226528, -22.554274799657012 ], [ 17.017778798857833, -22.554365896277741 ], [ 17.017785844647292, -22.554684733976529 ], [ 17.017697779580171, -22.554701756389314 ], [ 17.017482875699717, -22.554743295922719 ], [ 17.017250364646923, -22.55473028215906 ], [ 17.016482373593838, -22.554600144454792 ], [ 17.016313274646304, -22.55449603420298 ], [ 17.016263954119964, -22.553760753312716 ], [ 17.016228725172571, -22.553513489831914 ], [ 17.016207587804129, -22.553018961540896 ], [ 17.01605962622514, -22.552648064159261 ], [ 17.015869389909231, -22.552309700765967 ], [ 17.015700290961732, -22.551834689217483 ], [ 17.015460734119483, -22.551483309759433 ], [ 17.015277543593033, -22.551255563336436 ], [ 17.015256406224594, -22.551021309480653 ], [ 17.015566420961658, -22.550754519882631 ], [ 17.015975076751406, -22.550813083497125 ], [ 17.016404869909529, -22.550793562295059 ], [ 17.017102403067902, -22.550780548158826 ], [ 17.017356051489099, -22.550754519882627 ], [ 17.017905623068415, -22.550637392579066 ], [ 17.018102905173812, -22.551157957611508 ], [ 17.018321324647655, -22.551925787449395 ], [ 17.018476332016171, -22.552361756726643 ], [ 17.018603156226785, -22.552992933686973 ], [ 17.018624293595231, -22.553539517587652 ], [ 17.018615955585435, -22.553889351445388 ] ] ] } },
{ "type": "Feature", "properties": { "Settlement": "Ghanzi Area KA", "Town": "WINDHOEK", "Extension": null, "Region": null, "LA ARea": null, "Block_Code": "KA", "TOWN_1": null, "EXTENSIO_1": null, "LA Area_1": null, "Set_Ext": null, "Id": "0", "Constituen": "Khomasdal North", "Upgrading_": null, "Area_sqm": 0.0, "Area_Ha": 0.0, "No_Structu": 0.0, "No_HHs": 0.0, "No_Taps": 0.0, "No_Toilets": 0.0, "OBJECTID": null, "layer": "Khomasdal_North", "path": "E:/UN-HABITAT 2022/NAMIMBIA_2025/ANALYTICS - NOV 2025/20251103 NamibiaData WalvisBay/Windhoek_Informal_Settlements_merged_polygons/merged_polygons - Copy/Khomasdal_North.shp" }, "geometry": { "type": "Polygon", "coordinates": [ [ [ 17.018615955585435, -22.553889351445388 ], [ 17.018567927279395, -22.554203223698561 ], [ 17.018469286226711, -22.554684733976529 ], [ 17.01827904991077, -22.555218297456655 ], [ 17.017919714647402, -22.555335420871181 ], [ 17.017327868331201, -22.555420009942058 ], [ 17.016778296751884, -22.555485078422816 ], [ 17.01641896148848, -22.555270352319837 ], [ 17.016426007278007, -22.554931995358064 ], [ 17.016482373593838, -22.554600144454792 ], [ 17.017250364646923, -22.55473028215906 ], [ 17.017482875699717, -22.554743295922719 ], [ 17.017785844647292, -22.554684733976529 ], [ 17.017778798857833, -22.554365896277741 ], [ 17.018201546226528, -22.554274799657012 ], [ 17.01818040885809, -22.55422274441819 ], [ 17.018203739849763, -22.553924969840168 ], [ 17.018615955585435, -22.553889351445388 ] ] ] } },
{ "type": "Feature", "properties": { "Settlement": "Ghanzi Area KB", "Town": "WINDHOEK", "Extension": null, "Region": null, "LA ARea": null, "Block_Code": "KB", "TOWN_1": null, "EXTENSIO_1": null, "LA Area_1": null, "Set_Ext": null, "Id": "0", "Constituen": "Khomasdal North", "Upgrading_": null, "Area_sqm": 0.0, "Area_Ha": 0.0, "No_Structu": 0.0, "No_HHs": 0.0, "No_Taps": 0.0, "No_Toilets": 0.0, "OBJECTID": null, "layer": "Khomasdal_North", "path": "E:/UN-HABITAT 2022/NAMIMBIA_2025/ANALYTICS - NOV 2025/20251103 NamibiaData WalvisBay/Windhoek_Informal_Settlements_merged_polygons/merged_polygons - Copy/Khomasdal_North.shp" }, "geometry": { "type": "Polygon", "coordinates": [ [ [ 17.018990674648094, -22.553396364870601 ], [ 17.018983628858635, -22.553246705053034 ], [ 17.01896953727962, -22.552927864030739 ], [ 17.018870896226968, -22.552563473388762 ], [ 17.018758163595269, -22.552186067780628 ], [ 17.01865952254262, -22.551834689217486 ], [ 17.018863850437445, -22.551769619014987 ], [ 17.018920216753312, -22.551854210272246 ], [ 17.0189624914902, -22.551971336542849 ], [ 17.019047040963926, -22.552101476726854 ], [ 17.019152727806102, -22.552277165780584 ], [ 17.019180910963968, -22.552498403529942 ], [ 17.019237277279807, -22.552836766460484 ], [ 17.019293643595667, -22.553103552032141 ], [ 17.019371147279941, -22.553474448189228 ], [ 17.0194345593852, -22.553845343349142 ], [ 17.019328872543024, -22.553890891808805 ], [ 17.019025903595452, -22.553871371042206 ], [ 17.018615955585435, -22.553889351445388 ], [ 17.018619967390727, -22.553427647937923 ], [ 17.018990674648094, -22.553396364870601 ] ] ] } },
{ "type": "Feature", "properties": { "Settlement": "Manheim Street", "Town": "WINDHOEK", "Extension": null, "Region": null, "LA ARea": null, "Block_Code": "MH", "TOWN_1": null, "EXTENSIO_1": null, "LA Area_1": null, "Set_Ext": null, "Id": "0", "Constituen": "Khomasdal North", "Upgrading_": null, "Area_sqm": 0.0, "Area_Ha": 0.0, "No_Structu": 0.0, "No_HHs": 0.0, "No_Taps": 0.0, "No_Toilets": 0.0, "OBJECTID": null, "layer": "Khomasdal_North", "path": "E:/UN-HABITAT 2022/NAMIMBIA_2025/ANALYTICS - NOV 2025/20251103 NamibiaData WalvisBay/Windhoek_Informal_Settlements_merged_polygons/merged_polygons - Copy/Khomasdal_North.shp" }, "geometry": { "type": "Polygon", "coordinates": [ [ [ 17.01280211046549, -22.552177308392601 ], [ 17.012897272806836, -22.552482899508959 ], [ 17.012996816553191, -22.552728049950993 ], [ 17.01316272279708, -22.552899655001191 ], [ 17.01331535654155, -22.552967071212514 ], [ 17.013401627788383, -22.553193834590708 ], [ 17.013461354036213, -22.55343898376946 ], [ 17.01352771653378, -22.553592201784891 ], [ 17.013713531527003, -22.554107013070563 ], [ 17.01376662152505, -22.554235715591815 ], [ 17.013806439023611, -22.554413447447587 ], [ 17.013892710270447, -22.554591179074347 ], [ 17.013925891519232, -22.554713752476616 ], [ 17.014025435265584, -22.554866969076347 ], [ 17.014078525263635, -22.555020185505875 ], [ 17.014078525263635, -22.555173401765249 ], [ 17.014032071515363, -22.555351132412873 ], [ 17.01401879901584, -22.555541120093356 ], [ 17.01397898151728, -22.555737236134256 ], [ 17.014038707765106, -22.556172367604397 ], [ 17.014032071515363, -22.556368482747821 ], [ 17.013959072767982, -22.556595240534783 ], [ 17.013866165271406, -22.556889412243585 ], [ 17.013740076526009, -22.557361311382596 ], [ 17.013454717786402, -22.557250997442754 ], [ 17.013607351530837, -22.556956826505132 ], [ 17.013660441528916, -22.556760712198177 ], [ 17.01361398778058, -22.556399125713757 ], [ 17.01352771653378, -22.55597012357066 ], [ 17.013401627788383, -22.55546144787214 ], [ 17.013235721544461, -22.554817939782943 ], [ 17.01313617779811, -22.554413447447583 ], [ 17.012996816553191, -22.553929280820107 ], [ 17.012890636557024, -22.553537043318951 ], [ 17.012718094063356, -22.552960942467408 ], [ 17.012658367815565, -22.552832238756935 ], [ 17.012534857749728, -22.552254402639214 ], [ 17.01280211046549, -22.552177308392601 ] ] ] } },
{ "type": "Feature", "properties": { "Settlement": "Toring Area_TA", "Town": "WINDHOEK", "Extension": null, "Region": null, "LA ARea": null, "Block_Code": "TA", "TOWN_1": null, "EXTENSIO_1": null, "LA Area_1": null, "Set_Ext": null, "Id": "0", "Constituen": "Khomasdal North", "Upgrading_": null, "Area_sqm": 0.0, "Area_Ha": 0.0, "No_Structu": 0.0, "No_HHs": 0.0, "No_Taps": 0.0, "No_Toilets": 0.0, "OBJECTID": null, "layer": "Khomasdal_North", "path": "E:/UN-HABITAT 2022/NAMIMBIA_2025/ANALYTICS - NOV 2025/20251103 NamibiaData WalvisBay/Windhoek_Informal_Settlements_merged_polygons/merged_polygons - Copy/Khomasdal_North.shp" }, "geometry": { "type": "Polygon", "coordinates": [ [ [ 17.011612542754229, -22.56022900803104 ], [ 17.01162296576727, -22.560161630143529 ], [ 17.011598645403573, -22.560068584435207 ], [ 17.011556953351509, -22.559991581042912 ], [ 17.011494415273493, -22.559914577607621 ], [ 17.011466620572151, -22.55983115717094 ], [ 17.011466620572151, -22.559696400974261 ], [ 17.011466620572151, -22.559654690696203 ], [ 17.011543525821647, -22.559566054066245 ], [ 17.011597007520098, -22.559509401573699 ], [ 17.011674209780189, -22.559414271899275 ], [ 17.011771872599994, -22.559283524800019 ], [ 17.011850499084172, -22.559293327314112 ], [ 17.011896, -22.559299 ], [ 17.011993311855122, -22.559289481138887 ], [ 17.012059120500048, -22.559301545799993 ], [ 17.012082475491411, -22.559344244011285 ], [ 17.012101058218562, -22.559440652541962 ], [ 17.012112680800008, -22.559500951300016 ], [ 17.012126744729329, -22.55960335495207 ], [ 17.012168436781327, -22.559693192491796 ], [ 17.012234637499997, -22.559728603799964 ], [ 17.012252279963665, -22.559775346916936 ], [ 17.012310409900024, -22.559914933499961 ], [ 17.01228870080001, -22.559968074799968 ], [ 17.01232250199492, -22.5600547158948 ], [ 17.012348037974053, -22.560133521567476 ], [ 17.012360701300022, -22.560211904300019 ], [ 17.012424403800047, -22.560325311499966 ], [ 17.012483999100009, -22.560328748099952 ], [ 17.012555412900021, -22.5604146626 ], [ 17.012546, -22.560443 ], [ 17.012439435119532, -22.560527395422881 ], [ 17.012425537768845, -22.560581939284933 ], [ 17.012367, -22.560582 ], [ 17.012300461612746, -22.560674984646877 ], [ 17.012223, -22.560789 ], [ 17.012116321716285, -22.560870700548211 ], [ 17.012164962443677, -22.561050373917968 ], [ 17.012102424365633, -22.561329508867374 ], [ 17.012415114755836, -22.561393677741364 ], [ 17.012446383794895, -22.561522015399827 ], [ 17.012567985613273, -22.561611851689722 ], [ 17.012328256314124, -22.561714521663603 ], [ 17.012067680988928, -22.561746606014751 ], [ 17.011827951689714, -22.561785107226324 ], [ 17.011668132156984, -22.561804357828038 ], [ 17.011546530338499, -22.561839650590908 ], [ 17.011545, -22.561704 ], [ 17.011598645403573, -22.561547682917176 ], [ 17.011688978182999, -22.561483514114851 ], [ 17.011772362287061, -22.561345551088671 ], [ 17.011848797715761, -22.561214004818911 ], [ 17.011887015430148, -22.561085666873794 ], [ 17.011893964105475, -22.560960537262293 ], [ 17.011831426027427, -22.560771238403532 ], [ 17.01178278530007, -22.560604398515984 ], [ 17.011688978182999, -22.560383014507451 ], [ 17.011612542754229, -22.56022900803104 ] ] ] } },
{ "type": "Feature", "properties": { "Settlement": "Toring Area_TB", "Town": "WINDHOEK", "Extension": null, "Region": null, "LA ARea": null, "Block_Code": "TB", "TOWN_1": null, "EXTENSIO_1": null, "LA Area_1": null, "Set_Ext": null, "Id": "0", "Constituen": "Khomasdal North", "Upgrading_": null, "Area_sqm": 0.0, "Area_Ha": 0.0, "No_Structu": 0.0, "No_HHs": 0.0, "No_Taps": 0.0, "No_Toilets": 0.0, "OBJECTID": null, "layer": "Khomasdal_North", "path": "E:/UN-HABITAT 2022/NAMIMBIA_2025/ANALYTICS - NOV 2025/20251103 NamibiaData WalvisBay/Windhoek_Informal_Settlements_merged_polygons/merged_polygons - Copy/Khomasdal_North.shp" }, "geometry": { "type": "Polygon", "coordinates": [ [ [ 17.007761119031457, -22.561515448540796 ], [ 17.007745897301582, -22.561433945051331 ], [ 17.007809285612492, -22.561225812913086 ], [ 17.008027623127798, -22.560985159736571 ], [ 17.00821074491483, -22.560809547694134 ], [ 17.00839738827468, -22.560549381294294 ], [ 17.0086051610715, -22.560337995733011 ], [ 17.008777718139982, -22.560136366126457 ], [ 17.008830541732408, -22.559928232029854 ], [ 17.008862235887865, -22.559759122845165 ], [ 17.009206, -22.55978 ], [ 17.00932762540851, -22.559809233725563 ], [ 17.00939459730003, -22.559825331 ], [ 17.009490235274477, -22.55990731465608 ], [ 17.009533736900035, -22.559944605500007 ], [ 17.00959526000003, -22.559953993199965 ], [ 17.009675977800029, -22.559862379000013 ], [ 17.009751750200024, -22.559869671200001 ], [ 17.009837089600211, -22.559902790409282 ], [ 17.009983777836961, -22.559962298361508 ], [ 17.010026508900037, -22.559990035400009 ], [ 17.01012900056946, -22.559994789518431 ], [ 17.010170471228207, -22.560026426376883 ], [ 17.010267974076246, -22.560058959013507 ], [ 17.010354832517955, -22.560078209856201 ], [ 17.010563685595475, -22.560102762555587 ], [ 17.010636253869169, -22.560107086115185 ], [ 17.010785805627989, -22.560143130756718 ], [ 17.01091767522038, -22.560155213200112 ], [ 17.011070546077818, -22.560190506385023 ], [ 17.011164353194889, -22.560219382620545 ], [ 17.011268583325002, -22.560273926604403 ], [ 17.011345018753737, -22.560289968948453 ], [ 17.011427338104895, -22.56027186895372 ], [ 17.011612542754229, -22.56022900803104 ], [ 17.01167370238657, -22.560352235972211 ], [ 17.011752022117893, -22.560531797703511 ], [ 17.011831426027427, -22.560771238403532 ], [ 17.011893964105475, -22.560960537262293 ], [ 17.011875896374452, -22.561123005507273 ], [ 17.011811168188856, -22.561278765691984 ], [ 17.011725775157391, -22.561422631761022 ], [ 17.011639694066886, -22.561518523588234 ], [ 17.011572707994063, -22.561623261832001 ], [ 17.011557223683564, -22.561668381483212 ], [ 17.011545, -22.561704 ], [ 17.011546530338499, -22.561839650590908 ], [ 17.011517290130666, -22.561840010028281 ], [ 17.011382929509761, -22.561853637031863 ], [ 17.011231013694459, -22.561869044501112 ], [ 17.011048163611438, -22.561887589355653 ], [ 17.010864549222816, -22.561906211724306 ], [ 17.010795960399829, -22.561913168075858 ], [ 17.010686111724812, -22.561932676047224 ], [ 17.010567252362307, -22.561953784218964 ], [ 17.010470736590534, -22.561970924401805 ], [ 17.010373433040044, -22.56197444818336 ], [ 17.010222563744428, -22.561985026704555 ], [ 17.010087139277005, -22.562009428605698 ], [ 17.009983752121833, -22.561965754138672 ], [ 17.009788698184831, -22.561883356275761 ], [ 17.009614751360967, -22.561806713323918 ], [ 17.009478387018582, -22.56174374938017 ], [ 17.009309086922791, -22.56164753827915 ], [ 17.009151143322789, -22.561563771745966 ], [ 17.00896553408851, -22.561478069642838 ], [ 17.008871777458555, -22.561416463715759 ], [ 17.008748718215646, -22.561335603485901 ], [ 17.008646185852353, -22.561328206181543 ], [ 17.008481867910582, -22.561316351291261 ], [ 17.008394088365215, -22.561340327293774 ], [ 17.008185830853439, -22.561397210490775 ], [ 17.00799742982602, -22.561449405229112 ], [ 17.007868331131281, -22.561485392853903 ], [ 17.007761119031457, -22.561515448540796 ] ] ] } },
{ "type": "Feature", "properties": { "Settlement": "Toring Area_TC", "Town": "WINDHOEK", "Extension": null, "Region": null, "LA ARea": null, "Block_Code": "TC", "TOWN_1": null, "EXTENSIO_1": null, "LA Area_1": null, "Set_Ext": null, "Id": "0", "Constituen": "Khomasdal North", "Upgrading_": null, "Area_sqm": 0.0, "Area_Ha": 0.0, "No_Structu": 0.0, "No_HHs": 0.0, "No_Taps": 0.0, "No_Toilets": 0.0, "OBJECTID": null, "layer": "Khomasdal_North", "path": "E:/UN-HABITAT 2022/NAMIMBIA_2025/ANALYTICS - NOV 2025/20251103 NamibiaData WalvisBay/Windhoek_Informal_Settlements_merged_polygons/merged_polygons - Copy/Khomasdal_North.shp" }, "geometry": { "type": "Polygon", "coordinates": [ [ [ 17.009251853500047, -22.559648640499983 ], [ 17.009353508659778, -22.559668000852213 ], [ 17.009411612500013, -22.559679066800012 ], [ 17.009515967199992, -22.559687951599987 ], [ 17.009626692200015, -22.559679988799971 ], [ 17.00969408270003, -22.559606228000014 ], [ 17.009732926075195, -22.55962260585838 ], [ 17.00980241282857, -22.559641856761999 ], [ 17.009875373919627, -22.559670733112327 ], [ 17.009913591633978, -22.559715651867531 ], [ 17.009993501400391, -22.559722068831373 ], [ 17.010104680205767, -22.55971886034952 ], [ 17.010205435998195, -22.559709234903426 ], [ 17.0102644997386, -22.559712443385525 ], [ 17.010323321820366, -22.559723682218461 ], [ 17.010483383011763, -22.559738111239685 ], [ 17.010615407843183, -22.559738111239685 ], [ 17.010716163635582, -22.559773404531335 ], [ 17.010813862647662, -22.559806717658596 ], [ 17.010879857695333, -22.559829220455004 ], [ 17.010975437656846, -22.55985996708786 ], [ 17.011133438144999, -22.559900000222871 ], [ 17.01121252193682, -22.559913693762883 ], [ 17.011226377956877, -22.559856348110447 ], [ 17.011247, -22.559771 ], [ 17.011322112020689, -22.559802626117634 ], [ 17.011399, -22.559835 ], [ 17.011463146234437, -22.559847199566484 ], [ 17.011494415273493, -22.559914577607621 ], [ 17.011556953351509, -22.559991581042912 ], [ 17.011598645403573, -22.560068584435207 ], [ 17.01162296576727, -22.560161630143529 ], [ 17.011612542754229, -22.56022900803104 ], [ 17.01149094093585, -22.56025788425843 ], [ 17.011345018753737, -22.560289968948453 ], [ 17.011268583325002, -22.560273926604403 ], [ 17.011164353194889, -22.560219382620545 ], [ 17.011070546077818, -22.560190506385023 ], [ 17.01091767522038, -22.560155213200112 ], [ 17.010820393765663, -22.560145587784483 ], [ 17.010730060986237, -22.560139170840326 ], [ 17.010636253869169, -22.560107086115185 ], [ 17.01052854940141, -22.560100669169294 ], [ 17.010410421920675, -22.560078209856201 ], [ 17.010354832517955, -22.560078209856201 ], [ 17.010267974076246, -22.560058959013507 ], [ 17.010208910335844, -22.56005575053948 ], [ 17.01012900056946, -22.559994789518431 ], [ 17.010026508900037, -22.559990035400009 ], [ 17.009944860672999, -22.559937036947378 ], [ 17.009899694283291, -22.559924203039387 ], [ 17.00980588716622, -22.559892118264283 ], [ 17.009751750200024, -22.559869671200001 ], [ 17.009675977800029, -22.559862379000013 ], [ 17.00959526000003, -22.559953993199965 ], [ 17.009533736900035, -22.559944605500007 ], [ 17.009454430415385, -22.559876621694169 ], [ 17.00939459730003, -22.559825331 ], [ 17.009206, -22.55978 ], [ 17.009251853500047, -22.559648640499983 ] ] ] } },
{ "type": "Feature", "properties": { "Settlement": "Toring Area_TD", "Town": "WINDHOEK", "Extension": null, "Region": null, "LA ARea": null, "Block_Code": "TD", "TOWN_1": null, "EXTENSIO_1": null, "LA Area_1": null, "Set_Ext": null, "Id": "0", "Constituen": "Khomasdal North", "Upgrading_": null, "Area_sqm": 0.0, "Area_Ha": 0.0, "No_Structu": 0.0, "No_HHs": 0.0, "No_Taps": 0.0, "No_Toilets": 0.0, "OBJECTID": null, "layer": "Khomasdal_North", "path": "E:/UN-HABITAT 2022/NAMIMBIA_2025/ANALYTICS - NOV 2025/20251103 NamibiaData WalvisBay/Windhoek_Informal_Settlements_merged_polygons/merged_polygons - Copy/Khomasdal_North.shp" }, "geometry": { "type": "Polygon", "coordinates": [ [ [ 17.010010873088696, -22.558358457306866 ], [ 17.010233230699541, -22.558348831765827 ], [ 17.010396524569988, -22.558368082847252 ], [ 17.010521600726115, -22.558355248793266 ], [ 17.010664048570547, -22.55834883176583 ], [ 17.010813445090303, -22.558284661475106 ], [ 17.011042751376507, -22.558300704050556 ], [ 17.011157404519597, -22.558342414738075 ], [ 17.011206045246954, -22.55840979351434 ], [ 17.011089, -22.558666 ], [ 17.011216468259931, -22.558743478397339 ], [ 17.011341544416023, -22.558798022964893 ], [ 17.011456197559145, -22.558740269892688 ], [ 17.011492, -22.558647 ], [ 17.011626440104919, -22.55867289127789 ], [ 17.011838374702723, -22.558714601852795 ], [ 17.011935656157508, -22.558711393347505 ], [ 17.012046834962913, -22.558692142314055 ], [ 17.012230974859406, -22.558682516796321 ], [ 17.012283089924413, -22.558878235525043 ], [ 17.012104298900027, -22.558903908399987 ], [ 17.012060732313568, -22.559009784022805 ], [ 17.012078104001905, -22.559096413452778 ], [ 17.012116321716285, -22.559211919274723 ], [ 17.012130219066975, -22.559276089134027 ], [ 17.011896, -22.559299 ], [ 17.011771872599994, -22.559283524800019 ], [ 17.011626440104919, -22.559478223995715 ], [ 17.011508312624148, -22.559603354952067 ], [ 17.011466620572151, -22.559654690696203 ], [ 17.011466620572151, -22.55983115717094 ], [ 17.011399, -22.559835 ], [ 17.011247, -22.559771 ], [ 17.01121252193682, -22.559913693762883 ], [ 17.011087917766222, -22.559892118264283 ], [ 17.010941995584076, -22.559850408045435 ], [ 17.010716163635582, -22.559773404531335 ], [ 17.010615407843183, -22.559738111239685 ], [ 17.010483383011763, -22.559738111239685 ], [ 17.010365255530964, -22.559731694276572 ], [ 17.0102644997386, -22.559712443385525 ], [ 17.010205435998195, -22.559709234903426 ], [ 17.010104680205767, -22.55971886034952 ], [ 17.009993501400391, -22.559722068831373 ], [ 17.009913591633978, -22.559715651867531 ], [ 17.009875373919627, -22.559670733112327 ], [ 17.00980241282857, -22.559641856761999 ], [ 17.0097502977635, -22.559622605858383 ], [ 17.009732926075195, -22.55962260585838 ], [ 17.00969408270003, -22.559606228000014 ], [ 17.009626692200015, -22.559679988799971 ], [ 17.009546980299994, -22.559679234399976 ], [ 17.009515967199992, -22.559687951599987 ], [ 17.009411612500013, -22.559679066800012 ], [ 17.009251853500047, -22.559648640499983 ], [ 17.00933, -22.559561 ], [ 17.009378543632927, -22.559468598532824 ], [ 17.009468876412289, -22.559497474919436 ], [ 17.009552260516347, -22.55951351735386 ], [ 17.009597426906062, -22.559523142813628 ], [ 17.009656490646428, -22.559500683406512 ], [ 17.00997612971199, -22.559535976758891 ], [ 17.010010873088696, -22.559426888185889 ], [ 17.00997612971199, -22.559308174052489 ], [ 17.009983078387354, -22.559208710780997 ], [ 17.01000045007569, -22.559073953976153 ], [ 17.01000045007569, -22.558987324532065 ], [ 17.01000045007569, -22.558903903534471 ], [ 17.0100039244134, -22.558817273983585 ], [ 17.010010873088696, -22.558746686901884 ], [ 17.010021296101709, -22.558666474265223 ], [ 17.010014347426409, -22.558595887106382 ], [ 17.009951809348326, -22.558506048851896 ], [ 17.009917065971624, -22.558422627563267 ], [ 17.009944860672999, -22.558364874333872 ], [ 17.010010873088696, -22.558358457306866 ] ] ] } },
{ "type": "Feature", "properties": { "Settlement": "Yokohama Street YA", "Town": "WINDHOEK", "Extension": null, "Region": null, "LA ARea": null, "Block_Code": "YA", "TOWN_1": null, "EXTENSIO_1": null, "LA Area_1": null, "Set_Ext": null, "Id": "0", "Constituen": "Khomasdal North", "Upgrading_": null, "Area_sqm": 0.0, "Area_Ha": 0.0, "No_Structu": 0.0, "No_HHs": 0.0, "No_Taps": 0.0, "No_Toilets": 0.0, "OBJECTID": null, "layer": "Khomasdal_North", "path": "E:/UN-HABITAT 2022/NAMIMBIA_2025/ANALYTICS - NOV 2025/20251103 NamibiaData WalvisBay/Windhoek_Informal_Settlements_merged_polygons/merged_polygons - Copy/Khomasdal_North.shp" }, "geometry": { "type": "Polygon", "coordinates": [ [ [ 17.022486082922391, -22.551508880536375 ], [ 17.022609676380728, -22.551943500895124 ], [ 17.022742777028203, -22.552290318179047 ], [ 17.022928167215749, -22.552606404058182 ], [ 17.022757037811839, -22.552672255191872 ], [ 17.022566894029726, -22.552724936076164 ], [ 17.022414779004087, -22.552777616940375 ], [ 17.022276924762046, -22.552808347435196 ], [ 17.022067766601765, -22.552825907714904 ], [ 17.021906144386989, -22.552830297784489 ], [ 17.021825333279619, -22.552632744515417 ], [ 17.02177779733405, -22.55250982233866 ], [ 17.021644696686575, -22.552474701696568 ], [ 17.021492581660929, -22.552404460385574 ], [ 17.021373741797127, -22.552299098352162 ], [ 17.021055250962139, -22.552220076774177 ], [ 17.020993454232936, -22.551627413497275 ], [ 17.022486082922391, -22.551508880536375 ] ] ] } },
{ "type": "Feature", "properties": { "Settlement": "Yokohama Street YB", "Town": "WINDHOEK", "Extension": null, "Region": null, "LA ARea": null, "Block_Code": "YB", "TOWN_1": null, "EXTENSIO_1": null, "LA Area_1": null, "Set_Ext": null, "Id": "0", "Constituen": "Khomasdal North", "Upgrading_": null, "Area_sqm": 0.0, "Area_Ha": 0.0, "No_Structu": 0.0, "No_HHs": 0.0, "No_Taps": 0.0, "No_Toilets": 0.0, "OBJECTID": null, "layer": "Khomasdal_North", "path": "E:/UN-HABITAT 2022/NAMIMBIA_2025/ANALYTICS - NOV 2025/20251103 NamibiaData WalvisBay/Windhoek_Informal_Settlements_merged_polygons/merged_polygons - Copy/Khomasdal_North.shp" }, "geometry": { "type": "Polygon", "coordinates": [ [ [ 17.018863850437445, -22.551769619014987 ], [ 17.018897511912211, -22.551698157565934 ], [ 17.019285069520357, -22.551872450187478 ], [ 17.019547934680674, -22.552015618961835 ], [ 17.019746768583925, -22.552090315654688 ], [ 17.01977372911319, -22.552308180777974 ], [ 17.019797319576334, -22.552610079022916 ], [ 17.019831020237877, -22.552709674175293 ], [ 17.019497383688293, -22.552725235911332 ], [ 17.019222141564768, -22.552745907935584 ], [ 17.019180910963968, -22.552498403529942 ], [ 17.019152727806102, -22.552277165780584 ], [ 17.019019374841474, -22.552058892509997 ], [ 17.018951505858293, -22.551940899790495 ], [ 17.018863850437445, -22.551769619014987 ] ] ] } },
{ "type": "Feature", "properties": { "Settlement": "Yokohama Street YC", "Town": "WINDHOEK", "Extension": null, "Region": null, "LA ARea": null, "Block_Code": "YC", "TOWN_1": null, "EXTENSIO_1": null, "LA Area_1": null, "Set_Ext": null, "Id": "0", "Constituen": "Khomasdal North", "Upgrading_": null, "Area_sqm": 0.0, "Area_Ha": 0.0, "No_Structu": 0.0, "No_HHs": 0.0, "No_Taps": 0.0, "No_Toilets": 0.0, "OBJECTID": null, "layer": "Khomasdal_North", "path": "E:/UN-HABITAT 2022/NAMIMBIA_2025/ANALYTICS - NOV 2025/20251103 NamibiaData WalvisBay/Windhoek_Informal_Settlements_merged_polygons/merged_polygons - Copy/Khomasdal_North.shp" }, "geometry": { "type": "Polygon", "coordinates": [ [ [ 17.024240159312157, -22.554191212617617 ], [ 17.023969204422706, -22.553980491199294 ], [ 17.023722017505992, -22.553743429218908 ], [ 17.023460569805582, -22.55342734594479 ], [ 17.023256165239864, -22.553084921580609 ], [ 17.023104050214158, -22.552878588540526 ], [ 17.022928167215749, -22.552606404058182 ], [ 17.023165846943328, -22.552522992577092 ], [ 17.02336549791454, -22.552522992577089 ], [ 17.023470076994712, -22.552470311615661 ], [ 17.023584163263951, -22.552430800881407 ], [ 17.023826596586098, -22.552391290135787 ], [ 17.023964450828139, -22.55230787852469 ], [ 17.024178362582987, -22.552211296596077 ], [ 17.02432572401413, -22.552158615515697 ], [ 17.02434473839233, -22.551925940503111 ], [ 17.024354245581431, -22.551754726564013 ], [ 17.024449317472509, -22.551728385939164 ], [ 17.02446833185067, -22.552022522631411 ], [ 17.024482592634374, -22.552184956058415 ], [ 17.024544389363541, -22.552325438868042 ], [ 17.024658475632783, -22.55254055289306 ], [ 17.024824851442126, -22.552755666582719 ], [ 17.025019748818767, -22.552983950131431 ], [ 17.025314471681018, -22.55319906312976 ], [ 17.02518612462811, -22.553308814530279 ], [ 17.024843865820291, -22.553475636491864 ], [ 17.024549142958044, -22.553743429218908 ], [ 17.024240159312157, -22.554191212617617 ] ] ] } },
{ "type": "Feature", "properties": { "Settlement": "Abraham Iyambo", "Town": "WINDHOEK", "Extension": null, "Region": null, "LA ARea": null, "Block_Code": "KAP", "TOWN_1": null, "EXTENSIO_1": null, "LA Area_1": null, "Set_Ext": null, "Id": "0", "Constituen": "Moses Garoeb", "Upgrading_": null, "Area_sqm": 0.0, "Area_Ha": 0.0, "No_Structu": 0.0, "No_HHs": 0.0, "No_Taps": 0.0, "No_Toilets": 0.0, "OBJECTID": 1.0, "layer": "Moses_Garoeb", "path": "E:/UN-HABITAT 2022/NAMIMBIA_2025/ANALYTICS - NOV 2025/20251103 NamibiaData WalvisBay/Windhoek_Informal_Settlements_merged_polygons/merged_polygons - Copy/Moses_Garoeb.shp" }, "geometry": { "type": "Polygon", "coordinates": [ [ [ 17.039870999846812, -22.497910999792726 ], [ 17.039768603038624, -22.497855154591658 ], [ 17.039695260627809, -22.49774769909698 ], [ 17.039542750897283, -22.497631921276078 ], [ 17.039401894581829, -22.497524991884802 ], [ 17.039160663134169, -22.49733388415137 ], [ 17.039115736602014, -22.497299937442101 ], [ 17.038973082541759, -22.497191308332162 ], [ 17.038713512118932, -22.497025695479408 ], [ 17.038552305044902, -22.496947729653982 ], [ 17.038398580330295, -22.496962901216875 ], [ 17.038362706373846, -22.496952591388943 ], [ 17.038154835277453, -22.496871454553911 ], [ 17.038028938284924, -22.49670783999477 ], [ 17.038023742002167, -22.496541375484071 ], [ 17.037885776107714, -22.496422603820061 ], [ 17.037715790751179, -22.496287822425014 ], [ 17.037599785401824, -22.496178606057757 ], [ 17.037456705962256, -22.495966963204747 ], [ 17.03727750075609, -22.495796810574294 ], [ 17.037077927704274, -22.495602937425584 ], [ 17.036921521211298, -22.495440161034541 ], [ 17.036776514524547, -22.495295824342747 ], [ 17.036645505785486, -22.495222901915334 ], [ 17.036538720285762, -22.495202031348633 ], [ 17.036351300672038, -22.495155008496795 ], [ 17.036067909006817, -22.495000865597433 ], [ 17.035808153323671, -22.494835322891788 ], [ 17.035622075498452, -22.49473800905184 ], [ 17.035426999956144, -22.494646000312628 ], [ 17.035280628997896, -22.494565653082365 ], [ 17.035126071511058, -22.494396959152308 ], [ 17.034974740791711, -22.494203662468976 ], [ 17.034899220222883, -22.494007023005672 ], [ 17.034758488013836, -22.49391448636441 ], [ 17.034285281840312, -22.493836298406386 ], [ 17.033954088510427, -22.493717102262391 ], [ 17.033588257791905, -22.493479160534772 ], [ 17.033188956105505, -22.493215642088156 ], [ 17.032818175518461, -22.492881852415508 ], [ 17.032542467660789, -22.492662254159654 ], [ 17.031729854649143, -22.492314549276955 ], [ 17.031156784158327, -22.492340867936662 ], [ 17.030488914331954, -22.492266975140737 ], [ 17.030555465062719, -22.490949370317143 ], [ 17.031106881677317, -22.490378404239891 ], [ 17.031991050146871, -22.490255427346028 ], [ 17.033198463738188, -22.490966938573312 ], [ 17.033341071033647, -22.491230460617203 ], [ 17.033521707960517, -22.491379789445656 ], [ 17.033676384157843, -22.491483986696604 ], [ 17.033835445449483, -22.491669662524888 ], [ 17.033797416717448, -22.491818990454018 ], [ 17.033844952182847, -22.491941967347881 ], [ 17.033978052744999, -22.492012239473237 ], [ 17.034006574743671, -22.4920825115986 ], [ 17.034111153307151, -22.492249406884575 ], [ 17.03423474713594, -22.492310895331514 ], [ 17.034443905162167, -22.492574414677446 ], [ 17.034586513356942, -22.492890636993248 ], [ 17.034881235580599, -22.493048747701483 ], [ 17.035109408872188, -22.493206858409732 ], [ 17.035698854218822, -22.493479160534775 ], [ 17.0358145394095, -22.493491377824796 ], [ 17.035909456556226, -22.493425605007648 ], [ 17.036336584166065, -22.493611959824019 ], [ 17.036478960335785, -22.493951782149004 ], [ 17.03685862982195, -22.494291603574588 ], [ 17.037107787894172, -22.494488919328084 ], [ 17.037570509771285, -22.494554691245984 ], [ 17.037686999855225, -22.494661000105005 ], [ 17.03777924151882, -22.494792826327846 ], [ 17.037836574198593, -22.494881674849346 ], [ 17.037956603114765, -22.495005475522252 ], [ 17.03813966371456, -22.495005140075129 ], [ 17.038232199456502, -22.495044199430197 ], [ 17.038310319065999, -22.495099603963524 ], [ 17.03842783347778, -22.49510555567679 ], [ 17.038534618977508, -22.49511578096849 ], [ 17.038562614872831, -22.495135478819233 ], [ 17.038699742599078, -22.495187278869764 ], [ 17.038789000312192, -22.495338999894898 ], [ 17.038898481979402, -22.495363775317909 ], [ 17.0389949981207, -22.495385617152461 ], [ 17.03910690615885, -22.495385617152465 ], [ 17.039288987396901, -22.495399976627589 ], [ 17.039405711304596, -22.495411327870443 ], [ 17.039468454305791, -22.495417429770502 ], [ 17.039619099741685, -22.495421406572625 ], [ 17.039739615191138, -22.495461173694139 ], [ 17.039937606335513, -22.495536729336543 ], [ 17.040114075804013, -22.495489009510159 ], [ 17.040286242016521, -22.495365734041339 ], [ 17.040347000213956, -22.495271000356354 ], [ 17.040384180885269, -22.495374402606558 ], [ 17.040464216950117, -22.495503695439137 ], [ 17.04053814481955, -22.495557842720245 ], [ 17.040583658609023, -22.495592208513589 ], [ 17.040625065194661, -22.495704191195443 ], [ 17.040684745104954, -22.495827488247929 ], [ 17.040769820970525, -22.495956737913097 ], [ 17.040832099022225, -22.496087830289074 ], [ 17.040927401078761, -22.496196041214265 ], [ 17.040955564247952, -22.496262592844342 ], [ 17.040997955591251, -22.496331512389361 ], [ 17.041021723773611, -22.496408370250034 ], [ 17.041045491955913, -22.496485227211387 ], [ 17.041027665594356, -22.496595023641365 ], [ 17.040932593764239, -22.496809127039512 ], [ 17.040855348295736, -22.497017739177288 ], [ 17.040760275566299, -22.497154984714715 ], [ 17.040653320094691, -22.497286739891081 ], [ 17.040623610091586, -22.497380066137111 ], [ 17.040576074626188, -22.497451433636684 ], [ 17.040534480082215, -22.497495352028807 ], [ 17.040469118255263, -22.497561229167324 ], [ 17.040439408252155, -22.497621616844068 ], [ 17.040379988245888, -22.497676514159764 ], [ 17.040267090953535, -22.497731412374723 ], [ 17.040154192761861, -22.497780820228623 ], [ 17.040041294570131, -22.497863166651772 ], [ 17.039870999846812, -22.497910999792726 ] ] ] } },
{ "type": "Feature", "properties": { "Settlement": "Cuba", "Town": "WINDHOEK", "Extension": null, "Region": null, "LA ARea": null, "Block_Code": "None", "TOWN_1": null, "EXTENSIO_1": null, "LA Area_1": null, "Set_Ext": null, "Id": "0", "Constituen": "Moses Garoeb", "Upgrading_": null, "Area_sqm": 0.0, "Area_Ha": 0.0, "No_Structu": 0.0, "No_HHs": 0.0, "No_Taps": 0.0, "No_Toilets": 0.0, "OBJECTID": 17.0, "layer": "Moses_Garoeb", "path": "E:/UN-HABITAT 2022/NAMIMBIA_2025/ANALYTICS - NOV 2025/20251103 NamibiaData WalvisBay/Windhoek_Informal_Settlements_merged_polygons/merged_polygons - Copy/Moses_Garoeb.shp" }, "geometry": { "type": "MultiPolygon", "coordinates": [ [ [ [ 17.026544214444073, -22.502021799066707 ], [ 17.026551346967267, -22.502021044535521 ], [ 17.026549000635953, -22.50202774988071 ], [ 17.026549251546896, -22.502031186190266 ], [ 17.026544214444073, -22.502021799066707 ] ] ], [ [ [ 17.02655522124644, -22.500159907453732 ], [ 17.026560567716217, -22.500165709879585 ], [ 17.026553861471598, -22.50016059723373 ], [ 17.02655522124644, -22.500159907453732 ] ] ], [ [ [ 17.02655522124644, -22.500159907453732 ], [ 17.026550760609268, -22.500155065503801 ], [ 17.026537936276725, -22.500221114412792 ], [ 17.026530057316336, -22.500268807259602 ], [ 17.026531984563462, -22.500275345330866 ], [ 17.026530392763561, -22.500344998722657 ], [ 17.026550341525137, -22.500395290610069 ], [ 17.026567775782382, -22.500417083881182 ], [ 17.026539812262683, -22.500390805691094 ], [ 17.026533661799078, -22.500376515463753 ], [ 17.026537181745539, -22.50038833345479 ], [ 17.026539812262683, -22.500390805691094 ], [ 17.026547658847392, -22.500409036747559 ], [ 17.026549167909764, -22.50042295105823 ], [ 17.026576911995054, -22.500477265613206 ], [ 17.026576073826732, -22.500501657025772 ], [ 17.026572218433216, -22.500523365760664 ], [ 17.026568781224341, -22.500547589899266 ], [ 17.026579929220418, -22.500555300686464 ], [ 17.026590826305608, -22.500574579453264 ], [ 17.026569703928715, -22.500622105026022 ], [ 17.02657314023827, -22.500673318718608 ], [ 17.026568781224341, -22.500770045301298 ], [ 17.026509521297385, -22.500766440818492 ], [ 17.026498960558627, -22.500758059137009 ], [ 17.026506001350924, -22.500802399311219 ], [ 17.026469707411138, -22.5008738972125 ], [ 17.026473520536626, -22.500964267386959 ], [ 17.026471719194603, -22.500963332091995 ], [ 17.026473647340993, -22.500967272021906 ], [ 17.026473520536626, -22.500964267386959 ], [ 17.026478173628959, -22.500966684764652 ], [ 17.026478508176638, -22.500976072787459 ], [ 17.026501391426223, -22.501063244073404 ], [ 17.02647976542886, -22.501138681904525 ], [ 17.02644657325078, -22.501199449994594 ], [ 17.026431486224226, -22.501262733488314 ], [ 17.026436012512022, -22.50127463601558 ], [ 17.026434755259743, -22.50127790505115 ], [ 17.02642737902039, -22.501335991362843 ], [ 17.026442382410039, -22.501378571563805 ], [ 17.026431486224226, -22.501505054914272 ], [ 17.02643215621913, -22.501648049817568 ], [ 17.026438694290391, -22.501668753110433 ], [ 17.026509270386612, -22.501738322865265 ], [ 17.026526621006781, -22.501847287422265 ], [ 17.026516311178966, -22.501871762471755 ], [ 17.026530811847522, -22.501996820396926 ], [ 17.026544214444073, -22.502021799066707 ], [ 17.02636267100047, -22.502040993297108 ], [ 17.02616242705443, -22.502071084612737 ], [ 17.026008703239086, -22.502110060330946 ], [ 17.025873838207247, -22.502136630800809 ], [ 17.025653561862498, -22.502171751125381 ], [ 17.025209655601259, -22.502272417637926 ], [ 17.025027433169612, -22.502365540637133 ], [ 17.024823250192981, -22.502418514302914 ], [ 17.024322096687399, -22.502595036831448 ], [ 17.023887075728055, -22.502843225434443 ], [ 17.023700075198349, -22.502980688607796 ], [ 17.023414132156461, -22.502994780084983 ], [ 17.023255450378883, -22.502896107369338 ], [ 17.022959448419954, -22.502839723474374 ], [ 17.022820753506096, -22.502760361313278 ], [ 17.022597956963466, -22.502706254843819 ], [ 17.022356000859588, -22.502689188386512 ], [ 17.022095854639986, -22.502642377143903 ], [ 17.021842574975039, -22.502605727971851 ], [ 17.021836471276117, -22.503141379471007 ], [ 17.021842574975039, -22.503536069433945 ], [ 17.021836471276117, -22.50374187208968 ], [ 17.021842574975039, -22.504192944148993 ], [ 17.021480295679225, -22.504203189225734 ], [ 17.02112046074086, -22.504182317759728 ], [ 17.020891131820349, -22.504170918852765 ], [ 17.020712764782445, -22.504165638033665 ], [ 17.020590556808884, -22.504079724 ], [ 17.02055979549823, -22.503981991075936 ], [ 17.020557531904672, -22.503384947357397 ], [ 17.020546802992669, -22.503199288616212 ], [ 17.020351253507613, -22.502646166887082 ], [ 17.020182441766337, -22.502249786198551 ], [ 17.020043470429869, -22.501797080071132 ], [ 17.020013462751194, -22.501658610556323 ], [ 17.019976247006241, -22.501270696085719 ], [ 17.019956465518476, -22.500652615425729 ], [ 17.019973899775721, -22.500109718988252 ], [ 17.020001392950064, -22.499960018739785 ], [ 17.020192584320341, -22.49952927225803 ], [ 17.020434653036887, -22.498997691989871 ], [ 17.02053724769587, -22.498785713689692 ], [ 17.020543618493264, -22.498761993171343 ], [ 17.020635834975906, -22.498620189869818 ], [ 17.025363955881915, -22.499595260912482 ], [ 17.026864588929755, -22.499898809082705 ], [ 17.026700631728886, -22.500032688457683 ], [ 17.026559645011616, -22.500157663645211 ], [ 17.02655522124644, -22.500159907453732 ] ] ], [ [ [ 17.020633304283592, -22.498619668262958 ], [ 17.020636992403468, -22.498618411010792 ], [ 17.020635834975906, -22.498620189869818 ], [ 17.020633304283592, -22.498619668262958 ] ] ] ] } },
{ "type": "Feature", "properties": { "Settlement": "Epandulo", "Town": "WINDHOEK", "Extension": null, "Region": null, "LA ARea": null, "Block_Code": "None", "TOWN_1": null, "EXTENSIO_1": null, "LA Area_1": null, "Set_Ext": null, "Id": "0", "Constituen": "Moses Garoeb", "Upgrading_": null, "Area_sqm": 0.0, "Area_Ha": 0.0, "No_Structu": 0.0, "No_HHs": 0.0, "No_Taps": 0.0, "No_Toilets": 0.0, "OBJECTID": 20.0, "layer": "Moses_Garoeb", "path": "E:/UN-HABITAT 2022/NAMIMBIA_2025/ANALYTICS - NOV 2025/20251103 NamibiaData WalvisBay/Windhoek_Informal_Settlements_merged_polygons/merged_polygons - Copy/Moses_Garoeb.shp" }, "geometry": { "type": "Polygon", "coordinates": [ [ [ 17.045288486174741, -22.499261168168346 ], [ 17.045463362044586, -22.499325794349886 ], [ 17.045538308845948, -22.499404268292324 ], [ 17.045618252280576, -22.499491975574188 ], [ 17.04574316361618, -22.499667388339276 ], [ 17.045903050485435, -22.499805872243137 ], [ 17.045992986287331, -22.499898194845802 ], [ 17.046147876523321, -22.500018214768769 ], [ 17.046272788758245, -22.50012900135226 ], [ 17.046597558230758, -22.500322878098299 ], [ 17.046742455200217, -22.500456745782163 ], [ 17.046897345436207, -22.500553683705505 ], [ 17.047062228938785, -22.500682935169269 ], [ 17.047277076076227, -22.500793721752814 ], [ 17.047267083709016, -22.500849114594931 ], [ 17.047147168107358, -22.500858347035035 ], [ 17.046942313337127, -22.500853730814978 ], [ 17.046842384268643, -22.500862963255081 ], [ 17.046692490665976, -22.500858347035035 ], [ 17.046572575963637, -22.500862963255088 ], [ 17.046377713560673, -22.500867578575818 ], [ 17.046317756659164, -22.500862963255084 ], [ 17.046237813224536, -22.500862963255084 ], [ 17.046147876523321, -22.500881427236035 ], [ 17.046142880789375, -22.500936820078145 ], [ 17.046062937354748, -22.50104299044159 ], [ 17.045982993920063, -22.501107615723864 ], [ 17.045948018386412, -22.501227633848202 ], [ 17.045958011652942, -22.501315339331427 ], [ 17.045973000653532, -22.501379964613641 ], [ 17.045963008286265, -22.501458437656709 ], [ 17.045973000653532, -22.501527679159043 ], [ 17.046002979553919, -22.501615384642271 ], [ 17.046032958454305, -22.501721554106389 ], [ 17.046067933088693, -22.501809259589603 ], [ 17.046162866423174, -22.501998518316892 ], [ 17.046192845323617, -22.502169312163975 ], [ 17.046257798858392, -22.50227548162815 ], [ 17.0462927743921, -22.502358569991934 ], [ 17.046332745659754, -22.50250166741796 ], [ 17.04643267472818, -22.50277862982983 ], [ 17.046412689094382, -22.502824790231838 ], [ 17.04643267472818, -22.502870950633792 ], [ 17.046482639262422, -22.502940190337487 ], [ 17.046652519398322, -22.502990966959491 ], [ 17.046592561597492, -22.503175607668144 ], [ 17.046480997999712, -22.503130473392613 ], [ 17.046378236066801, -22.503123180790105 ], [ 17.046301793692862, -22.503086886850323 ], [ 17.046265583390039, -22.503149081265061 ], [ 17.046144465394832, -22.503120499011796 ], [ 17.046075984718982, -22.503115972723887 ], [ 17.046013539393357, -22.503085965045209 ], [ 17.045928798974955, -22.503041876681213 ], [ 17.045854367485106, -22.502979514992603 ], [ 17.045805584660059, -22.50292117687076 ], [ 17.045706845394648, -22.502896953631474 ], [ 17.045669211464997, -22.502852278010153 ], [ 17.045629481215659, -22.502788910879474 ], [ 17.045543985366692, -22.502768710307688 ], [ 17.045456595545488, -22.502702140691202 ], [ 17.04537492271459, -22.50266829470598 ], [ 17.045263694563914, -22.50264985500678 ], [ 17.045158585400429, -22.502577938021378 ], [ 17.045031934776034, -22.502487916783878 ], [ 17.04510861367163, -22.502363186212047 ], [ 17.045168571472459, -22.502197008585028 ], [ 17.045258507274355, -22.502058526479747 ], [ 17.045323461708449, -22.501864652431721 ], [ 17.04534844397557, -22.501661545044222 ], [ 17.045403404243757, -22.501481518757029 ], [ 17.045388415243224, -22.500890659676141 ], [ 17.045317785187706, -22.500503720969903 ], [ 17.045175176992871, -22.500382948314385 ], [ 17.045038511518158, -22.500262175658861 ], [ 17.04490778696487, -22.500146892465057 ], [ 17.04456315146831, -22.500174340673251 ], [ 17.044170980506408, -22.500229237988894 ], [ 17.043677794994267, -22.500190809957868 ], [ 17.043178667661437, -22.500201788881373 ], [ 17.042768669438601, -22.500179830134982 ], [ 17.042418092121295, -22.500119444256885 ], [ 17.041954244292981, -22.499982932566251 ], [ 17.041687226584315, -22.499866918223635 ], [ 17.041384185631728, -22.499575964159355 ], [ 17.04114056378603, -22.499367355618912 ], [ 17.04069700016646, -22.499110000226263 ], [ 17.040587958267739, -22.498983075308615 ], [ 17.040498828258364, -22.498878770139068 ], [ 17.040137450083307, -22.498484865284237 ], [ 17.040011584567029, -22.498335286444267 ], [ 17.039880860913058, -22.498252940021125 ], [ 17.039750137259091, -22.498187062882607 ], [ 17.03963723906736, -22.498071777890168 ], [ 17.039607529064256, -22.497983942005245 ], [ 17.039870999846812, -22.497910999792726 ], [ 17.039924656997357, -22.497959720564605 ], [ 17.039999700925534, -22.498027859498052 ], [ 17.04009433208779, -22.498079669441157 ], [ 17.040160134582607, -22.498115696282298 ], [ 17.040314626418933, -22.49815412431332 ], [ 17.040403756428248, -22.498220001451841 ], [ 17.040510711899856, -22.498335286444277 ], [ 17.040617668270841, -22.498390183759913 ], [ 17.040801790070589, -22.498574534886814 ], [ 17.040837521934122, -22.49862075284539 ], [ 17.040990168361645, -22.498740627078234 ], [ 17.041111659575506, -22.498854866159093 ], [ 17.041181463154032, -22.498945739054584 ], [ 17.041845324702024, -22.499238796633101 ], [ 17.041918964788465, -22.499252071525856 ], [ 17.042019858829462, -22.499255285702816 ], [ 17.042174470275654, -22.499263051348695 ], [ 17.042275483926517, -22.499274030272261 ], [ 17.042483453948307, -22.499378335441804 ], [ 17.042588626963607, -22.499410724525255 ], [ 17.042715192152457, -22.499449701142737 ], [ 17.042864521880233, -22.499446336778984 ], [ 17.042958813098778, -22.499444211680949 ], [ 17.043262986297805, -22.499507690327619 ], [ 17.043339101318509, -22.499526557204831 ], [ 17.043428536198064, -22.499534658297815 ], [ 17.043642142271096, -22.499554005412971 ], [ 17.043721080263708, -22.499562420369386 ], [ 17.043796634107423, -22.499570474697574 ], [ 17.043921415940645, -22.499575964159366 ], [ 17.04406402413548, -22.499575964159366 ], [ 17.044153154144794, -22.499515577381942 ], [ 17.044242284154166, -22.499510087920154 ], [ 17.044343297804971, -22.499543026489448 ], [ 17.044485905999807, -22.499543026489448 ], [ 17.044592861471415, -22.499510087920154 ], [ 17.044723585125382, -22.499400294188206 ], [ 17.044759237848609, -22.499356376695406 ], [ 17.044848366958604, -22.499274030272257 ], [ 17.044961265150334, -22.499208154033052 ], [ 17.045127640628152, -22.499224623317673 ], [ 17.045288486174741, -22.499261168168346 ] ] ] } },
{ "type": "Feature", "properties": { "Settlement": "Fransina Kahungu", "Town": "WINDHOEK", "Extension": null, "Region": null, "LA ARea": null, "Block_Code": "None", "TOWN_1": null, "EXTENSIO_1": null, "LA Area_1": null, "Set_Ext": null, "Id": "0", "Constituen": "Moses Garoeb", "Upgrading_": null, "Area_sqm": 0.0, "Area_Ha": 0.0, "No_Structu": 0.0, "No_HHs": 0.0, "No_Taps": 0.0, "No_Toilets": 0.0, "OBJECTID": 21.0, "layer": "Moses_Garoeb", "path": "E:/UN-HABITAT 2022/NAMIMBIA_2025/ANALYTICS - NOV 2025/20251103 NamibiaData WalvisBay/Windhoek_Informal_Settlements_merged_polygons/merged_polygons - Copy/Moses_Garoeb.shp" }, "geometry": { "type": "Polygon", "coordinates": [ [ [ 17.027510057543168, -22.509279923329757 ], [ 17.027289916096777, -22.50897238756556 ], [ 17.027135999826555, -22.508876000027325 ], [ 17.027113102187968, -22.508737128515637 ], [ 17.027092817979224, -22.508701589107027 ], [ 17.0270179674053, -22.508643250985191 ], [ 17.026906656517042, -22.508524395684272 ], [ 17.026944604310074, -22.508443231869595 ], [ 17.026979494408181, -22.508379639908412 ], [ 17.027050489588476, -22.508341083274328 ], [ 17.027106815926857, -22.508244607602535 ], [ 17.027137242689665, -22.508141677496376 ], [ 17.027234137445532, -22.508091972866222 ], [ 17.027218254518857, -22.507980583736927 ], [ 17.02721536139984, -22.50788519174813 ], [ 17.027196921700636, -22.507778573522327 ], [ 17.027181750137686, -22.507711099187812 ], [ 17.02726724598665, -22.507599033768372 ], [ 17.027370677914519, -22.507510771604757 ], [ 17.027485845995045, -22.507310779468863 ], [ 17.027579303542097, -22.507210112956322 ], [ 17.02765968674521, -22.507125958895859 ], [ 17.027746103499908, -22.507097879363577 ], [ 17.027856744393262, -22.507078600596913 ], [ 17.027998619640641, -22.50709928500396 ], [ 17.028215000122202, -22.507136599674308 ], [ 17.028304711992917, -22.507137080811564 ], [ 17.028401359435236, -22.506938667885155 ], [ 17.028498006877555, -22.506789857965543 ], [ 17.028600023272531, -22.506685690392263 ], [ 17.028659085348579, -22.506586483479396 ], [ 17.028777209500674, -22.506507118308836 ], [ 17.028981243189889, -22.506512078969244 ], [ 17.029190644932385, -22.506541840233687 ], [ 17.029362463107248, -22.506556721315576 ], [ 17.029534280382791, -22.506591444139811 ], [ 17.029652404534886, -22.506646007806978 ], [ 17.029786636444157, -22.506804738148105 ], [ 17.029953084767101, -22.507047794320211 ], [ 17.030114163238068, -22.507226366403639 ], [ 17.030339673637059, -22.507469421676426 ], [ 17.030404105565083, -22.50759838985374 ], [ 17.030538337474354, -22.507662873942415 ], [ 17.03065646162645, -22.507831523805745 ], [ 17.030871233220864, -22.507975372165671 ], [ 17.031225606576527, -22.508044816914722 ], [ 17.031080635862679, -22.508327552974155 ], [ 17.030919557391712, -22.50864501005913 ], [ 17.03074237026425, -22.508962467144091 ], [ 17.03055444523153, -22.509165837133658 ], [ 17.030366370911338, -22.509160046398961 ], [ 17.030415999998468, -22.509249000141203 ], [ 17.030250532835851, -22.509496193194707 ], [ 17.030146848198513, -22.509640194439381 ], [ 17.03009370725886, -22.509706914242653 ], [ 17.030040667043181, -22.509783688466424 ], [ 17.029945347899513, -22.509921658857422 ], [ 17.029792796800166, -22.510001622077144 ], [ 17.029697662017554, -22.510042776852632 ], [ 17.029591631048959, -22.510047554950628 ], [ 17.029452999656257, -22.509981999769426 ], [ 17.029400412698919, -22.50980619220195 ], [ 17.02954501828799, -22.509503134162291 ], [ 17.02972757436811, -22.509270002908238 ], [ 17.029674228382987, -22.509083085116224 ], [ 17.029485956211943, -22.509066632918749 ], [ 17.029120844951077, -22.509061672258316 ], [ 17.028659085348579, -22.509056711597907 ], [ 17.028320819750093, -22.509046791176448 ], [ 17.027998662808102, -22.509031910993826 ], [ 17.027757044651935, -22.509145996290673 ], [ 17.027510057543168, -22.509279923329757 ] ] ] } },
{ "type": "Feature", "properties": { "Settlement": "Gabriel Shihepo", "Town": "WINDHOEK", "Extension": null, "Region": null, "LA ARea": null, "Block_Code": "None", "TOWN_1": null, "EXTENSIO_1": null, "LA Area_1": null, "Set_Ext": null, "Id": "0", "Constituen": "Moses Garoeb", "Upgrading_": null, "Area_sqm": 0.0, "Area_Ha": 0.0, "No_Structu": 0.0, "No_HHs": 0.0, "No_Taps": 0.0, "No_Toilets": 0.0, "OBJECTID": 22.0, "layer": "Moses_Garoeb", "path": "E:/UN-HABITAT 2022/NAMIMBIA_2025/ANALYTICS - NOV 2025/20251103 NamibiaData WalvisBay/Windhoek_Informal_Settlements_merged_polygons/merged_polygons - Copy/Moses_Garoeb.shp" }, "geometry": { "type": "MultiPolygon", "coordinates": [ [ [ [ 17.027462607513371, -22.50693205876745 ], [ 17.027464136360834, -22.506931833936957 ], [ 17.027464555444908, -22.50693258846815 ], [ 17.027462607513371, -22.50693205876745 ] ] ], [ [ [ 17.027461613762512, -22.50693178897086 ], [ 17.027460472522819, -22.506931478704757 ], [ 17.027463085952718, -22.50692969984572 ], [ 17.027461613762512, -22.50693178897086 ] ] ], [ [ [ 17.028404602390538, -22.504364199348277 ], [ 17.028402322609168, -22.504356326683077 ], [ 17.02840475347665, -22.504363786559459 ], [ 17.028404602390538, -22.504364199348277 ] ] ], [ [ [ 17.02859299417139, -22.502408200877714 ], [ 17.028597453909413, -22.502407952664836 ], [ 17.028593682152746, -22.502407199032973 ], [ 17.02859299417139, -22.502408200877714 ], [ 17.028588401333707, -22.502408456285199 ], [ 17.028589825859854, -22.502403259103062 ], [ 17.028576666080312, -22.502390686580895 ], [ 17.028543222991402, -22.502461178140834 ], [ 17.028535594941786, -22.502464866260535 ], [ 17.028538025809269, -22.502534268741446 ], [ 17.028505336352225, -22.502600317650487 ], [ 17.028472898705388, -22.502706348619025 ], [ 17.028413555141526, -22.502842051819179 ], [ 17.028278102852198, -22.502931067614615 ], [ 17.028268799365662, -22.502943305589042 ], [ 17.028252286913585, -22.503068866235143 ], [ 17.028219681093447, -22.503138100542852 ], [ 17.028198894163665, -22.50316500645982 ], [ 17.028195373317885, -22.503168778216487 ], [ 17.028149944064694, -22.503278832751906 ], [ 17.028103004849868, -22.503328621019019 ], [ 17.028113650124908, -22.50342836572645 ], [ 17.028123624505724, -22.503443872736515 ], [ 17.028124295399948, -22.503455104369543 ], [ 17.028175592729497, -22.503496259144978 ], [ 17.028167210148695, -22.503560464443808 ], [ 17.028211215775059, -22.503626011531143 ], [ 17.028217585673076, -22.503683343311593 ], [ 17.028269804807678, -22.503781328045815 ], [ 17.028274750179605, -22.503869841120203 ], [ 17.028304086964113, -22.503912672231991 ], [ 17.028315570407301, -22.503954749711912 ], [ 17.02831733038056, -22.504004370705111 ], [ 17.028384888351979, -22.504070000530071 ], [ 17.028412465163171, -22.504163542613359 ], [ 17.028415649662577, -22.504210984549278 ], [ 17.028425540406431, -22.504260772816387 ], [ 17.028405424370874, -22.504285331502782 ], [ 17.028398299941614, -22.504313411035064 ], [ 17.028400227188797, -22.504351716758258 ], [ 17.028396288158206, -22.504361942049972 ], [ 17.028317749464634, -22.504343418713749 ], [ 17.02831137956656, -22.50434283145648 ], [ 17.028381971850592, -22.504363921457749 ], [ 17.028343565403247, -22.50436345111234 ], [ 17.028346834438935, -22.50437007282056 ], [ 17.028383631099757, -22.504399995963009 ], [ 17.02838581015709, -22.504406953118348 ], [ 17.028412296989988, -22.5045220366626 ], [ 17.028428893079028, -22.50466343976586 ], [ 17.028423444986061, -22.50473812216654 ], [ 17.028434258434345, -22.504786737717723 ], [ 17.028462002519461, -22.504881117069836 ], [ 17.028467701523255, -22.504904922124407 ], [ 17.028496283776519, -22.504997961486705 ], [ 17.028498044649101, -22.505006929526129 ], [ 17.028527967791547, -22.505138441885549 ], [ 17.028526710539325, -22.505174819462297 ], [ 17.028562249947925, -22.505335667706845 ], [ 17.028559567270236, -22.50535586827862 ], [ 17.028566524425628, -22.505385707784111 ], [ 17.028571888881629, -22.505540270666923 ], [ 17.02857960056815, -22.505584275393975 ], [ 17.028575074280297, -22.505660047772949 ], [ 17.028575241554226, -22.505658455073611 ], [ 17.02857867786372, -22.505662226830278 ], [ 17.028583825583155, -22.50565861695156 ], [ 17.028580606010223, -22.50569097725673 ], [ 17.028598627524673, -22.505835145775329 ], [ 17.028607847374303, -22.505890801219426 ], [ 17.028624359826381, -22.506037736052633 ], [ 17.028634585118084, -22.506065144690631 ], [ 17.028669873615797, -22.506147706951079 ], [ 17.028663670991648, -22.506205123267762 ], [ 17.028670376336834, -22.506242506286583 ], [ 17.028680853438686, -22.506349459060235 ], [ 17.028683619753281, -22.506485078623427 ], [ 17.028683284306169, -22.506484826813285 ], [ 17.028682027053947, -22.506488012211946 ], [ 17.028685212452611, -22.506495807535423 ], [ 17.028628131583048, -22.506573842608706 ], [ 17.028591502196093, -22.506613741031288 ], [ 17.028517908874448, -22.506688004347897 ], [ 17.028479352240367, -22.506727650960272 ], [ 17.028478598608501, -22.506742067991986 ], [ 17.028416656003913, -22.506845919003915 ], [ 17.028380194790202, -22.506886152873612 ], [ 17.028365106864214, -22.5068979708646 ], [ 17.028313810434042, -22.506995787425577 ], [ 17.028266787582254, -22.507087402261728 ], [ 17.028255472312253, -22.507107686470526 ], [ 17.028246167926341, -22.507122103502244 ], [ 17.028218256567357, -22.507137861423129 ], [ 17.028201073220998, -22.507131909709809 ], [ 17.028139885147652, -22.50714087864861 ], [ 17.028119098217871, -22.507139202312313 ], [ 17.028023460714167, -22.507123025307354 ], [ 17.027926649595258, -22.507114978173664 ], [ 17.027838052883908, -22.507077427880972 ], [ 17.027759934173673, -22.507063094486174 ], [ 17.027756329690931, -22.507062508128222 ], [ 17.027659770382172, -22.507009449926095 ], [ 17.027570000055505, -22.506961337995335 ], [ 17.027482911507207, -22.50692311680837 ], [ 17.027471293165718, -22.506914252190935 ], [ 17.027472350768448, -22.506913226064512 ], [ 17.02746346546661, -22.506908280692521 ], [ 17.027471293165718, -22.506914252190935 ], [ 17.027466734502241, -22.506918674157415 ], [ 17.027466703925313, -22.506918708331675 ], [ 17.027458604630965, -22.506927474922975 ], [ 17.027460085814369, -22.506931373484065 ], [ 17.027401942845415, -22.506915573295029 ], [ 17.027373863313187, -22.506911801538365 ], [ 17.027376629627781, -22.506917416905193 ], [ 17.027371935166745, -22.506920769577778 ], [ 17.027369588835484, -22.506923954976511 ], [ 17.027368750667335, -22.50691289061734 ], [ 17.027359195370593, -22.506917585078437 ], [ 17.027361793512, -22.506903335320601 ], [ 17.027357686308221, -22.506818762176067 ], [ 17.02737746779593, -22.506784815466801 ], [ 17.027374534207414, -22.506745839748646 ], [ 17.027337569373401, -22.506699235980932 ], [ 17.027308065315026, -22.506558420134919 ], [ 17.027310496182508, -22.506487090406836 ], [ 17.027284595707556, -22.506462530821068 ], [ 17.027271520464353, -22.506443252953709 ], [ 17.027271939548427, -22.506406120845782 ], [ 17.027268335065685, -22.506385250279035 ], [ 17.027257606153626, -22.506244518069995 ], [ 17.027258612495018, -22.506139157096356 ], [ 17.027253750760053, -22.506037736052633 ], [ 17.027276884920354, -22.50598719325432 ], [ 17.027272190459257, -22.505980906993216 ], [ 17.027276801283392, -22.505968249934764 ], [ 17.027264060587981, -22.50592960966372 ], [ 17.027254002570203, -22.505889795777417 ], [ 17.027194490833153, -22.505820142385634 ], [ 17.027182001947892, -22.505797678220226 ], [ 17.027200525284059, -22.505680499255615 ], [ 17.027178397465093, -22.5055962615582 ], [ 17.027204632487841, -22.505533816232568 ], [ 17.027204297940045, -22.50552937358167 ], [ 17.027174290261314, -22.505521746431373 ], [ 17.027133973654031, -22.505475394473812 ], [ 17.027153922415664, -22.505354611026405 ], [ 17.027164734964572, -22.505301553723648 ], [ 17.027179151996336, -22.505169957727329 ], [ 17.027219720413825, -22.50515445161659 ], [ 17.027225168506789, -22.50515118258096 ], [ 17.027219133156507, -22.505142884536436 ], [ 17.027234723803531, -22.505092006291019 ], [ 17.027216199567988, -22.505077086538279 ], [ 17.027198010779614, -22.505054874183031 ], [ 17.027197257147748, -22.505038697178072 ], [ 17.027197088974503, -22.505046576138511 ], [ 17.027190383629375, -22.505027549181978 ], [ 17.027177475660039, -22.504980108145446 ], [ 17.027171943030798, -22.504943814205607 ], [ 17.027126261967453, -22.504934342545827 ], [ 17.027114023993079, -22.504934258908857 ], [ 17.027111844935746, -22.50491892007204 ], [ 17.027074294643057, -22.504865694596099 ], [ 17.027055183150253, -22.504807860094612 ], [ 17.02707907184174, -22.504773913385346 ], [ 17.027077311868482, -22.504735691299057 ], [ 17.027063062110699, -22.504685651221784 ], [ 17.027064235725959, -22.504653465385044 ], [ 17.027038503424251, -22.504608286143423 ], [ 17.027041688822919, -22.504574255797195 ], [ 17.027040515207659, -22.504528072012878 ], [ 17.027026769070176, -22.504476606510146 ], [ 17.027011094786246, -22.504460262231248 ], [ 17.027013692927653, -22.504393458791068 ], [ 17.027015201990025, -22.504382813515971 ], [ 17.027017548321226, -22.504322630884641 ], [ 17.026999275895889, -22.504266053635433 ], [ 17.026940015968989, -22.504210816376034 ], [ 17.02693243468417, -22.504205563435963 ], [ 17.026953678469511, -22.504141414794386 ], [ 17.026983098890923, -22.504134793086163 ], [ 17.026964491018479, -22.504111742562831 ], [ 17.026846222974882, -22.504070419614152 ], [ 17.026827530566152, -22.504077124959274 ], [ 17.026859047307255, -22.50404996813149 ], [ 17.026879163342755, -22.503992887261916 ], [ 17.026876732475273, -22.503982325623777 ], [ 17.026866088099553, -22.503951313402347 ], [ 17.026863321784901, -22.503829775423753 ], [ 17.026840523071712, -22.503756684823081 ], [ 17.026843623934155, -22.503748974035886 ], [ 17.026820741584004, -22.503656270120697 ], [ 17.026804145494964, -22.50364797207617 ], [ 17.026765086139847, -22.503605475512245 ], [ 17.026746142820286, -22.503582509525131 ], [ 17.02671932054028, -22.503562979847576 ], [ 17.026690235565979, -22.503459211573329 ], [ 17.026686463809312, -22.503414955036082 ], [ 17.026700126309834, -22.503284532655009 ], [ 17.026702389004072, -22.503235833466881 ], [ 17.026703059898352, -22.50321647106324 ], [ 17.026681182990274, -22.503101722966107 ], [ 17.026679590290883, -22.503086216855358 ], [ 17.026681602074348, -22.503050006552538 ], [ 17.026676489428496, -22.503033662273655 ], [ 17.026662575117825, -22.502981945860085 ], [ 17.026659138808274, -22.50292025506565 ], [ 17.026661904223545, -22.502901814467116 ], [ 17.02665016986947, -22.502840208209019 ], [ 17.026655282515321, -22.502821097615534 ], [ 17.026655198878359, -22.502766112166285 ], [ 17.026636842816117, -22.502704588645827 ], [ 17.026622342147448, -22.502652034064056 ], [ 17.026596190761666, -22.502537956861151 ], [ 17.026566770340253, -22.502401666403721 ], [ 17.026544808895892, -22.502299491728134 ], [ 17.02652242926672, -22.502199159763389 ], [ 17.026526285559669, -22.502181390059036 ], [ 17.026506001350924, -22.502159513150961 ], [ 17.026500720531885, -22.5021382235002 ], [ 17.026473647340993, -22.502073011859977 ], [ 17.026549251546783, -22.502031186190258 ], [ 17.026526637194593, -22.501960821434693 ], [ 17.02652172419829, -22.501918451675177 ], [ 17.026516311178852, -22.501871762471808 ], [ 17.026526621006781, -22.501847287422315 ], [ 17.026509270386555, -22.501738322865265 ], [ 17.026438694290334, -22.501668753110437 ], [ 17.026431789295714, -22.501569815994177 ], [ 17.026436231946604, -22.501449960647111 ], [ 17.026442382410096, -22.501378571563805 ], [ 17.02642737902039, -22.501335991362843 ], [ 17.026431486224169, -22.501262733488314 ], [ 17.02644657325078, -22.501199449994594 ], [ 17.02647976542886, -22.501138681904592 ], [ 17.026501391426109, -22.501063244073404 ], [ 17.026478173628846, -22.500966684764649 ], [ 17.026469707411138, -22.500873897212546 ], [ 17.026506001350924, -22.500802399311219 ], [ 17.026498960558627, -22.500758059137059 ], [ 17.026568781224341, -22.500770045301298 ], [ 17.02657314023827, -22.500673318718608 ], [ 17.026569703928715, -22.500622105026082 ], [ 17.026590826305664, -22.500574579453264 ], [ 17.026568781224341, -22.500547589899327 ], [ 17.026576911994937, -22.500477265613259 ], [ 17.026547658847452, -22.500409036747609 ], [ 17.026530392763448, -22.500344998722657 ], [ 17.026530057316336, -22.500268807259602 ], [ 17.026550760609158, -22.500155065503801 ], [ 17.026864588929698, -22.499898809082705 ], [ 17.028140225990683, -22.499846759919986 ], [ 17.02903008267225, -22.499810451591035 ], [ 17.02915987552791, -22.499917742509748 ], [ 17.02915987552791, -22.500113390020886 ], [ 17.029187200528952, -22.500283792662849 ], [ 17.02930333088409, -22.500422638993541 ], [ 17.029330655885133, -22.500504684143834 ], [ 17.029312354681451, -22.500563731830706 ], [ 17.029277684017927, -22.500675495977305 ], [ 17.029275632664394, -22.500678537484475 ], [ 17.029272501225023, -22.500684322823187 ], [ 17.029240513239131, -22.50073123685706 ], [ 17.029222576260963, -22.500761915430019 ], [ 17.029204722919701, -22.500869119114494 ], [ 17.02921092554385, -22.500915890156136 ], [ 17.029187036852306, -22.500982694495686 ], [ 17.029147642050077, -22.50101798209414 ], [ 17.029034151205167, -22.501029716448219 ], [ 17.028973801299912, -22.501110769646232 ], [ 17.028975728547096, -22.501144799992463 ], [ 17.028985954738062, -22.501177993069859 ], [ 17.028974723105023, -22.501208502570311 ], [ 17.028958462463095, -22.501267259776167 ], [ 17.028986122911306, -22.50131537170699 ], [ 17.028980757555985, -22.501325681534926 ], [ 17.028970280454132, -22.50135191745699 ], [ 17.028995845481916, -22.501404639312625 ], [ 17.029067007936135, -22.501512430254415 ], [ 17.029087375781842, -22.501568002960941 ], [ 17.0290742160023, -22.501594908877909 ], [ 17.029056362661038, -22.501595914319914 ], [ 17.029051500926073, -22.501617623054816 ], [ 17.029034066668885, -22.501657772388228 ], [ 17.028954438896278, -22.501740166475482 ], [ 17.028946643572795, -22.501786518433054 ], [ 17.028979082119008, -22.501852400967493 ], [ 17.029012274297088, -22.501855082745802 ], [ 17.029004814420716, -22.501897746583658 ], [ 17.028974052210799, -22.501934962328615 ], [ 17.028957624294947, -22.501943512183288 ], [ 17.028951169860647, -22.502000508516634 ], [ 17.028951421670797, -22.502008052929231 ], [ 17.028940021864571, -22.502097738719606 ], [ 17.028906996960419, -22.502129254561392 ], [ 17.028830050966121, -22.502211816821838 ], [ 17.028802055970175, -22.502241069070006 ], [ 17.028770875575507, -22.50228750556391 ], [ 17.028701305820675, -22.502404013634312 ], [ 17.02866023378283, -22.502461346314014 ], [ 17.028557890933996, -22.502459334530609 ], [ 17.02859299417139, -22.502408200877714 ] ] ] ] } },
{ "type": "Feature", "properties": { "Settlement": "Helena Andreas", "Town": "WINDHOEK", "Extension": null, "Region": null, "LA ARea": null, "Block_Code": "None", "TOWN_1": null, "EXTENSIO_1": null, "LA Area_1": null, "Set_Ext": null, "Id": "0", "Constituen": "Moses Garoeb", "Upgrading_": null, "Area_sqm": 0.0, "Area_Ha": 0.0, "No_Structu": 0.0, "No_HHs": 0.0, "No_Taps": 0.0, "No_Toilets": 0.0, "OBJECTID": 23.0, "layer": "Moses_Garoeb", "path": "E:/UN-HABITAT 2022/NAMIMBIA_2025/ANALYTICS - NOV 2025/20251103 NamibiaData WalvisBay/Windhoek_Informal_Settlements_merged_polygons/merged_polygons - Copy/Moses_Garoeb.shp" }, "geometry": { "type": "Polygon", "coordinates": [ [ [ 17.040347000213956, -22.495271000356354 ], [ 17.040439408252155, -22.495206091787683 ], [ 17.040516654619978, -22.495085314635499 ], [ 17.040576074626188, -22.494942577837655 ], [ 17.040665203736239, -22.494843760331197 ], [ 17.040748391924808, -22.494788861216925 ], [ 17.040944477405731, -22.494684553349437 ], [ 17.041128679245219, -22.494618674412266 ], [ 17.041241577436892, -22.494585734943655 ], [ 17.041342591087755, -22.494541815652205 ], [ 17.041473314741722, -22.494426527961874 ], [ 17.041609981115812, -22.494311239372156 ], [ 17.041710994766618, -22.494195951681771 ], [ 17.041794182955243, -22.49414105166818 ], [ 17.041883312964558, -22.494108112199569 ], [ 17.04198432661542, -22.494080663092067 ], [ 17.042014036618525, -22.494014784154899 ], [ 17.042055630263178, -22.493932435033795 ], [ 17.042049688442432, -22.493850085912698 ], [ 17.042014036618525, -22.493767736791597 ], [ 17.041930848429956, -22.493734797322993 ], [ 17.041907080247597, -22.493619508733275 ], [ 17.041907080247597, -22.493493240320728 ], [ 17.041930000369291, -22.493402999648644 ], [ 17.042009839482546, -22.493418194593975 ], [ 17.042098771641065, -22.493381565207017 ], [ 17.042212095212051, -22.493344265825147 ], [ 17.042286191254789, -22.493312414536259 ], [ 17.042339415831407, -22.493299842014036 ], [ 17.042446999929155, -22.493246999649266 ], [ 17.042500097701407, -22.493209988050463 ], [ 17.042606966838093, -22.493242174786477 ], [ 17.042722839087787, -22.493254961347361 ], [ 17.042792290132127, -22.49326262626915 ], [ 17.042876696002796, -22.493258435428395 ], [ 17.042938722244287, -22.493275534238478 ], [ 17.043065769469763, -22.49343834120646 ], [ 17.043101421293613, -22.493614019271554 ], [ 17.043143014938266, -22.493784206975537 ], [ 17.043154899479077, -22.493959885040628 ], [ 17.043202434944476, -22.494168501674952 ], [ 17.043226203126835, -22.494399077955048 ], [ 17.043232144947581, -22.494574755120826 ], [ 17.043327216777698, -22.494821800685489 ], [ 17.043416346787012, -22.495068845350882 ], [ 17.043499534975581, -22.495304910193397 ], [ 17.043558954981847, -22.49552999431376 ], [ 17.043624316808803, -22.495711160041932 ], [ 17.043683736815069, -22.495809977548387 ], [ 17.043772866824384, -22.495958202908696 ], [ 17.043885764116794, -22.496155837921545 ], [ 17.044010545949959, -22.496293083458951 ], [ 17.044182864147899, -22.496518166680008 ], [ 17.044361124166585, -22.496726779717047 ], [ 17.044474021458996, -22.496918922570156 ], [ 17.044575036009178, -22.497028719000127 ], [ 17.04459880329216, -22.497111066322592 ], [ 17.044658223298427, -22.497204392568612 ], [ 17.044537067531678, -22.497226427757361 ], [ 17.044501779933228, -22.497276636007889 ], [ 17.044421648540322, -22.497292980286776 ], [ 17.0442864480612, -22.497297506574622 ], [ 17.04420162400578, -22.497238749368769 ], [ 17.04413985586973, -22.497219181919654 ], [ 17.04407899964616, -22.497197000141391 ], [ 17.044010264462202, -22.497232212196764 ], [ 17.044028705060725, -22.497338577713148 ], [ 17.044020323379243, -22.497400520317743 ], [ 17.044006157258423, -22.49741971454813 ], [ 17.043839190026631, -22.497447877717317 ], [ 17.043823599379664, -22.497490207007385 ], [ 17.043754784156022, -22.497538235301242 ], [ 17.043632157098443, -22.497567068465397 ], [ 17.043532245117092, -22.497572432921395 ], [ 17.043457310906206, -22.497544018841328 ], [ 17.043337198353072, -22.497562207629748 ], [ 17.043204345104471, -22.49753010453065 ], [ 17.043154136853961, -22.497588694462642 ], [ 17.043111556653059, -22.49761023592362 ], [ 17.043026816234658, -22.497553657775029 ], [ 17.042998484892223, -22.497583916364587 ], [ 17.042933441425252, -22.497632699189698 ], [ 17.042872002441015, -22.497640829060963 ], [ 17.042780472141146, -22.497656838792 ], [ 17.042768317803681, -22.497727498525197 ], [ 17.042739401002621, -22.497761277061215 ], [ 17.042660862308992, -22.497826321427567 ], [ 17.042662119561214, -22.497870157981357 ], [ 17.042687600052773, -22.497949199395979 ], [ 17.042639858642588, -22.498006681363218 ], [ 17.04243471878732, -22.498098565096655 ], [ 17.042336336552751, -22.498109869574758 ], [ 17.042262554373451, -22.498118346584356 ], [ 17.042119625120677, -22.498109907346301 ], [ 17.041967355509087, -22.498075073905515 ], [ 17.041891571438896, -22.498049866807893 ], [ 17.041802639280434, -22.49801139381071 ], [ 17.041655103700123, -22.498029904556393 ], [ 17.041600886271908, -22.498036707028348 ], [ 17.041433080872025, -22.498025642669226 ], [ 17.041254356803165, -22.498027077087897 ], [ 17.041131623625574, -22.498024386316331 ], [ 17.041021781330187, -22.49801826642982 ], [ 17.040934944592095, -22.497978704353674 ], [ 17.040843330655207, -22.497930172439453 ], [ 17.040719110898294, -22.497873343380025 ], [ 17.040650379311614, -22.497869319813216 ], [ 17.04045876885715, -22.497850377392972 ], [ 17.040377212938097, -22.497808132639186 ], [ 17.040280999868287, -22.497788999562651 ], [ 17.040267090953535, -22.497731412374723 ], [ 17.040379988245888, -22.497676514159764 ], [ 17.040439408252155, -22.497621616844068 ], [ 17.040469118255263, -22.497561229167324 ], [ 17.040576074626188, -22.497451433636684 ], [ 17.040623610091586, -22.497380066137111 ], [ 17.040653320094691, -22.497286739891081 ], [ 17.040760275566299, -22.497154984714715 ], [ 17.040855348295736, -22.497017739177288 ], [ 17.040911905759913, -22.496864998320969 ], [ 17.04097491316179, -22.496713822285013 ], [ 17.041027665594356, -22.496595023641365 ], [ 17.041045491955913, -22.496485227211387 ], [ 17.040997955591251, -22.496331512389361 ], [ 17.040892338310812, -22.496156230025971 ], [ 17.040684745104954, -22.495827488247929 ], [ 17.040583658609023, -22.495592208513589 ], [ 17.04053814481955, -22.495557842720245 ], [ 17.040384180885269, -22.495374402606558 ], [ 17.040347000213956, -22.495271000356354 ] ] ] } },
{ "type": "Feature", "properties": { "Settlement": "Helvi Kondombolo", "Town": "WINDHOEK", "Extension": null, "Region": null, "LA ARea": null, "Block_Code": "None", "TOWN_1": null, "EXTENSIO_1": null, "LA Area_1": null, "Set_Ext": null, "Id": "0", "Constituen": "Moses Garoeb", "Upgrading_": null, "Area_sqm": 0.0, "Area_Ha": 0.0, "No_Structu": 0.0, "No_HHs": 0.0, "No_Taps": 0.0, "No_Toilets": 0.0, "OBJECTID": 24.0, "layer": "Moses_Garoeb", "path": "E:/UN-HABITAT 2022/NAMIMBIA_2025/ANALYTICS - NOV 2025/20251103 NamibiaData WalvisBay/Windhoek_Informal_Settlements_merged_polygons/merged_polygons - Copy/Moses_Garoeb.shp" }, "geometry": { "type": "Polygon", "coordinates": [ [ [ 17.02945978414175, -22.510449383732009 ], [ 17.029632407209874, -22.510297997254728 ], [ 17.029763674953699, -22.510155822533136 ], [ 17.029945347899513, -22.509921658857422 ], [ 17.030015401489663, -22.509820259397433 ], [ 17.03009370725886, -22.509706914242653 ], [ 17.030198842502614, -22.509567982476376 ], [ 17.030291990682883, -22.509434258684049 ], [ 17.030373999860274, -22.509292000325498 ], [ 17.030569385668684, -22.50939058760547 ], [ 17.0307323383268, -22.509461675415931 ], [ 17.030954134525757, -22.509608031985067 ], [ 17.031117087183873, -22.509712572776941 ], [ 17.031298145892777, -22.509846383803502 ], [ 17.031203090250472, -22.509909107918922 ], [ 17.031126139759579, -22.509950924595433 ], [ 17.030904343560678, -22.510076371926978 ], [ 17.030723284851774, -22.510189275514616 ], [ 17.030496961465644, -22.510314723745463 ], [ 17.030266112690981, -22.51044017107699 ], [ 17.029950422773823, -22.510587954870175 ], [ 17.02969131640117, -22.510736201814208 ], [ 17.02945978414175, -22.510449383732009 ] ] ] } },
{ "type": "Feature", "properties": { "Settlement": "Hifikepunye Pohamba", "Town": "WINDHOEK", "Extension": null, "Region": null, "LA ARea": null, "Block_Code": "None", "TOWN_1": null, "EXTENSIO_1": null, "LA Area_1": null, "Set_Ext": null, "Id": "0", "Constituen": "Moses Garoeb", "Upgrading_": null, "Area_sqm": 0.0, "Area_Ha": 0.0, "No_Structu": 0.0, "No_HHs": 0.0, "No_Taps": 0.0, "No_Toilets": 0.0, "OBJECTID": 25.0, "layer": "Moses_Garoeb", "path": "E:/UN-HABITAT 2022/NAMIMBIA_2025/ANALYTICS - NOV 2025/20251103 NamibiaData WalvisBay/Windhoek_Informal_Settlements_merged_polygons/merged_polygons - Copy/Moses_Garoeb.shp" }, "geometry": { "type": "Polygon", "coordinates": [ [ [ 17.0330700000805, -22.500257000060458 ], [ 17.033131964268762, -22.500508510759111 ], [ 17.033149610765975, -22.500679692213971 ], [ 17.033163634793937, -22.500776869356965 ], [ 17.033184902861024, -22.500924235864765 ], [ 17.033264997381764, -22.500881071104509 ], [ 17.033396659028654, -22.500810115494403 ], [ 17.033497312051338, -22.500889157808334 ], [ 17.033661352889169, -22.50101390276933 ], [ 17.033758407724406, -22.501225840600007 ], [ 17.033784877470168, -22.50145408044142 ], [ 17.033784877470168, -22.501674169727092 ], [ 17.0337495844758, -22.501975771764414 ], [ 17.033855462559586, -22.502130648510555 ], [ 17.03405839457929, -22.502244767981601 ], [ 17.0343936744286, -22.502342584542589 ], [ 17.034556830333486, -22.502427439174937 ], [ 17.034720131029246, -22.502627882770533 ], [ 17.034666119545818, -22.502938276580149 ], [ 17.034709872462713, -22.503303811421684 ], [ 17.034717248702123, -22.503474634047045 ], [ 17.034808361716557, -22.503622346793801 ], [ 17.034711307780697, -22.503663103169622 ], [ 17.034384851179993, -22.503744615921224 ], [ 17.034226034503945, -22.503809826662117 ], [ 17.034084864325052, -22.503907642323785 ], [ 17.033890754654635, -22.504038062906254 ], [ 17.033731937978587, -22.504103272747781 ], [ 17.033520182710333, -22.504209239864512 ], [ 17.033458420869465, -22.504323357536858 ], [ 17.033308427442023, -22.504404870288514 ], [ 17.033114317771606, -22.504421172299207 ], [ 17.03288491600614, -22.504413021743506 ], [ 17.03284962391109, -22.50455159288169 ], [ 17.032664331193985, -22.504486174397417 ], [ 17.032499658132792, -22.50454426160832 ], [ 17.032376686634848, -22.50455432772003 ], [ 17.032263126542091, -22.504563624012 ], [ 17.03211042975261, -22.504599582504675 ], [ 17.031999649464296, -22.504566390326595 ], [ 17.03187104191511, -22.504533302469891 ], [ 17.031763117873652, -22.504505536801041 ], [ 17.031589462383806, -22.504436385230978 ], [ 17.031385865765117, -22.5043921277944 ], [ 17.03120023400362, -22.5043921277944 ], [ 17.030936756026506, -22.504292549461528 ], [ 17.030778070651483, -22.504270420743296 ], [ 17.030559503918028, -22.504292549461525 ], [ 17.030364889727934, -22.504234462250562 ], [ 17.030313990798106, -22.504148713692135 ], [ 17.030152311579968, -22.504112755199451 ], [ 17.030113388022471, -22.503957855070894 ], [ 17.030087743854324, -22.503853285500661 ], [ 17.030026560277577, -22.503603796477982 ], [ 17.029945721118168, -22.503388041924545 ], [ 17.029716037864887, -22.503408832451615 ], [ 17.029448706292786, -22.503457194393949 ], [ 17.029313972561852, -22.503451661764753 ], [ 17.029287026175382, -22.503346550802618 ], [ 17.029233133402442, -22.503161222112681 ], [ 17.029206187015973, -22.502920572526367 ], [ 17.029075398610814, -22.502876619060661 ], [ 17.028891909933748, -22.50289510912194 ], [ 17.028645000166648, -22.502901999727442 ], [ 17.028413555141526, -22.502842051819179 ], [ 17.028505336352225, -22.502600317650487 ], [ 17.028535594941786, -22.502464866260535 ], [ 17.02866023378283, -22.502461346314014 ], [ 17.028770875575507, -22.50228750556391 ], [ 17.028906996960419, -22.502129254561392 ], [ 17.028951169860647, -22.502000508516634 ], [ 17.029004814420716, -22.501897746583658 ], [ 17.028946643572795, -22.501786518433054 ], [ 17.029034066668885, -22.501657772388228 ], [ 17.029087375781842, -22.501568002960941 ], [ 17.028970280454132, -22.50135191745699 ], [ 17.028975728547096, -22.501144799992463 ], [ 17.029147642050077, -22.50101798209414 ], [ 17.029187036852306, -22.500982694495686 ], [ 17.029204722919701, -22.500869119114494 ], [ 17.029240513239131, -22.50073123685706 ], [ 17.029312354681451, -22.500563731830706 ], [ 17.02930333088409, -22.500422638993541 ], [ 17.029187200528952, -22.500283792662849 ], [ 17.029199106653493, -22.500233938745222 ], [ 17.029310166630921, -22.500226647042094 ], [ 17.029416952130703, -22.500282805207231 ], [ 17.029661619887918, -22.500312896522928 ], [ 17.029882064405797, -22.50034642414812 ], [ 17.029965883019145, -22.500353800387522 ], [ 17.030224632360955, -22.500366875630792 ], [ 17.030387408751949, -22.500419346575537 ], [ 17.03056317764856, -22.500520934893188 ], [ 17.030677339387751, -22.500508026923853 ], [ 17.030784124887475, -22.500449353354949 ], [ 17.030922760776832, -22.500303424863144 ], [ 17.030944889495117, -22.500146851096243 ], [ 17.031051758631804, -22.500141234830096 ], [ 17.031197017128704, -22.500156573666914 ], [ 17.031293995521537, -22.500104857253291 ], [ 17.031421652487325, -22.499992875470813 ], [ 17.031530114323346, -22.499937051853408 ], [ 17.03201894621742, -22.50007057599624 ], [ 17.032201755906385, -22.500163698995493 ], [ 17.032319270318112, -22.50021650448803 ], [ 17.032499061882277, -22.500331336222128 ], [ 17.032595370280148, -22.500369725582342 ], [ 17.032785638946109, -22.500261682830335 ], [ 17.032916899495376, -22.500222036217963 ], [ 17.0330700000805, -22.500257000060458 ] ] ] } },
{ "type": "Feature", "properties": { "Settlement": "Jerry Ekandjo", "Town": "WINDHOEK", "Extension": null, "Region": null, "LA ARea": null, "Block_Code": "None", "TOWN_1": null, "EXTENSIO_1": null, "LA Area_1": null, "Set_Ext": null, "Id": "0", "Constituen": "Moses Garoeb", "Upgrading_": null, "Area_sqm": 0.0, "Area_Ha": 0.0, "No_Structu": 0.0, "No_HHs": 0.0, "No_Taps": 0.0, "No_Toilets": 0.0, "OBJECTID": 26.0, "layer": "Moses_Garoeb", "path": "E:/UN-HABITAT 2022/NAMIMBIA_2025/ANALYTICS - NOV 2025/20251103 NamibiaData WalvisBay/Windhoek_Informal_Settlements_merged_polygons/merged_polygons - Copy/Moses_Garoeb.shp" }, "geometry": { "type": "Polygon", "coordinates": [ [ [ 17.036277999630045, -22.490665000189548 ], [ 17.036160612922004, -22.490539765098049 ], [ 17.036149464925927, -22.49035175912632 ], [ 17.036055838306368, -22.490184121000308 ], [ 17.035953914541551, -22.49013961265296 ], [ 17.035660799406401, -22.490058056733854 ], [ 17.035598999794047, -22.489878999915842 ], [ 17.035722825647952, -22.489700485389054 ], [ 17.035781582853815, -22.4895911008486 ], [ 17.035895073698725, -22.489441316963166 ], [ 17.035760460476926, -22.489257333659001 ], [ 17.035539681411194, -22.48900285879483 ], [ 17.035381430408734, -22.488819798195092 ], [ 17.035337928402726, -22.488644113834763 ], [ 17.035296521817088, -22.48849550266528 ], [ 17.035304066229742, -22.488340102513686 ], [ 17.035396601971627, -22.488306993972564 ], [ 17.03550229749311, -22.488356614066443 ], [ 17.035647724163198, -22.488275393594506 ], [ 17.035848135383219, -22.488226527132497 ], [ 17.035917117880729, -22.488151592921614 ], [ 17.035982329520948, -22.488155449214553 ], [ 17.03598501129926, -22.488288888821106 ], [ 17.036007140017546, -22.48846566315979 ], [ 17.03605256927068, -22.488493993602901 ], [ 17.036109063782305, -22.488518049568309 ], [ 17.036244850619426, -22.488514277811646 ], [ 17.036408129731456, -22.488694740269981 ], [ 17.036543665657689, -22.488794401340503 ], [ 17.036624215235406, -22.488756011980346 ], [ 17.03667534529103, -22.488731286019963 ], [ 17.036919593964114, -22.488582758487496 ], [ 17.037098966444205, -22.488573035017502 ], [ 17.037221342590954, -22.488596085540845 ], [ 17.037344640542756, -22.488739415891299 ], [ 17.037340114254903, -22.488788115079387 ], [ 17.037298623132983, -22.488829605301994 ], [ 17.037348412299423, -22.488890625202149 ], [ 17.037401553239135, -22.489052312514161 ], [ 17.037501297946619, -22.489092461847576 ], [ 17.037586206538265, -22.48909455726794 ], [ 17.037705983644287, -22.489085337418324 ], [ 17.037821067188531, -22.489101430786381 ], [ 17.037952579547948, -22.489166055169282 ], [ 17.037997841527215, -22.489176951355148 ], [ 17.038135556510781, -22.489191535660773 ], [ 17.038250472781158, -22.489189775687571 ], [ 17.03833730861993, -22.489155661704384 ], [ 17.038583149992405, -22.489101346250095 ], [ 17.038598999644194, -22.489075999757521 ], [ 17.038667891310183, -22.488994728923554 ], [ 17.038801499089971, -22.48888626708754 ], [ 17.038879534163243, -22.488851817657231 ], [ 17.039116993854236, -22.488765400003164 ], [ 17.039237944575518, -22.488687029482779 ], [ 17.039362247969393, -22.488659033587513 ], [ 17.039547403989559, -22.488677892370784 ], [ 17.039758041400546, -22.488667834353002 ], [ 17.039831999846967, -22.488625999690104 ], [ 17.039935234823304, -22.488656016362029 ], [ 17.040017293463393, -22.488887524339752 ], [ 17.040057023712734, -22.488964218523847 ], [ 17.040140340504365, -22.48893370812408 ], [ 17.04049523007086, -22.488822480872727 ], [ 17.040581395914728, -22.48875048025042 ], [ 17.040816340202014, -22.488610669846484 ], [ 17.040984901032402, -22.48845946053563 ], [ 17.041122866926802, -22.488291738772659 ], [ 17.041261838263267, -22.488212948268885 ], [ 17.04141992109254, -22.488160645497377 ], [ 17.041579261174036, -22.4881566219305 ], [ 17.041825689803773, -22.488240022359086 ], [ 17.042067000391796, -22.488311999599034 ], [ 17.042188039246639, -22.488663057154326 ], [ 17.042278144121099, -22.488910406689858 ], [ 17.042380000436708, -22.489224000287322 ], [ 17.042506099776745, -22.489460500401709 ], [ 17.04259499955964, -22.489598999594136 ], [ 17.042748000319989, -22.489858300220359 ], [ 17.042805301523515, -22.490142609194038 ], [ 17.042841900333485, -22.490324200301529 ], [ 17.042906299885885, -22.490485300356287 ], [ 17.042964000388338, -22.490603000028386 ], [ 17.043088700383294, -22.490755400041611 ], [ 17.043074425444445, -22.490935558529142 ], [ 17.043022299839322, -22.491096199929647 ], [ 17.042878800416361, -22.491316100357714 ], [ 17.042751091289858, -22.49147636494223 ], [ 17.042605300394371, -22.491666299959714 ], [ 17.042489033342292, -22.491900147973407 ], [ 17.042495899666108, -22.492121099708918 ], [ 17.042566732069076, -22.492312040168493 ], [ 17.042586000043912, -22.492457799587722 ], [ 17.042740699623664, -22.492663600444754 ], [ 17.042789691990723, -22.492760801869455 ], [ 17.04284987372273, -22.492958363137905 ], [ 17.042892200314839, -22.493098699645206 ], [ 17.042887999581584, -22.493264999580052 ], [ 17.042606966838093, -22.493242174786477 ], [ 17.042446999929155, -22.493246999649266 ], [ 17.042330112344871, -22.493313001793585 ], [ 17.042212095212051, -22.493344265825147 ], [ 17.042098771641065, -22.493381565207017 ], [ 17.042009839482546, -22.493418194593975 ], [ 17.041930000369291, -22.493402999648644 ], [ 17.041907080247597, -22.493564993629487 ], [ 17.041930848429956, -22.493734797322993 ], [ 17.042008163146249, -22.493809545374177 ], [ 17.042038338098848, -22.493906189219217 ], [ 17.041974216436984, -22.494058403972133 ], [ 17.04186664223181, -22.494107902657554 ], [ 17.04174505568983, -22.494163848582666 ], [ 17.04164103560538, -22.494226712992369 ], [ 17.041473314741722, -22.494426527961874 ], [ 17.041309363836149, -22.494546565871246 ], [ 17.041253875665859, -22.494581183474789 ], [ 17.04105447078723, -22.494658045832129 ], [ 17.040856908619503, -22.494738763583037 ], [ 17.040692372255251, -22.494816966829486 ], [ 17.040576074626188, -22.494942577837655 ], [ 17.040516654619978, -22.495085314635499 ], [ 17.040347000213956, -22.495271000356354 ], [ 17.040256681300832, -22.495213094808435 ], [ 17.040238743423345, -22.495169928249531 ], [ 17.040177723523186, -22.495056437404628 ], [ 17.040219716466765, -22.494987538544027 ], [ 17.040239330680606, -22.494923919603139 ], [ 17.040186524288742, -22.494917548805798 ], [ 17.040163893748741, -22.494850745365564 ], [ 17.040134472428008, -22.494716551227842 ], [ 17.040091557679318, -22.494535753322339 ], [ 17.040088120470443, -22.494444642106483 ], [ 17.040050905624867, -22.494309945247725 ], [ 17.040045721932586, -22.494197465240802 ], [ 17.04002106522006, -22.494072569193694 ], [ 17.039986532152795, -22.494032336223302 ], [ 17.039961470745311, -22.493871068894691 ], [ 17.039967002475237, -22.493735952052468 ], [ 17.040000111016354, -22.493667220465795 ], [ 17.040029615074729, -22.493570744793995 ], [ 17.040064651762293, -22.493478544499169 ], [ 17.039968427001327, -22.49347133553368 ], [ 17.039934648465309, -22.493430264395155 ], [ 17.039856000054385, -22.493298000202511 ], [ 17.039850999823841, -22.493285999649114 ], [ 17.039764327661658, -22.493275534238478 ], [ 17.039696266969202, -22.493284670451143 ], [ 17.039621080948166, -22.493249550126613 ], [ 17.039613370160964, -22.493184087575514 ], [ 17.039607670257851, -22.49305567697786 ], [ 17.039635246169723, -22.492873957267239 ], [ 17.039622087289558, -22.492721826151296 ], [ 17.039587050601938, -22.492603976292401 ], [ 17.03954212406984, -22.492484031013191 ], [ 17.039435338570058, -22.492374144651027 ], [ 17.039326708560793, -22.492247158579456 ], [ 17.039215665670497, -22.492150447285265 ], [ 17.039112132119271, -22.492092261148912 ], [ 17.0390001377462, -22.492079803739895 ], [ 17.038783142128352, -22.49199595275098 ], [ 17.038705023418174, -22.491896208043492 ], [ 17.038580719124923, -22.49178573532339 ], [ 17.038452141253345, -22.491669561800784 ], [ 17.038324819734669, -22.491552214662939 ], [ 17.038274779657399, -22.49142196045506 ], [ 17.03817285589264, -22.49122004017266 ], [ 17.038021311134628, -22.491118535491974 ], [ 17.037817463605109, -22.490999344743905 ], [ 17.037653680872722, -22.490880656716918 ], [ 17.037547901714333, -22.49081502689193 ], [ 17.0374360863064, -22.490787618253933 ], [ 17.03727724984526, -22.490712096785778 ], [ 17.037221090780747, -22.490616123835022 ], [ 17.037210110957915, -22.490597013241537 ], [ 17.037044484615308, -22.490583015293858 ], [ 17.03699645632145, -22.490556193913161 ], [ 17.036957479703972, -22.49053733423057 ], [ 17.036795541481126, -22.49048427692782 ], [ 17.036635363231483, -22.490433146872196 ], [ 17.036535786697243, -22.490396182937449 ], [ 17.036449285406263, -22.490428369673449 ], [ 17.036334369135886, -22.490570861855758 ], [ 17.036277999630045, -22.490665000189548 ] ] ] } },
{ "type": "Feature", "properties": { "Settlement": "Jonas Hiduwa", "Town": "WINDHOEK", "Extension": null, "Region": null, "LA ARea": null, "Block_Code": "None", "TOWN_1": null, "EXTENSIO_1": null, "LA Area_1": null, "Set_Ext": null, "Id": "0", "Constituen": "Moses Garoeb", "Upgrading_": null, "Area_sqm": 0.0, "Area_Ha": 0.0, "No_Structu": 0.0, "No_HHs": 0.0, "No_Taps": 0.0, "No_Toilets": 0.0, "OBJECTID": 27.0, "layer": "Moses_Garoeb", "path": "E:/UN-HABITAT 2022/NAMIMBIA_2025/ANALYTICS - NOV 2025/20251103 NamibiaData WalvisBay/Windhoek_Informal_Settlements_merged_polygons/merged_polygons - Copy/Moses_Garoeb.shp" }, "geometry": { "type": "Polygon", "coordinates": [ [ [ 17.046592561597492, -22.503175607668144 ], [ 17.046497629162332, -22.503480264702432 ], [ 17.046442667994768, -22.503752609095617 ], [ 17.046372717826728, -22.504061880551312 ], [ 17.046307763392633, -22.504541943156084 ], [ 17.046131999891941, -22.504485999928935 ], [ 17.046051295630832, -22.504496841256177 ], [ 17.045992081569352, -22.504507033272947 ], [ 17.045846823971772, -22.504517426737834 ], [ 17.045773985181313, -22.504488006316418 ], [ 17.045660326163159, -22.50445699319561 ], [ 17.04565200023967, -22.504300000344692 ], [ 17.045595000309049, -22.503643999770706 ], [ 17.044515861517823, -22.503605475512238 ], [ 17.044487999621538, -22.503633000162779 ], [ 17.044077999600063, -22.503663999793726 ], [ 17.044005999877015, -22.503952999631167 ], [ 17.044029000038392, -22.504183000345154 ], [ 17.043809533982881, -22.504218823939535 ], [ 17.043614672479183, -22.504195744637858 ], [ 17.043319881907053, -22.504177280656901 ], [ 17.043050072702727, -22.504181896877011 ], [ 17.042850214565817, -22.504195744637848 ], [ 17.042595395261344, -22.504209592398752 ], [ 17.042638230869727, -22.504181479591576 ], [ 17.04253278625913, -22.504195058455132 ], [ 17.042485764306605, -22.504159099962465 ], [ 17.042484423417477, -22.504064971521188 ], [ 17.042474783584453, -22.503976626619988 ], [ 17.04252423730378, -22.50392247933889 ], [ 17.042560279433417, -22.503893645275461 ], [ 17.042576301754991, -22.503833680280071 ], [ 17.042591208917202, -22.503777891736263 ], [ 17.042643763498916, -22.503741430522542 ], [ 17.04267799978993, -22.503792000300511 ], [ 17.042763707878862, -22.503798426855887 ], [ 17.042809305305241, -22.503819968316861 ], [ 17.042825734120356, -22.503804629480047 ], [ 17.042882731353018, -22.503755093023074 ], [ 17.042920868903025, -22.503682002422408 ], [ 17.042945092142361, -22.503601536481657 ], [ 17.042962108214795, -22.503553675461713 ], [ 17.043053386704461, -22.503396598973836 ], [ 17.043122201928099, -22.503334823643165 ], [ 17.043160339478106, -22.503315713049687 ], [ 17.043235038965918, -22.503226005675572 ], [ 17.043284475598114, -22.503167018243232 ], [ 17.043326972162106, -22.50308470779299 ], [ 17.043393202734194, -22.503013673941833 ], [ 17.04345152736613, -22.502990495714744 ], [ 17.043538112294073, -22.502980102249865 ], [ 17.043597293080666, -22.502960890932339 ], [ 17.043643975988743, -22.502945736456518 ], [ 17.043749577081371, -22.502981734519388 ], [ 17.043794544982291, -22.50294942277759 ], [ 17.043829520515999, -22.502875565954582 ], [ 17.043934446217751, -22.502787861370674 ], [ 17.043979414118724, -22.502746317188723 ], [ 17.044044367653498, -22.502709389226872 ], [ 17.044109322087593, -22.502653996384769 ], [ 17.044144296721981, -22.502603220662081 ], [ 17.044199257889488, -22.502533980059063 ], [ 17.044239230056462, -22.502464739456109 ], [ 17.044259215690317, -22.502367802432097 ], [ 17.044259215690317, -22.502303177149887 ], [ 17.044324169225092, -22.502349337551838 ], [ 17.044434091560106, -22.502395498853168 ], [ 17.044563999529032, -22.502432426814998 ], [ 17.044838804467304, -22.502455507016013 ], [ 17.045038999850021, -22.502489999613765 ], [ 17.045158585400429, -22.502577938021378 ], [ 17.045263694563914, -22.50264985500678 ], [ 17.04537492271459, -22.50266829470598 ], [ 17.045456595545488, -22.502702140691202 ], [ 17.045629481215659, -22.502788910879474 ], [ 17.045669211464997, -22.502852278010153 ], [ 17.045706845394648, -22.502896953631474 ], [ 17.045805584660059, -22.50292117687076 ], [ 17.045854367485106, -22.502979514992603 ], [ 17.045928798974955, -22.503041876681213 ], [ 17.046013539393357, -22.503085965045209 ], [ 17.046075984718982, -22.503115972723887 ], [ 17.046144465394832, -22.503120499011796 ], [ 17.046265583390039, -22.503149081265061 ], [ 17.046301793692862, -22.503086886850323 ], [ 17.046354000236988, -22.50312600016473 ], [ 17.046360999660465, -22.50312900030309 ], [ 17.046480997999712, -22.503130473392613 ], [ 17.046592561597492, -22.503175607668144 ] ] ] } },
{ "type": "Feature", "properties": { "Settlement": "Kabila", "Town": "WINDHOEK", "Extension": null, "Region": null, "LA ARea": null, "Block_Code": "None", "TOWN_1": null, "EXTENSIO_1": null, "LA Area_1": null, "Set_Ext": null, "Id": "0", "Constituen": "Moses Garoeb", "Upgrading_": null, "Area_sqm": 0.0, "Area_Ha": 0.0, "No_Structu": 0.0, "No_HHs": 0.0, "No_Taps": 0.0, "No_Toilets": 0.0, "OBJECTID": 42.0, "layer": "Moses_Garoeb", "path": "E:/UN-HABITAT 2022/NAMIMBIA_2025/ANALYTICS - NOV 2025/20251103 NamibiaData WalvisBay/Windhoek_Informal_Settlements_merged_polygons/merged_polygons - Copy/Moses_Garoeb.shp" }, "geometry": { "type": "Polygon", "coordinates": [ [ [ 17.016277900204955, -22.496612369764982 ], [ 17.016272283938804, -22.496632737610689 ], [ 17.01627421208525, -22.496637515708755 ], [ 17.016277648394805, -22.496620165088533 ], [ 17.016377644912438, -22.496378095472661 ], [ 17.01665718118403, -22.495912648649778 ], [ 17.016694816013, -22.495869565727837 ], [ 17.016724990965599, -22.495826901889981 ], [ 17.016756171360271, -22.495780047211387 ], [ 17.016793638915374, -22.495726821735385 ], [ 17.017088094939652, -22.495246455159759 ], [ 17.017122041648978, -22.495209072140934 ], [ 17.017403589703974, -22.494902042695063 ], [ 17.017581788568748, -22.494761813207045 ], [ 17.01761263441557, -22.494726273798442 ], [ 17.017779098926326, -22.494510942825688 ], [ 17.017790833280401, -22.494492084042406 ], [ 17.017860319398267, -22.494449001120476 ], [ 17.018224596987636, -22.494393932034306 ], [ 17.018428193606326, -22.494400804653363 ], [ 17.018517125764788, -22.494562240155229 ], [ 17.018647379972663, -22.494713114918277 ], [ 17.01870303631614, -22.494927691359806 ], [ 17.018592394523466, -22.494990053048472 ], [ 17.018301207534762, -22.49511645186271 ], [ 17.018270529861127, -22.495246036075685 ], [ 17.018341775952251, -22.495399424443868 ], [ 17.01844780692079, -22.495556501831054 ], [ 17.01851511398138, -22.495711147451456 ], [ 17.018563477722353, -22.495997892688539 ], [ 17.018599351678802, -22.496223868936347 ], [ 17.018696498244822, -22.496455209640143 ], [ 17.018830189661571, -22.496687053064981 ], [ 17.01894518956891, -22.496903305842864 ], [ 17.018931694342257, -22.496939516145684 ], [ 17.01893269978433, -22.49693272626428 ], [ 17.018970167339376, -22.496940102503689 ], [ 17.019007550358197, -22.496989220775848 ], [ 17.019065553032874, -22.497052587906584 ], [ 17.01912414296487, -22.497168090534906 ], [ 17.019166639528862, -22.497219386965075 ], [ 17.019166890439692, -22.497218800607136 ], [ 17.019246350938374, -22.49735928100597 ], [ 17.019243752797024, -22.497361460962622 ], [ 17.019290440201701, -22.497427342597749 ], [ 17.019536029764026, -22.497832188604541 ], [ 17.019742475434953, -22.498062271156865 ], [ 17.019975911559129, -22.498324876791575 ], [ 17.02004858307572, -22.49850651286522 ], [ 17.020055874778848, -22.498552780286552 ], [ 17.020223681078051, -22.498863665126017 ], [ 17.020391067393916, -22.499014371715813 ], [ 17.020387043827043, -22.4990557783015 ], [ 17.020374387667914, -22.499099699391589 ], [ 17.020357037047688, -22.499146303159296 ], [ 17.020337088286055, -22.499193493285016 ], [ 17.020312277789458, -22.499242611557236 ], [ 17.020182609939525, -22.499527512284828 ], [ 17.019974738843189, -22.5000411546755 ], [ 17.019965267183409, -22.500111563497793 ], [ 17.019955962797496, -22.500701565524764 ], [ 17.019803160787262, -22.500855122066191 ], [ 17.019424466166242, -22.500976575508503 ], [ 17.019097572495014, -22.501071039396898 ], [ 17.018707562603993, -22.501227948610904 ], [ 17.018416710163081, -22.501304810968175 ], [ 17.018206408199205, -22.501385528719137 ], [ 17.01816366072444, -22.501375554338313 ], [ 17.018152177281195, -22.50135451559839 ], [ 17.01814614283029, -22.501323586114548 ], [ 17.018141196559043, -22.50122652408476 ], [ 17.01821101812402, -22.500681700400094 ], [ 17.018244881196384, -22.500225724337668 ], [ 17.018328280725598, -22.499780478086564 ], [ 17.018346302240104, -22.499728928946862 ], [ 17.018361976524034, -22.499671345356258 ], [ 17.018413357490488, -22.49944536910845 ], [ 17.018412519322339, -22.499382756508961 ], [ 17.018453590460865, -22.498886296565267 ], [ 17.018482005440262, -22.498770542126746 ], [ 17.018513604919008, -22.498557809295388 ], [ 17.018503211454117, -22.498515983625676 ], [ 17.01847479647472, -22.498473571598023 ], [ 17.018429367221586, -22.498430321402164 ], [ 17.018378320802924, -22.498386148501883 ], [ 17.01778781605492, -22.497810478970393 ], [ 17.017631745009055, -22.497628089264879 ], [ 17.01757474777645, -22.497583497280516 ], [ 17.017515571486513, -22.497539659827389 ], [ 17.017460083316223, -22.497489703387025 ], [ 17.017407528734509, -22.497435891553096 ], [ 17.017206698430414, -22.497220226032539 ], [ 17.017156155632108, -22.497177310384526 ], [ 17.016906542502966, -22.496946640574947 ], [ 17.016819705764874, -22.496836921486693 ], [ 17.016742760669899, -22.496759304598189 ], [ 17.016624910811061, -22.496678922294393 ], [ 17.01658182788907, -22.496663080736536 ], [ 17.016536062289504, -22.496655369050014 ], [ 17.016487783084756, -22.496659895337867 ], [ 17.016445453794692, -22.49667699414789 ], [ 17.01641117253763, -22.496695351109505 ], [ 17.016380745774825, -22.496706666379513 ], [ 17.016350235375114, -22.496703146432981 ], [ 17.016338250110209, -22.496691746626755 ], [ 17.016332633844002, -22.496684705834465 ], [ 17.016326766667021, -22.496670791523737 ], [ 17.016323413994428, -22.49667439600654 ], [ 17.01632467124665, -22.496672133312245 ], [ 17.016277900204955, -22.496612369764982 ] ] ] } },
{ "type": "Feature", "properties": { "Settlement": "Kavikunua Kambahahiza", "Town": "WINDHOEK", "Extension": null, "Region": null, "LA ARea": null, "Block_Code": "None", "TOWN_1": null, "EXTENSIO_1": null, "LA Area_1": null, "Set_Ext": null, "Id": "0", "Constituen": "Moses Garoeb", "Upgrading_": null, "Area_sqm": 0.0, "Area_Ha": 0.0, "No_Structu": 0.0, "No_HHs": 0.0, "No_Taps": 0.0, "No_Toilets": 0.0, "OBJECTID": 46.0, "layer": "Moses_Garoeb", "path": "E:/UN-HABITAT 2022/NAMIMBIA_2025/ANALYTICS - NOV 2025/20251103 NamibiaData WalvisBay/Windhoek_Informal_Settlements_merged_polygons/merged_polygons - Copy/Moses_Garoeb.shp" }, "geometry": { "type": "MultiPolygon", "coordinates": [ [ [ [ 17.011547217130556, -22.493558272995866 ], [ 17.01164270714537, -22.493683649280971 ], [ 17.011530616544746, -22.493544592508837 ], [ 17.011547217130556, -22.493558272995866 ] ] ], [ [ [ 17.011530616544746, -22.493544592508837 ], [ 17.011492168728637, -22.493512910292512 ], [ 17.011430728845028, -22.493427833527676 ], [ 17.011430664993384, -22.493420596683162 ], [ 17.011530616544746, -22.493544592508837 ] ] ], [ [ [ 17.011430664993384, -22.493420596683162 ], [ 17.011429471592976, -22.493419116399082 ], [ 17.011430651503531, -22.49341905434585 ], [ 17.011430664993384, -22.493420596683162 ] ] ], [ [ [ 17.011430651503531, -22.49341905434585 ], [ 17.011430645208293, -22.493418361867782 ], [ 17.011432656991587, -22.493418949125154 ], [ 17.011430651503531, -22.49341905434585 ] ] ], [ [ [ 17.011547217130556, -22.493558272995866 ], [ 17.011435423306239, -22.493411489248789 ], [ 17.011787241687955, -22.493299429225207 ], [ 17.017159437258272, -22.491146765210949 ], [ 17.017440302727838, -22.491856058710081 ], [ 17.017536359315613, -22.492085639440692 ], [ 17.017594026543179, -22.49222771253886 ], [ 17.017610287185107, -22.492266688257011 ], [ 17.017888482567571, -22.493047127123134 ], [ 17.018093588248632, -22.493547359722761 ], [ 17.018331549761342, -22.494023200010645 ], [ 17.018428193606439, -22.494400804653313 ], [ 17.017860319398324, -22.494449001120476 ], [ 17.017622608796387, -22.494655614964586 ], [ 17.017385987273659, -22.494873795888903 ], [ 17.01721197924951, -22.495084516936796 ], [ 17.017041491171994, -22.495246874243769 ], [ 17.016869159484202, -22.495545437471893 ], [ 17.01671878834145, -22.495776694538797 ], [ 17.016523154320112, -22.496079867691723 ], [ 17.016347889043857, -22.496367199286738 ], [ 17.016265159509544, -22.49656224605075 ], [ 17.016263064089173, -22.49656367147622 ], [ 17.016254849681729, -22.496616728778918 ], [ 17.016193326161215, -22.496866928266005 ], [ 17.016174383740974, -22.496902215864456 ], [ 17.016147142376781, -22.496937923446239 ], [ 17.01601831269511, -22.497101118921474 ], [ 17.015976235215078, -22.497145207285371 ], [ 17.015835335732277, -22.497254423652628 ], [ 17.015788648327543, -22.497290968503254 ], [ 17.01537349249287, -22.497553155053932 ], [ 17.014918355497741, -22.497842749343359 ], [ 17.014876027106993, -22.497876360605517 ], [ 17.014832943285683, -22.497906787368319 ], [ 17.014787848580511, -22.497934279643232 ], [ 17.014748202867281, -22.497958251971625 ], [ 17.014712495285494, -22.49797753073841 ], [ 17.014677459497193, -22.497985745145964 ], [ 17.014536308204242, -22.497854065512616 ], [ 17.014183764968891, -22.497322904328534 ], [ 17.013426628436267, -22.49615069469872 ], [ 17.012896472694194, -22.495283083647333 ], [ 17.012404958122374, -22.494661649415541 ], [ 17.012059203869228, -22.494181199202949 ], [ 17.012038166028617, -22.494126968284881 ], [ 17.012041350528023, -22.494126884647976 ], [ 17.012043614121637, -22.494121603828887 ], [ 17.012002793893885, -22.494140966232575 ], [ 17.011998686690049, -22.494131997293728 ], [ 17.011998854863293, -22.494130152784287 ], [ 17.012003632061976, -22.49411883751424 ], [ 17.011997764885052, -22.494119424771615 ], [ 17.011958118272617, -22.494081202685319 ], [ 17.01187916139429, -22.493984476102636 ], [ 17.011788133815401, -22.493822117896404 ], [ 17.011703559771604, -22.493737125667785 ], [ 17.01164270714537, -22.493683649280971 ], [ 17.011577915488544, -22.493583569126315 ], [ 17.011547217130556, -22.493558272995866 ] ] ] ] } },
{ "type": "Feature", "properties": { "Settlement": "Mandume Ndemufayo", "Town": "WINDHOEK", "Extension": null, "Region": null, "LA ARea": null, "Block_Code": "None", "TOWN_1": null, "EXTENSIO_1": null, "LA Area_1": null, "Set_Ext": null, "Id": "0", "Constituen": "Moses Garoeb", "Upgrading_": null, "Area_sqm": 0.0, "Area_Ha": 0.0, "No_Structu": 0.0, "No_HHs": 0.0, "No_Taps": 0.0, "No_Toilets": 0.0, "OBJECTID": 47.0, "layer": "Moses_Garoeb", "path": "E:/UN-HABITAT 2022/NAMIMBIA_2025/ANALYTICS - NOV 2025/20251103 NamibiaData WalvisBay/Windhoek_Informal_Settlements_merged_polygons/merged_polygons - Copy/Moses_Garoeb.shp" }, "geometry": { "type": "Polygon", "coordinates": [ [ [ 17.020148663230259, -22.502169655705011 ], [ 17.018558866898218, -22.502658069414327 ], [ 17.018552329726276, -22.502658739409245 ], [ 17.01851394036612, -22.502515158147958 ], [ 17.018310931004692, -22.501943344010105 ], [ 17.01818997938409, -22.501505724909244 ], [ 17.018187883963719, -22.501472868178269 ], [ 17.018196769265558, -22.501444034114858 ], [ 17.018355522089735, -22.50135443196142 ], [ 17.018671435938074, -22.501263152572385 ], [ 17.01914166085902, -22.501081601035025 ], [ 17.019510716546392, -22.500956207662792 ], [ 17.019547847755007, -22.500939611573752 ], [ 17.019842136505417, -22.500845147685368 ], [ 17.019875999577778, -22.500836346020492 ], [ 17.019907599056523, -22.500833664242176 ], [ 17.019935845862619, -22.500842213197529 ], [ 17.019955962797496, -22.500860067438115 ], [ 17.019970211656016, -22.50091178295235 ], [ 17.019983958692762, -22.50134311579211 ], [ 17.020030897008326, -22.501774281357939 ], [ 17.020098706789952, -22.502060607510995 ], [ 17.020139358844403, -22.502142749788057 ], [ 17.020146232362777, -22.50215171872679 ], [ 17.020152434986926, -22.502160435855384 ], [ 17.020148663230259, -22.502169655705011 ] ] ] } },
{ "type": "Feature", "properties": { "Settlement": "Matthew Shikongo", "Town": "WINDHOEK", "Extension": null, "Region": null, "LA ARea": null, "Block_Code": "None", "TOWN_1": null, "EXTENSIO_1": null, "LA Area_1": null, "Set_Ext": null, "Id": "0", "Constituen": "Moses Garoeb", "Upgrading_": null, "Area_sqm": 0.0, "Area_Ha": 0.0, "No_Structu": 0.0, "No_HHs": 0.0, "No_Taps": 0.0, "No_Toilets": 0.0, "OBJECTID": 49.0, "layer": "Moses_Garoeb", "path": "E:/UN-HABITAT 2022/NAMIMBIA_2025/ANALYTICS - NOV 2025/20251103 NamibiaData WalvisBay/Windhoek_Informal_Settlements_merged_polygons/merged_polygons - Copy/Moses_Garoeb.shp" }, "geometry": { "type": "Polygon", "coordinates": [ [ [ 17.039891999915938, -22.502522000190083 ], [ 17.039933306676801, -22.50259696497789 ], [ 17.040034224999545, -22.502695033349084 ], [ 17.040035716075465, -22.502781560720397 ], [ 17.040038500376568, -22.502943137415798 ], [ 17.040071859828515, -22.503132652449885 ], [ 17.040077008447213, -22.503229893444768 ], [ 17.040080745130354, -22.503300457849839 ], [ 17.040071608917685, -22.50347404768911 ], [ 17.04003196230525, -22.503640512199805 ], [ 17.040096403226471, -22.503682806416354 ], [ 17.040258776721203, -22.503789374280132 ], [ 17.040316147172518, -22.503856987110229 ], [ 17.040406214275436, -22.503963131393334 ], [ 17.04021016117008, -22.504045022759549 ], [ 17.040079822425923, -22.504163542613345 ], [ 17.040137047187045, -22.504248730894176 ], [ 17.040231283546973, -22.50438901614012 ], [ 17.040365981305058, -22.504498147971098 ], [ 17.040499839995675, -22.504629912140672 ], [ 17.040515328119966, -22.504735854975706 ], [ 17.040572800194639, -22.504952963008808 ], [ 17.040622131606142, -22.505014473938783 ], [ 17.040733024309702, -22.5051961936494 ], [ 17.040797229608529, -22.505242461070683 ], [ 17.040781050804924, -22.505315213526213 ], [ 17.040759427505634, -22.505412446427211 ], [ 17.040820007637308, -22.505448441792112 ], [ 17.040963999888731, -22.505533999694311 ], [ 17.041043490065078, -22.50566071866718 ], [ 17.040728916206547, -22.505675964873834 ], [ 17.04065155472551, -22.505753390206735 ], [ 17.040574194143801, -22.505801036288734 ], [ 17.040464598262645, -22.505884416932243 ], [ 17.040355003280808, -22.506003533036562 ], [ 17.040193833978321, -22.506122649140877 ], [ 17.040071345416322, -22.506182206743404 ], [ 17.039923069693941, -22.506217941304897 ], [ 17.039807027472364, -22.506247719656468 ], [ 17.039684538910365, -22.506182206743407 ], [ 17.039632964589714, -22.506134560661394 ], [ 17.03960073108891, -22.50603331228751 ], [ 17.039549156768203, -22.505961842265148 ], [ 17.039484688867333, -22.505961842265148 ], [ 17.039387987465716, -22.505961842265148 ], [ 17.03909143602101, -22.505985665306181 ], [ 17.039047999665513, -22.505925999785006 ], [ 17.039127973677068, -22.505779573968137 ], [ 17.039109198530753, -22.505635739997331 ], [ 17.039224282074997, -22.505518477395754 ], [ 17.039291489310813, -22.505394961808012 ], [ 17.03930441256864, -22.505331225955278 ], [ 17.039218750345128, -22.505109859632288 ], [ 17.039210597091426, -22.505039019135385 ], [ 17.039196118905807, -22.504913220168927 ], [ 17.039169212988838, -22.504757735481068 ], [ 17.039166194864038, -22.504622200454151 ], [ 17.039190335365731, -22.504455400496287 ], [ 17.039121101058015, -22.50434140693033 ], [ 17.03914373159796, -22.50421039729196 ], [ 17.039208686931431, -22.503972192062975 ], [ 17.03926612483184, -22.503778947540351 ], [ 17.039296772827868, -22.50367408569047 ], [ 17.039338477089075, -22.503531852512928 ], [ 17.039378735240462, -22.503351429624725 ], [ 17.039393344727102, -22.503194007797152 ], [ 17.03940960536903, -22.503008878756706 ], [ 17.039419245202055, -22.50289913268875 ], [ 17.039464640280983, -22.502807670737347 ], [ 17.039521168966814, -22.502693776096862 ], [ 17.039505075598811, -22.502618087354794 ], [ 17.039634743448687, -22.502520187156847 ], [ 17.039761917478586, -22.502507314261084 ], [ 17.039891999915938, -22.502522000190083 ] ] ] } },
{ "type": "Feature", "properties": { "Settlement": "Maxton Mutongolume", "Town": "WINDHOEK", "Extension": null, "Region": null, "LA ARea": null, "Block_Code": "None", "TOWN_1": null, "EXTENSIO_1": null, "LA Area_1": null, "Set_Ext": null, "Id": "0", "Constituen": "Moses Garoeb", "Upgrading_": null, "Area_sqm": 0.0, "Area_Ha": 0.0, "No_Structu": 0.0, "No_HHs": 0.0, "No_Taps": 0.0, "No_Toilets": 0.0, "OBJECTID": 50.0, "layer": "Moses_Garoeb", "path": "E:/UN-HABITAT 2022/NAMIMBIA_2025/ANALYTICS - NOV 2025/20251103 NamibiaData WalvisBay/Windhoek_Informal_Settlements_merged_polygons/merged_polygons - Copy/Moses_Garoeb.shp" }, "geometry": { "type": "Polygon", "coordinates": [ [ [ 17.019742475435066, -22.498062271156812 ], [ 17.019536029764026, -22.497832188604491 ], [ 17.019407830318642, -22.497620856196484 ], [ 17.019243752797138, -22.497361460962566 ], [ 17.018970167339376, -22.496940102503689 ], [ 17.018830189661571, -22.496687053064981 ], [ 17.018649832434107, -22.496344081661448 ], [ 17.018563477722466, -22.495997892688543 ], [ 17.018515113981323, -22.495711147451399 ], [ 17.018341775952251, -22.4953994244438 ], [ 17.018301207534819, -22.49511645186271 ], [ 17.01870043727547, -22.494814032341644 ], [ 17.018584934647038, -22.494602389488641 ], [ 17.018469600191963, -22.494361493488043 ], [ 17.01846079942635, -22.494320925070603 ], [ 17.018407071229376, -22.494197124397708 ], [ 17.018331549761342, -22.494023200010645 ], [ 17.018297519415171, -22.493912978201358 ], [ 17.018093588248632, -22.493547359722761 ], [ 17.017888482567571, -22.493047127123134 ], [ 17.017727968870645, -22.492576315844193 ], [ 17.017656722779691, -22.492348663260145 ], [ 17.017461927825821, -22.491860334087104 ], [ 17.017275513654056, -22.491522207883467 ], [ 17.017074096992076, -22.490989873084121 ], [ 17.016909308817674, -22.490623248264164 ], [ 17.016717614726304, -22.490225108501875 ], [ 17.016795901609612, -22.489839289451595 ], [ 17.017051298278943, -22.489683721126767 ], [ 17.017149785734091, -22.489700819936786 ], [ 17.017495036366995, -22.489747507341463 ], [ 17.017537951115685, -22.489751530908393 ], [ 17.018026616635151, -22.48986569264747 ], [ 17.018064117880272, -22.48991825040429 ], [ 17.018064586011917, -22.489926293463558 ], [ 17.018071292256366, -22.489928305247023 ], [ 17.018064117880272, -22.48991825040429 ], [ 17.018061736959737, -22.489877343364636 ], [ 17.018051846215883, -22.489856052814559 ], [ 17.018071207720084, -22.489809700856881 ], [ 17.018107920744001, -22.489730743978605 ], [ 17.018112447031967, -22.489732420314908 ], [ 17.018171204237831, -22.489724122270275 ], [ 17.018225016071767, -22.48968984011395 ], [ 17.018391396945447, -22.489687241972604 ], [ 17.018460044895335, -22.489709202517641 ], [ 17.018515952149642, -22.48977256964826 ], [ 17.018554425146704, -22.489827722371388 ], [ 17.018640255543517, -22.48986929623095 ], [ 17.018717620621771, -22.489906344701975 ], [ 17.018770091566527, -22.489914810020309 ], [ 17.018798422009755, -22.489920845370648 ], [ 17.018801774682231, -22.489929562499185 ], [ 17.018802193766362, -22.489930987025382 ], [ 17.018802445576512, -22.489955713885031 ], [ 17.018844857604165, -22.489966190986873 ], [ 17.018869081742764, -22.489970885447974 ], [ 17.018881570628082, -22.489993851435031 ], [ 17.018903866620121, -22.490010951144427 ], [ 17.019062787617543, -22.489984212501383 ], [ 17.019174014868952, -22.489955127527082 ], [ 17.019309466259017, -22.489947499477456 ], [ 17.01936067995149, -22.489939955964125 ], [ 17.019546590502788, -22.489862926332933 ], [ 17.019696458924443, -22.489761757099302 ], [ 17.019812632447156, -22.489664945980454 ], [ 17.019812799721024, -22.489664526896377 ], [ 17.019801317177212, -22.489631418355145 ], [ 17.019815566035675, -22.489570816639851 ], [ 17.019826378584582, -22.48951876567844 ], [ 17.019842304678775, -22.489419356418061 ], [ 17.019835766607343, -22.48936403552176 ], [ 17.019855129011148, -22.489329334281308 ], [ 17.019863258882481, -22.489302092917228 ], [ 17.019875245046535, -22.489289184947829 ], [ 17.019873652347258, -22.489271917964512 ], [ 17.019865773386812, -22.489243503884545 ], [ 17.019884800343391, -22.489225315096121 ], [ 17.019997788467265, -22.489224727838852 ], [ 17.0200825297851, -22.489238893959733 ], [ 17.020126534512031, -22.489266218960779 ], [ 17.020146567809888, -22.489275019726339 ], [ 17.020185543528044, -22.489302428364336 ], [ 17.020311690532139, -22.489452044975788 ], [ 17.020326023926884, -22.48947182646355 ], [ 17.020435072121018, -22.489521699266955 ], [ 17.020495590199403, -22.489538043545842 ], [ 17.02057043987395, -22.489601327039569 ], [ 17.020734306243298, -22.489637033722087 ], [ 17.020884342838201, -22.489693779144538 ], [ 17.02095483439814, -22.489752033629422 ], [ 17.020992636501092, -22.489776425041892 ], [ 17.021032366750433, -22.489857561876928 ], [ 17.021061787171902, -22.489948673092726 ], [ 17.02108827400474, -22.489979769850439 ], [ 17.021134625962361, -22.490085465371855 ], [ 17.021153485644902, -22.490203398867717 ], [ 17.021166979972122, -22.490316303354685 ], [ 17.021141415843715, -22.490355447246035 ], [ 17.021113839032523, -22.490375479644626 ], [ 17.021102607399428, -22.490393416622847 ], [ 17.02110336193067, -22.490433734129393 ], [ 17.021094895712849, -22.490487043242361 ], [ 17.021077880539792, -22.490487629600409 ], [ 17.021058350862347, -22.490487796874273 ], [ 17.021005460833464, -22.49052023542043 ], [ 17.021020799670339, -22.490626769110008 ], [ 17.021058267225442, -22.490681335475131 ], [ 17.021083496806, -22.49073732636645 ], [ 17.021103445567746, -22.490748977083562 ], [ 17.021128591511399, -22.490832209338855 ], [ 17.021109815465763, -22.490852074463589 ], [ 17.021082155017609, -22.490857355282674 ], [ 17.02106337987118, -22.49086716238952 ], [ 17.021045861977029, -22.490915860678399 ], [ 17.021049465560452, -22.490989118552925 ], [ 17.021095817518077, -22.491047205763888 ], [ 17.021121550719101, -22.491135383391107 ], [ 17.021154993807897, -22.491214508442685 ], [ 17.021155664702349, -22.491318360353933 ], [ 17.021155664702349, -22.491339147283721 ], [ 17.021211739230463, -22.491404022577509 ], [ 17.02126739557383, -22.491433192088092 ], [ 17.021292122433692, -22.49149044023158 ], [ 17.021301845004189, -22.491504521816182 ], [ 17.021361859462274, -22.491569062562121 ], [ 17.02139605798186, -22.491675931698868 ], [ 17.021424556598106, -22.491776598211402 ], [ 17.021454144293443, -22.491805013190739 ], [ 17.021515080556583, -22.491841726214659 ], [ 17.021532850260883, -22.491853125121505 ], [ 17.021586997542045, -22.491931999262246 ], [ 17.021597977364934, -22.491950858045577 ], [ 17.021635109472811, -22.491983966586755 ], [ 17.021644497495629, -22.492050519116102 ], [ 17.021670062523413, -22.492180271502267 ], [ 17.02167877965212, -22.492246739495325 ], [ 17.021729908808311, -22.492337180716167 ], [ 17.02174491219813, -22.492365427522369 ], [ 17.021788833288213, -22.492469865791637 ], [ 17.021822779997478, -22.492500543465273 ], [ 17.021857397600797, -22.492521665842158 ], [ 17.021883968070711, -22.492555696188393 ], [ 17.021917076611885, -22.49259735458412 ], [ 17.021945658865093, -22.492682514986029 ], [ 17.021955885056173, -22.492712605402353 ], [ 17.021957225945357, -22.492730124195759 ], [ 17.021965021268841, -22.492790892285825 ], [ 17.02197876740621, -22.492828108030608 ], [ 17.021991424464716, -22.492859204788367 ], [ 17.021990837207397, -22.492923075539469 ], [ 17.021953705998897, -22.492963475783714 ], [ 17.021942725276574, -22.492989878979699 ], [ 17.021945323418041, -22.493022820246889 ], [ 17.021945575228134, -22.493024580220148 ], [ 17.021936439015462, -22.493041176309188 ], [ 17.0219273864397, -22.493060957796896 ], [ 17.021914562107387, -22.493080739284672 ], [ 17.02194658067026, -22.493180986713131 ], [ 17.02196527307899, -22.493221219683509 ], [ 17.022012044120572, -22.49326262626915 ], [ 17.022056887015822, -22.493287353128714 ], [ 17.022067532290919, -22.493347451223762 ], [ 17.022127965832965, -22.493525315540811 ], [ 17.022134168457171, -22.493535038111478 ], [ 17.022139197466061, -22.493559177713792 ], [ 17.022139532913286, -22.493633776477562 ], [ 17.022140454718283, -22.49366948405935 ], [ 17.022138442934818, -22.493688511015939 ], [ 17.022136012067449, -22.493729413981214 ], [ 17.022135928430487, -22.493729582154391 ], [ 17.022144393748931, -22.493752213593723 ], [ 17.022169120608567, -22.493837289459236 ], [ 17.02216275071055, -22.493855142800562 ], [ 17.02216291798436, -22.493890011314935 ], [ 17.022153110877412, -22.49401381198777 ], [ 17.022143052859747, -22.494057733977169 ], [ 17.02211597966874, -22.494154209648968 ], [ 17.022121259588516, -22.494189664521343 ], [ 17.022111117933719, -22.494249930789586 ], [ 17.02208781649972, -22.494275998538455 ], [ 17.022075745799157, -22.494312795199278 ], [ 17.022064765976268, -22.494371886952983 ], [ 17.022062670555897, -22.494406252746327 ], [ 17.022037189165019, -22.494452185619821 ], [ 17.022018497655722, -22.49455033762791 ], [ 17.022018581292627, -22.494607753944589 ], [ 17.022016066788126, -22.494643712437327 ], [ 17.022012127757478, -22.494750246126845 ], [ 17.022027047510392, -22.494798526230959 ], [ 17.022025203000794, -22.494851248086594 ], [ 17.022022688496463, -22.494920566930599 ], [ 17.022026460253073, -22.494993824805132 ], [ 17.022021095796958, -22.49506934537396 ], [ 17.02202118033324, -22.495075715271973 ], [ 17.022025203000794, -22.495114942800335 ], [ 17.022030316545909, -22.495152913076424 ], [ 17.022044229957316, -22.495176466320743 ], [ 17.022040541837669, -22.495204880400873 ], [ 17.022031741072055, -22.495280066421852 ], [ 17.022057808820875, -22.4953977481075 ], [ 17.022056132484636, -22.495415769622014 ], [ 17.022078931197768, -22.495534960370033 ], [ 17.022092510061327, -22.495562117197824 ], [ 17.022102903526275, -22.495622048019019 ], [ 17.022107094367016, -22.495631100594775 ], [ 17.022119918699389, -22.495639146829038 ], [ 17.022146489169302, -22.495702513959763 ], [ 17.022187728480958, -22.495723552699694 ], [ 17.022202312786646, -22.495725229035994 ], [ 17.022209269942039, -22.495730678028281 ], [ 17.022253693752987, -22.495828578226284 ], [ 17.022267439890527, -22.495852801465507 ], [ 17.022287305015197, -22.495941818160368 ], [ 17.022306416508002, -22.49598640924529 ], [ 17.022352600292265, -22.496026894025878 ], [ 17.022387972426998, -22.496103169125877 ], [ 17.02240557395811, -22.496144072990543 ], [ 17.022424600914633, -22.496162178141955 ], [ 17.022453099531106, -22.496152203761081 ], [ 17.022476400965104, -22.496182210540542 ], [ 17.022475562797013, -22.496247170370502 ], [ 17.022507749533133, -22.496307436638858 ], [ 17.022561058645977, -22.496394188840721 ], [ 17.022583019191018, -22.496417406637985 ], [ 17.02258972453626, -22.496441043519329 ], [ 17.022603973394723, -22.496471470282071 ], [ 17.022621827635305, -22.496578758502832 ], [ 17.022631382932104, -22.496620752345731 ], [ 17.022606068815094, -22.496671881502095 ], [ 17.022598358027892, -22.496692249347745 ], [ 17.02257430206248, -22.496726447867214 ], [ 17.02257698384085, -22.496792077692191 ], [ 17.022565752207811, -22.496808339233443 ], [ 17.022548317950566, -22.496862821062269 ], [ 17.02256055592494, -22.496904479458117 ], [ 17.022575475677627, -22.496944628791486 ], [ 17.022553849680492, -22.496993662527473 ], [ 17.022529961888267, -22.497039679037925 ], [ 17.022485369903961, -22.497114194164688 ], [ 17.022453937699197, -22.497141770975919 ], [ 17.022448573243139, -22.497180327610018 ], [ 17.022448573243139, -22.497186613871012 ], [ 17.022435581636955, -22.497232630381514 ], [ 17.022410602966943, -22.497261380808023 ], [ 17.02239803044472, -22.497331202373058 ], [ 17.022391073289498, -22.497353246555008 ], [ 17.022363412841344, -22.497449219505764 ], [ 17.022362240125403, -22.497452069457324 ], [ 17.022348493088657, -22.497465563784662 ], [ 17.02230842739209, -22.497575451046199 ], [ 17.022262495417976, -22.497645942606134 ], [ 17.022283030537551, -22.49766044327481 ], [ 17.022276073382159, -22.497732779344233 ], [ 17.022243552098359, -22.497767396048456 ], [ 17.022215891650205, -22.497768988747783 ], [ 17.022193512021033, -22.497812155306629 ], [ 17.022174317790643, -22.497843672047797 ], [ 17.022173563259457, -22.49784811379936 ], [ 17.02215562538197, -22.497846018378993 ], [ 17.022132492120935, -22.497862866278187 ], [ 17.02211933234139, -22.497946684891527 ], [ 17.02208588835316, -22.498022792717613 ], [ 17.022090498277862, -22.498039891527753 ], [ 17.022101479000188, -22.498077023635691 ], [ 17.022085050185069, -22.498142486186726 ], [ 17.022062083298522, -22.498198309804085 ], [ 17.022020173991962, -22.498277770302817 ], [ 17.021982371888953, -22.498310878843938 ], [ 17.021949598795061, -22.4983375329507 ], [ 17.021930152754351, -22.498362008899495 ], [ 17.021908275846442, -22.498433086817382 ], [ 17.021894696982713, -22.498494610337957 ], [ 17.021869886486115, -22.49850860828559 ], [ 17.021823534528664, -22.498571137248124 ], [ 17.021753294778819, -22.498630061727908 ], [ 17.021719096259403, -22.498714300324654 ], [ 17.021712641825104, -22.498724861063465 ], [ 17.021621195162027, -22.498800130721346 ], [ 17.021546512761518, -22.498835921040893 ], [ 17.021509046105621, -22.498853104387194 ], [ 17.021498568104562, -22.498852517129929 ], [ 17.021381472776795, -22.49881546955822 ], [ 17.021343084316072, -22.498796526238607 ], [ 17.021331768146695, -22.498803650667927 ], [ 17.02131810564606, -22.498796107154472 ], [ 17.021299078689708, -22.498781858296013 ], [ 17.021221798147565, -22.498735422701547 ], [ 17.021159688269112, -22.498721005669776 ], [ 17.021012342003587, -22.498697836171008 ], [ 17.020951470738396, -22.498685282810129 ], [ 17.020886373702751, -22.498671857976937 ], [ 17.020816370219734, -22.498657421296741 ], [ 17.020752248361873, -22.49864419757256 ], [ 17.020688825705918, -22.49863111804348 ], [ 17.020633304283592, -22.498619668262958 ], [ 17.020543618493264, -22.498761993171343 ], [ 17.020418423171577, -22.499033332597378 ], [ 17.020278557484744, -22.498913073203649 ], [ 17.020207222086185, -22.498833172521753 ], [ 17.020146536592563, -22.498720744085063 ], [ 17.020086799438673, -22.498610072580846 ], [ 17.020048583075834, -22.49850651286522 ], [ 17.020008663868339, -22.498406738311875 ], [ 17.019949974337237, -22.498295698528466 ], [ 17.019853145040997, -22.498186769720288 ], [ 17.019794304158438, -22.498120576249274 ], [ 17.019742475435066, -22.498062271156812 ] ] ] } },
{ "type": "Feature", "properties": { "Settlement": "Namibia Nalitungwe", "Town": "WINDHOEK", "Extension": null, "Region": null, "LA ARea": null, "Block_Code": "None", "TOWN_1": null, "EXTENSIO_1": null, "LA Area_1": null, "Set_Ext": null, "Id": "0", "Constituen": "Moses Garoeb", "Upgrading_": null, "Area_sqm": 0.0, "Area_Ha": 0.0, "No_Structu": 0.0, "No_HHs": 0.0, "No_Taps": 0.0, "No_Toilets": 0.0, "OBJECTID": 53.0, "layer": "Moses_Garoeb", "path": "E:/UN-HABITAT 2022/NAMIMBIA_2025/ANALYTICS - NOV 2025/20251103 NamibiaData WalvisBay/Windhoek_Informal_Settlements_merged_polygons/merged_polygons - Copy/Moses_Garoeb.shp" }, "geometry": { "type": "Polygon", "coordinates": [ [ [ 17.034808361716557, -22.503622346793801 ], [ 17.034717248702123, -22.503474634047045 ], [ 17.034733425707088, -22.503357371445471 ], [ 17.034709872462713, -22.503303811421684 ], [ 17.034688582811896, -22.503175987182029 ], [ 17.034666119545818, -22.502938276580149 ], [ 17.034720131029246, -22.502627882770533 ], [ 17.034658368289115, -22.502505612743789 ], [ 17.034499551613067, -22.502383341817733 ], [ 17.0343936744286, -22.502342584542589 ], [ 17.034252504249707, -22.502293676711751 ], [ 17.03405839457929, -22.502244767981601 ], [ 17.033855462559586, -22.502130648510555 ], [ 17.0337495844758, -22.501975771764414 ], [ 17.0337495844758, -22.501853500838358 ], [ 17.033784877470168, -22.501674169727092 ], [ 17.033784877470168, -22.50145408044142 ], [ 17.033758407724406, -22.501225840600007 ], [ 17.033661352889169, -22.50101390276933 ], [ 17.033573121302538, -22.500948690229844 ], [ 17.033396659028654, -22.500810115494403 ], [ 17.033184902861024, -22.500924235864765 ], [ 17.033149610765975, -22.500679692213971 ], [ 17.033131964268762, -22.500508510759111 ], [ 17.0330700000805, -22.500257000060458 ], [ 17.03319526305097, -22.500323289987822 ], [ 17.033274471739503, -22.500338628824633 ], [ 17.03340925313455, -22.50035187224109 ], [ 17.033581944551145, -22.50032917784921 ], [ 17.033767230972956, -22.500345480759279 ], [ 17.034023101584925, -22.500304723484135 ], [ 17.034287796344756, -22.500247662399662 ], [ 17.034455436269411, -22.500231359489597 ], [ 17.034693661283484, -22.500231359489593 ], [ 17.03482600821377, -22.50023135948959 ], [ 17.035011294635581, -22.500174299304426 ], [ 17.035187756909522, -22.50006832948975 ], [ 17.035382353113164, -22.499712584667975 ], [ 17.035448066575043, -22.499702777561073 ], [ 17.035616208321414, -22.499610911814109 ], [ 17.035892978278355, -22.499514604315493 ], [ 17.036236300764699, -22.499509742580535 ], [ 17.036434113843313, -22.499621138005072 ], [ 17.03651256889998, -22.499563973498546 ], [ 17.036579120530064, -22.499404885227253 ], [ 17.036512904347092, -22.499264907549392 ], [ 17.036403687979885, -22.499085366896111 ], [ 17.036385247381304, -22.498988388503275 ], [ 17.036388768227141, -22.498786970941918 ], [ 17.036342918990556, -22.49859938405427 ], [ 17.036350212492383, -22.498342827259645 ], [ 17.036340488123074, -22.498252373448217 ], [ 17.036378039315139, -22.497959677397144 ], [ 17.036321544803513, -22.497795559217646 ], [ 17.036344847137059, -22.497687935549727 ], [ 17.036458002534857, -22.497567153001683 ], [ 17.03653955845391, -22.497442345987448 ], [ 17.036543832931613, -22.497247634670543 ], [ 17.036586161322361, -22.497058371446656 ], [ 17.036677273437476, -22.496935995299907 ], [ 17.036683000320238, -22.496831000350358 ], [ 17.036764696533567, -22.496721418858328 ], [ 17.036675931648972, -22.496603988083571 ], [ 17.036678195242587, -22.496361332109753 ], [ 17.036633267811112, -22.496241386830487 ], [ 17.036469736888876, -22.496035694791427 ], [ 17.036448028154041, -22.495924299366891 ], [ 17.036368818566189, -22.495824303748581 ], [ 17.036194391458025, -22.495665969109158 ], [ 17.036009738158956, -22.495561363566026 ], [ 17.035915944265469, -22.495560106313796 ], [ 17.035762053176256, -22.495411829692163 ], [ 17.035617968294673, -22.495286939940282 ], [ 17.035497687568295, -22.495165066514566 ], [ 17.035413030786799, -22.495040008589449 ], [ 17.035264000533232, -22.49488569841623 ], [ 17.035115305726833, -22.494825599421851 ], [ 17.034975914406971, -22.494815876851185 ], [ 17.034789332961395, -22.494755610582896 ], [ 17.034668634050263, -22.494594510528209 ], [ 17.034483896214908, -22.494487641391512 ], [ 17.034333274161327, -22.494504070206634 ], [ 17.03418608751798, -22.49447808609477 ], [ 17.034036721817305, -22.494443217580404 ], [ 17.033948879637137, -22.49446601629359 ], [ 17.033790796807864, -22.494521923547889 ], [ 17.033538585537315, -22.494532233375818 ], [ 17.033509500563071, -22.494351687280467 ], [ 17.033381424513152, -22.494247583559115 ], [ 17.033254439340965, -22.494198549823182 ], [ 17.033066013385849, -22.494132500014814 ], [ 17.032994013662858, -22.49407047377332 ], [ 17.032892173535004, -22.493858495473145 ], [ 17.032786226203427, -22.493721786830971 ], [ 17.032629736073488, -22.493637549133545 ], [ 17.032415745989908, -22.493512993929475 ], [ 17.032313234967887, -22.493449207714722 ], [ 17.03221491568587, -22.493421966350635 ], [ 17.032080469737938, -22.493276875127666 ], [ 17.031923560523921, -22.493123234949273 ], [ 17.031755251503682, -22.492958446774875 ], [ 17.031543797508277, -22.493025235825939 ], [ 17.031455565921704, -22.492927412969667 ], [ 17.03135870444072, -22.49276943536108 ], [ 17.031286284734279, -22.492710509982032 ], [ 17.031216294996057, -22.492528622997501 ], [ 17.031156784158327, -22.492340867936662 ], [ 17.031303048097243, -22.492310609347101 ], [ 17.031554840283718, -22.492304323085989 ], [ 17.031729854649143, -22.492314549276955 ], [ 17.031906545350864, -22.492359643982351 ], [ 17.032095641300828, -22.492434997277254 ], [ 17.032194529853712, -22.492476813054445 ], [ 17.032504007254204, -22.492621075102477 ], [ 17.032642392232674, -22.49272936966463 ], [ 17.03276971375135, -22.49285828298332 ], [ 17.032850022310754, -22.492902336273744 ], [ 17.032944979027604, -22.492954424107321 ], [ 17.033081184948802, -22.493110578790148 ], [ 17.033241865919422, -22.493265224410546 ], [ 17.033437499940703, -22.493391372313909 ], [ 17.033668924281471, -22.493525985535765 ], [ 17.033867323718084, -22.493655067027703 ], [ 17.034049019146948, -22.493784975895892 ], [ 17.034439556040752, -22.493869811642472 ], [ 17.034593699839434, -22.49383536131284 ], [ 17.034758488013836, -22.49391448636441 ], [ 17.034899220222883, -22.494007023005672 ], [ 17.034974740791711, -22.494203662468976 ], [ 17.035126071511058, -22.494396959152308 ], [ 17.035317761105834, -22.494557503425998 ], [ 17.035505566528741, -22.494669277465164 ], [ 17.035730756769055, -22.494786960050138 ], [ 17.035988550131549, -22.494939566907426 ], [ 17.036186786790836, -22.49505047220152 ], [ 17.036422714936407, -22.495162803820268 ], [ 17.036548292669636, -22.495198505106881 ], [ 17.03674290326245, -22.495253831399161 ], [ 17.036857254758559, -22.495373055422135 ], [ 17.036994695448868, -22.495516352497635 ], [ 17.037145926343499, -22.495671769736354 ], [ 17.037242967688883, -22.49577149735666 ], [ 17.037489311782338, -22.49599420456882 ], [ 17.037591487357304, -22.496100570984538 ], [ 17.037795922144142, -22.496334678002935 ], [ 17.037918800112607, -22.496517905876598 ], [ 17.037914861082015, -22.496593510981711 ], [ 17.037966409322394, -22.496730974155064 ], [ 17.038002340835423, -22.496799531273322 ], [ 17.038302327690303, -22.49691365524097 ], [ 17.03852290710654, -22.49696256487044 ], [ 17.038672900533982, -22.497084840293095 ], [ 17.039122880816365, -22.49739460457727 ], [ 17.039290520740963, -22.497557638174445 ], [ 17.039546391352928, -22.497671761242774 ], [ 17.039678739182534, -22.497802188120428 ], [ 17.039740501023346, -22.497989676082621 ], [ 17.039890494450788, -22.498177163145499 ], [ 17.04003166462968, -22.498405409282153 ], [ 17.040119896216311, -22.498560289625626 ], [ 17.039943433043049, -22.498764079598569 ], [ 17.040022841381074, -22.498951566661443 ], [ 17.039978726037418, -22.499041233565997 ], [ 17.039969999915627, -22.499188000225953 ], [ 17.039978726037418, -22.499375448618018 ], [ 17.040005195783181, -22.499562933882256 ], [ 17.040005195783181, -22.499815631686037 ], [ 17.039978726037418, -22.499978662585189 ], [ 17.039872847953632, -22.500198753669501 ], [ 17.039705208028977, -22.500361783669344 ], [ 17.039625799690953, -22.500606328219412 ], [ 17.039502276009273, -22.500867175679556 ], [ 17.039458160665617, -22.501070962954543 ], [ 17.039519922506486, -22.501242143510069 ], [ 17.039528745755035, -22.501372566790508 ], [ 17.03960815409306, -22.501592655176854 ], [ 17.039616977341666, -22.501747531922998 ], [ 17.039713114868391, -22.5018948129952 ], [ 17.03975519144899, -22.502006627503825 ], [ 17.039801878853666, -22.502153310526808 ], [ 17.039879243932035, -22.502292030952439 ], [ 17.039891999915938, -22.502522000190083 ], [ 17.03966508657453, -22.502496382102322 ], [ 17.039634743448687, -22.502520187156847 ], [ 17.039505075598811, -22.502618087354794 ], [ 17.039521168966814, -22.502693776096862 ], [ 17.039419245202055, -22.50289913268875 ], [ 17.039393344727102, -22.503194007797152 ], [ 17.039372809607528, -22.503415290483236 ], [ 17.039320984375991, -22.503591244640173 ], [ 17.039235346434172, -22.503884257252654 ], [ 17.03918731814025, -22.504042675529032 ], [ 17.03914373159796, -22.50421039729196 ], [ 17.039121101058015, -22.50434140693033 ], [ 17.039190335365731, -22.504455400496287 ], [ 17.039166194864038, -22.504622200454151 ], [ 17.039169212988838, -22.504757735481068 ], [ 17.039196118905807, -22.504913220168927 ], [ 17.039218750345128, -22.505109859632288 ], [ 17.03930441256864, -22.505331225955278 ], [ 17.039277339377747, -22.505464749198772 ], [ 17.039224282074997, -22.505518477395754 ], [ 17.039109198530753, -22.505635739997331 ], [ 17.039127973677068, -22.505779573968137 ], [ 17.039047999665513, -22.505925999785006 ], [ 17.038902302299448, -22.506002508708775 ], [ 17.038761132120612, -22.505937299766515 ], [ 17.038487614112171, -22.505709066220387 ], [ 17.038178804008624, -22.505741671141145 ], [ 17.03818762725723, -22.505611252357358 ], [ 17.038152334262861, -22.50526890113883 ], [ 17.037931755746001, -22.504991759761882 ], [ 17.037640592139667, -22.504682012564793 ], [ 17.037887640402346, -22.504437475209269 ], [ 17.038196450505836, -22.504347811002621 ], [ 17.038231742600885, -22.504160332033678 ], [ 17.038267035595254, -22.503891339413713 ], [ 17.038319974187516, -22.503736464466215 ], [ 17.038381736028327, -22.503548984597895 ], [ 17.038805247464268, -22.503426714571159 ], [ 17.038849362807923, -22.503328898909501 ], [ 17.038858186056473, -22.503222931792831 ], [ 17.038928771145947, -22.503084358856025 ], [ 17.039025825981128, -22.502896878088389 ], [ 17.03895524089171, -22.502815364437481 ], [ 17.038849362807923, -22.502603429304774 ], [ 17.038858186056473, -22.502456704013635 ], [ 17.038822893961424, -22.502350735997595 ], [ 17.038796424215661, -22.502261070891681 ], [ 17.038717015877637, -22.502114345600546 ], [ 17.038646430788219, -22.502008377584506 ], [ 17.0386199610424, -22.501877955203437 ], [ 17.0386199610424, -22.501747531923005 ], [ 17.038672900533982, -22.501641563907022 ], [ 17.038637607539613, -22.501470383351482 ], [ 17.038390559276934, -22.501397021155579 ], [ 17.038231742600885, -22.501405171711269 ], [ 17.038046457078398, -22.501437777531343 ], [ 17.037861170656527, -22.501494837716557 ], [ 17.037508245209381, -22.501649715362017 ], [ 17.037331782036176, -22.50178013774314 ], [ 17.037225903952333, -22.501967620309358 ], [ 17.037128850016472, -22.50204098340464 ], [ 17.036961210091818, -22.502049134859643 ], [ 17.036934740346055, -22.502057286314649 ], [ 17.036661223236933, -22.502171405785695 ], [ 17.036370058731279, -22.502367038907664 ], [ 17.036105364870764, -22.502538217664558 ], [ 17.035823023613716, -22.502758305151641 ], [ 17.035602445096799, -22.502896878088393 ], [ 17.035320104739071, -22.503043602480204 ], [ 17.035196580158072, -22.503133266686859 ], [ 17.034949532794769, -22.503279991078667 ], [ 17.034887770054581, -22.503483773857052 ], [ 17.034808361716557, -22.503622346793801 ] ] ] } },
{ "type": "Feature", "properties": { "Settlement": "Okapuka Kanuyala", "Town": "WINDHOEK", "Extension": null, "Region": null, "LA ARea": null, "Block_Code": "None", "TOWN_1": null, "EXTENSIO_1": null, "LA Area_1": null, "Set_Ext": null, "Id": "0", "Constituen": "Moses Garoeb", "Upgrading_": null, "Area_sqm": 0.0, "Area_Ha": 0.0, "No_Structu": 0.0, "No_HHs": 0.0, "No_Taps": 0.0, "No_Toilets": 0.0, "OBJECTID": 54.0, "layer": "Moses_Garoeb", "path": "E:/UN-HABITAT 2022/NAMIMBIA_2025/ANALYTICS - NOV 2025/20251103 NamibiaData WalvisBay/Windhoek_Informal_Settlements_merged_polygons/merged_polygons - Copy/Moses_Garoeb.shp" }, "geometry": { "type": "Polygon", "coordinates": [ [ [ 17.043808679626924, -22.506437217603484 ], [ 17.043926643699706, -22.506414000705547 ], [ 17.044029971306202, -22.506381350818629 ], [ 17.044115536402956, -22.506490041082486 ], [ 17.044169014588419, -22.5066053188803 ], [ 17.044187654836435, -22.506705953017264 ], [ 17.04420110060039, -22.506835874476 ], [ 17.044147623314188, -22.506875398780604 ], [ 17.043955102745826, -22.506951152273817 ], [ 17.043652060893919, -22.5070236124497 ], [ 17.043438149051383, -22.507076310922969 ], [ 17.043263454844634, -22.507109247693556 ], [ 17.043006760453693, -22.507138890247511 ], [ 17.042864152258858, -22.507158651950192 ], [ 17.042828500435007, -22.507109247693553 ], [ 17.042799979335655, -22.507000557429766 ], [ 17.042810674972714, -22.506905041334566 ], [ 17.042785717886602, -22.506829286941972 ], [ 17.042867727963312, -22.506803171529096 ], [ 17.042935456805935, -22.50678976353668 ], [ 17.042952971102807, -22.506693704250999 ], [ 17.042981973339465, -22.506643328726561 ], [ 17.043020000272861, -22.506621000358848 ], [ 17.043196000295211, -22.506628999828418 ], [ 17.043353000340744, -22.506636000151214 ], [ 17.043431018326885, -22.506658017353576 ], [ 17.043505887786523, -22.506664604887536 ], [ 17.043616409070069, -22.506654724036249 ], [ 17.043698000062705, -22.506665999736068 ], [ 17.043746888108444, -22.506654947967434 ], [ 17.043792670795199, -22.506636707018345 ], [ 17.043822174853517, -22.506553977484032 ], [ 17.043808679626924, -22.506437217603484 ] ] ] } },
{ "type": "Feature", "properties": { "Settlement": "Oohambo Dha Nehale", "Town": "WINDHOEK", "Extension": null, "Region": null, "LA ARea": null, "Block_Code": "None", "TOWN_1": null, "EXTENSIO_1": null, "LA Area_1": null, "Set_Ext": null, "Id": "0", "Constituen": "Moses Garoeb", "Upgrading_": null, "Area_sqm": 0.0, "Area_Ha": 0.0, "No_Structu": 0.0, "No_HHs": 0.0, "No_Taps": 0.0, "No_Toilets": 0.0, "OBJECTID": 55.0, "layer": "Moses_Garoeb", "path": "E:/UN-HABITAT 2022/NAMIMBIA_2025/ANALYTICS - NOV 2025/20251103 NamibiaData WalvisBay/Windhoek_Informal_Settlements_merged_polygons/merged_polygons - Copy/Moses_Garoeb.shp" }, "geometry": { "type": "Polygon", "coordinates": [ [ [ 17.031225606576527, -22.508044816914722 ], [ 17.0309838508241, -22.507997441528687 ], [ 17.030871233220864, -22.507975372165671 ], [ 17.03065646162645, -22.507831523805745 ], [ 17.030538337474354, -22.507662873942415 ], [ 17.030404105565083, -22.50759838985374 ], [ 17.030339673637059, -22.507469421676426 ], [ 17.030229911381355, -22.507351120357889 ], [ 17.030114163238068, -22.507226366403639 ], [ 17.029953084767101, -22.507047794320211 ], [ 17.029862374648928, -22.506915334974675 ], [ 17.029786636444157, -22.506804738148105 ], [ 17.029652404534886, -22.506646007806978 ], [ 17.029534280382791, -22.506591444139811 ], [ 17.029362463107248, -22.506556721315576 ], [ 17.029190644932385, -22.506541840233687 ], [ 17.028981243189889, -22.506512078969244 ], [ 17.028777209500674, -22.506507118308836 ], [ 17.028685212452611, -22.506495807535423 ], [ 17.028680853438686, -22.506349459060235 ], [ 17.028669873615797, -22.506147706951079 ], [ 17.02863421279875, -22.506007919929516 ], [ 17.028623616986408, -22.505831710365101 ], [ 17.02857960056815, -22.505584275393975 ], [ 17.028566524425628, -22.505385707784111 ], [ 17.028526710539325, -22.505174819462297 ], [ 17.028496283776519, -22.504997961486705 ], [ 17.028462002519461, -22.504881117069836 ], [ 17.028428893079028, -22.50466343976586 ], [ 17.028412296989988, -22.5045220366626 ], [ 17.028404602390538, -22.504364199348277 ], [ 17.028432880672938, -22.504216445232714 ], [ 17.028384888351979, -22.504070000530071 ], [ 17.02831733038056, -22.504004370705111 ], [ 17.028274750179605, -22.503869841120203 ], [ 17.028217585673076, -22.503683343311593 ], [ 17.028167210148695, -22.503560464443808 ], [ 17.028123624505724, -22.503443872736515 ], [ 17.028103004849868, -22.503328621019019 ], [ 17.028195373317885, -22.503168778216487 ], [ 17.028242144359524, -22.503080854198004 ], [ 17.028278102852198, -22.502931067614615 ], [ 17.028413555141526, -22.502842051819179 ], [ 17.028645000166648, -22.502901999727442 ], [ 17.028784023663832, -22.502906741852591 ], [ 17.028891909933748, -22.50289510912194 ], [ 17.02918822215878, -22.502865249831359 ], [ 17.029206187015973, -22.502920572526367 ], [ 17.029200198430487, -22.502986958681163 ], [ 17.029212174702138, -22.503056111150556 ], [ 17.029233133402442, -22.503161222112681 ], [ 17.029236127245554, -22.503219310222953 ], [ 17.029233133402442, -22.503269100288723 ], [ 17.029287026175382, -22.503346550802618 ], [ 17.029313972561852, -22.503451661764753 ], [ 17.029448706292786, -22.503457194393949 ], [ 17.029585006642776, -22.503420693610053 ], [ 17.029945721118168, -22.503388041924545 ], [ 17.030026560277577, -22.503603796477982 ], [ 17.030113388022471, -22.503957855070894 ], [ 17.030152311579968, -22.504112755199451 ], [ 17.030313990798106, -22.504148713692135 ], [ 17.030364889727934, -22.504234462250562 ], [ 17.030445729786663, -22.504278718787806 ], [ 17.030559503918028, -22.504292549461525 ], [ 17.030778070651483, -22.504270420743296 ], [ 17.030936756026506, -22.504292549461528 ], [ 17.03120023400362, -22.5043921277944 ], [ 17.031385865765117, -22.5043921277944 ], [ 17.031589462383806, -22.504436385230978 ], [ 17.031763117873652, -22.504505536801041 ], [ 17.031999649464296, -22.504566390326595 ], [ 17.03211042975261, -22.504599582504675 ], [ 17.032263126542091, -22.504563624012 ], [ 17.032499658132792, -22.50454426160832 ], [ 17.032664331193985, -22.504486174397417 ], [ 17.032852957697912, -22.504428087186458 ], [ 17.032972720414762, -22.504403192153578 ], [ 17.033074518274475, -22.504425320871803 ], [ 17.033167334604855, -22.504574688371115 ], [ 17.033343983937755, -22.504831932247843 ], [ 17.033125417204303, -22.504992363206956 ], [ 17.032802058768027, -22.505202583332501 ], [ 17.032595468306283, -22.50532705579894 ], [ 17.032397859373759, -22.505639618773326 ], [ 17.032230192469459, -22.505877498447774 ], [ 17.032098453480899, -22.506134739626471 ], [ 17.032032583536932, -22.506259211193591 ], [ 17.031966714492341, -22.506430704713178 ], [ 17.03178707041701, -22.506881566331174 ], [ 17.032116417438772, -22.507011568728842 ], [ 17.031933779520386, -22.507354553969435 ], [ 17.031811022960369, -22.50755923876779 ], [ 17.031754135445055, -22.507794349429613 ], [ 17.031772100302248, -22.507874562660898 ], [ 17.031499639896538, -22.507960308521383 ], [ 17.031225606576527, -22.508044816914722 ] ] ] } },
{ "type": "Feature", "properties": { "Settlement": "Patrick Lungada", "Town": "WINDHOEK", "Extension": null, "Region": null, "LA ARea": null, "Block_Code": "None", "TOWN_1": null, "EXTENSIO_1": null, "LA Area_1": null, "Set_Ext": null, "Id": "0", "Constituen": "Moses Garoeb", "Upgrading_": null, "Area_sqm": 0.0, "Area_Ha": 0.0, "No_Structu": 0.0, "No_HHs": 0.0, "No_Taps": 0.0, "No_Toilets": 0.0, "OBJECTID": 56.0, "layer": "Moses_Garoeb", "path": "E:/UN-HABITAT 2022/NAMIMBIA_2025/ANALYTICS - NOV 2025/20251103 NamibiaData WalvisBay/Windhoek_Informal_Settlements_merged_polygons/merged_polygons - Copy/Moses_Garoeb.shp" }, "geometry": { "type": "MultiPolygon", "coordinates": [ [ [ [ 17.026454029529873, -22.50727670955245 ], [ 17.026460319388264, -22.507279850884338 ], [ 17.026462750255746, -22.507299631472787 ], [ 17.026454029529873, -22.50727670955245 ] ] ], [ [ [ 17.027421970747412, -22.506948798747995 ], [ 17.027424322474531, -22.506948430025989 ], [ 17.027428848762383, -22.506956811707433 ], [ 17.027421305249106, -22.506951363614522 ], [ 17.027422394328084, -22.506951196340587 ], [ 17.027421970747412, -22.506948798747995 ] ] ], [ [ [ 17.027421970747412, -22.506948798747995 ], [ 17.027274956773908, -22.506971815996454 ], [ 17.027041939733806, -22.507050772874837 ], [ 17.026690235565979, -22.507155127507065 ], [ 17.026610439620129, -22.507225787240262 ], [ 17.026440203352763, -22.507240371545898 ], [ 17.026454029529873, -22.50727670955245 ], [ 17.026182292179101, -22.507141045922477 ], [ 17.025980120086501, -22.507149093056171 ], [ 17.025617016112449, -22.5071211807978 ], [ 17.024985691136806, -22.507028895966748 ], [ 17.02478486083271, -22.506966535177408 ], [ 17.024680338926544, -22.506951782698593 ], [ 17.024196451505077, -22.506903922577919 ], [ 17.024026885232615, -22.50693468388852 ], [ 17.024028646105194, -22.506938958366156 ], [ 17.023951364663787, -22.507029818671128 ], [ 17.023897888276963, -22.507574809629716 ], [ 17.023681048241826, -22.507733730627141 ], [ 17.02361298754937, -22.507727360729056 ], [ 17.023118454852863, -22.507647564783262 ], [ 17.022832547783878, -22.507579671364674 ], [ 17.022813605363638, -22.507566092501126 ], [ 17.022410938414112, -22.507551005474451 ], [ 17.022335249672096, -22.507558884434903 ], [ 17.022025371173982, -22.507575061439873 ], [ 17.021981281910655, -22.507538181142074 ], [ 17.021830491683886, -22.507158983800018 ], [ 17.021671151602391, -22.5069589071278 ], [ 17.021639049402665, -22.506921021387999 ], [ 17.021628906848605, -22.506911130644141 ], [ 17.021616334326438, -22.506899228116819 ], [ 17.021601079126526, -22.506885146532223 ], [ 17.02158230398021, -22.506861845098005 ], [ 17.021555900784222, -22.506824377542948 ], [ 17.021528743057107, -22.506776684696209 ], [ 17.021499909892952, -22.506719939273754 ], [ 17.021472416718723, -22.506655566700996 ], [ 17.021449366195327, -22.506588845998401 ], [ 17.021434530978865, -22.506525563403954 ], [ 17.021426483845175, -22.506464710777717 ], [ 17.021430507412049, -22.506355829857629 ], [ 17.02143377644768, -22.506349710870442 ], [ 17.021430674685917, -22.506351639016881 ], [ 17.02143469825279, -22.506346106387635 ], [ 17.021432686469382, -22.506331270271851 ], [ 17.021437967288421, -22.506229430144064 ], [ 17.021451377978735, -22.50623697365733 ], [ 17.021479122063909, -22.505977721594551 ], [ 17.021492365480356, -22.505484949770558 ], [ 17.021479541147983, -22.504842560435744 ], [ 17.021484654693097, -22.504355907599003 ], [ 17.021726975219792, -22.504190197619497 ], [ 17.022117656005094, -22.504204279204089 ], [ 17.02254069080027, -22.504168404348317 ], [ 17.022952157616032, -22.503942511737481 ], [ 17.023275028619707, -22.503596925657568 ], [ 17.023603934973664, -22.503059394575363 ], [ 17.02362748821804, -22.503022262467372 ], [ 17.023835778398507, -22.50284632629689 ], [ 17.024077679841128, -22.502694614265003 ], [ 17.024139873356546, -22.502657984878052 ], [ 17.024157307613677, -22.502656560351909 ], [ 17.024344140869459, -22.502543572228031 ], [ 17.024798020612195, -22.502390770217804 ], [ 17.024923916705461, -22.502360427991338 ], [ 17.025217534561648, -22.502230340158004 ], [ 17.025618357900953, -22.502128920013597 ], [ 17.025932595412996, -22.502089524312051 ], [ 17.02630701465705, -22.501979888860713 ], [ 17.026538301401558, -22.50197906867902 ], [ 17.026490487146305, -22.502074609955226 ], [ 17.026555246427506, -22.502338585257462 ], [ 17.026600386998325, -22.502547585902327 ], [ 17.026650374914936, -22.502742995992428 ], [ 17.026650374914936, -22.502842597707684 ], [ 17.026671298541658, -22.502977555369853 ], [ 17.026698559690828, -22.503153389017655 ], [ 17.026689691476122, -22.503463803511689 ], [ 17.026731629561084, -22.503560784602485 ], [ 17.026825990027476, -22.503657765693273 ], [ 17.02684417701721, -22.503727936195279 ], [ 17.026855202705462, -22.50380748123024 ], [ 17.026866646578526, -22.503890039893406 ], [ 17.026878412408848, -22.503974921505403 ], [ 17.02684433799584, -22.504071902596191 ], [ 17.026917329671051, -22.504103741294557 ], [ 17.026962288578829, -22.504134809273982 ], [ 17.026938698462232, -22.504205579623768 ], [ 17.027017331584659, -22.504302561613876 ], [ 17.027009468811968, -22.504457207234278 ], [ 17.027033058029247, -22.504491281647283 ], [ 17.0270409217012, -22.504601368558266 ], [ 17.027067133341578, -22.504653790939635 ], [ 17.027080238262442, -22.504750772929754 ], [ 17.027056648145845, -22.50480057378741 ], [ 17.027116934199228, -22.50492900866675 ], [ 17.027171978104377, -22.504944735111387 ], [ 17.027208673141786, -22.50506006417061 ], [ 17.027232263258384, -22.505099381631105 ], [ 17.027216536813796, -22.505146561864301 ], [ 17.027182462400788, -22.505164908933352 ], [ 17.027130040019358, -22.505474201073469 ], [ 17.027206052517386, -22.505526623454838 ], [ 17.027182462400788, -22.505597393804628 ], [ 17.027182001947892, -22.505797678220226 ], [ 17.027254002570203, -22.505889795777417 ], [ 17.027264060587981, -22.50592960966372 ], [ 17.027276884920354, -22.50598719325432 ], [ 17.027253750760053, -22.506037736052633 ], [ 17.027257606153626, -22.506244518069995 ], [ 17.02726321072862, -22.506318026855411 ], [ 17.027271939548427, -22.506406120845782 ], [ 17.027271520464353, -22.506443252953709 ], [ 17.027310496182508, -22.506487090406836 ], [ 17.027308065315026, -22.506558420134919 ], [ 17.027318233050039, -22.506606945753894 ], [ 17.027337569373401, -22.506699235980932 ], [ 17.027374534207414, -22.506745839748646 ], [ 17.027375617890527, -22.50676024329055 ], [ 17.02737746779593, -22.506784815466801 ], [ 17.027357686308221, -22.506818762176067 ], [ 17.027359920224171, -22.506864754404834 ], [ 17.027361793512, -22.506903335320601 ], [ 17.027359195370593, -22.506917585078437 ], [ 17.027421970747412, -22.506948798747995 ] ] ], [ [ [ 17.026541708033449, -22.501972261710474 ], [ 17.026543132559596, -22.501979051591881 ], [ 17.026538301401558, -22.50197906867902 ], [ 17.026541708033449, -22.501972261710474 ] ] ] ] } },
{ "type": "Feature", "properties": { "Settlement": "Robin Island", "Town": "WINDHOEK", "Extension": null, "Region": null, "LA ARea": null, "Block_Code": "None", "TOWN_1": null, "EXTENSIO_1": null, "LA Area_1": null, "Set_Ext": null, "Id": "0", "Constituen": "Moses Garoeb", "Upgrading_": null, "Area_sqm": 0.0, "Area_Ha": 0.0, "No_Structu": 0.0, "No_HHs": 0.0, "No_Taps": 0.0, "No_Toilets": 0.0, "OBJECTID": 57.0, "layer": "Moses_Garoeb", "path": "E:/UN-HABITAT 2022/NAMIMBIA_2025/ANALYTICS - NOV 2025/20251103 NamibiaData WalvisBay/Windhoek_Informal_Settlements_merged_polygons/merged_polygons - Copy/Moses_Garoeb.shp" }, "geometry": { "type": "Polygon", "coordinates": [ [ [ 17.021842574974926, -22.504192944148993 ], [ 17.021842574974926, -22.504018153714746 ], [ 17.021836471276174, -22.503741872089677 ], [ 17.021842574974926, -22.503536069433999 ], [ 17.021830368476799, -22.503293617606346 ], [ 17.021836471276174, -22.503141379471053 ], [ 17.02182121337836, -22.502944034939219 ], [ 17.021815110578927, -22.502718496661256 ], [ 17.021842574974926, -22.502605727971904 ], [ 17.021973792356675, -22.502622643320301 ], [ 17.022095854640042, -22.502642377143953 ], [ 17.022297258711546, -22.502684665964523 ], [ 17.022480352586228, -22.502698761938291 ], [ 17.022657343661535, -22.50271003853743 ], [ 17.022886211229718, -22.502780519305471 ], [ 17.02295944841984, -22.50283972347443 ], [ 17.023139490894835, -22.502876373545742 ], [ 17.02325545037877, -22.502896107369388 ], [ 17.023362255663642, -22.502955311538351 ], [ 17.023414132156518, -22.502994780084979 ], [ 17.0235972260312, -22.503008876958063 ], [ 17.023685722018513, -22.503034249530973 ], [ 17.023581968133385, -22.503228775587498 ], [ 17.023478215147577, -22.503403566921012 ], [ 17.02336530706333, -22.503595272703645 ], [ 17.023282914774768, -22.503741872089673 ], [ 17.023087614401959, -22.503885651201806 ], [ 17.022968603518279, -22.504001238366413 ], [ 17.022825179638403, -22.504080176359025 ], [ 17.022657343661535, -22.50414501747855 ], [ 17.022471197487846, -22.504207040122761 ], [ 17.022184350627359, -22.504232412695668 ], [ 17.022037875347735, -22.504218316721907 ], [ 17.021842574974926, -22.504192944148993 ] ] ] } },
{ "type": "Feature", "properties": { "Settlement": "Saara Kuugongelwa-Amadhila", "Town": "WINDHOEK", "Extension": null, "Region": null, "LA ARea": null, "Block_Code": "None", "TOWN_1": null, "EXTENSIO_1": null, "LA Area_1": null, "Set_Ext": null, "Id": "0", "Constituen": "Moses Garoeb", "Upgrading_": null, "Area_sqm": 0.0, "Area_Ha": 0.0, "No_Structu": 0.0, "No_HHs": 0.0, "No_Taps": 0.0, "No_Toilets": 0.0, "OBJECTID": 58.0, "layer": "Moses_Garoeb", "path": "E:/UN-HABITAT 2022/NAMIMBIA_2025/ANALYTICS - NOV 2025/20251103 NamibiaData WalvisBay/Windhoek_Informal_Settlements_merged_polygons/merged_polygons - Copy/Moses_Garoeb.shp" }, "geometry": { "type": "Polygon", "coordinates": [ [ [ 17.036277999630045, -22.490665000189548 ], [ 17.036334369135886, -22.490570861855758 ], [ 17.036376272147265, -22.490518903524556 ], [ 17.036449285406263, -22.490428369673449 ], [ 17.036535786697243, -22.490396182937449 ], [ 17.036635363231483, -22.490433146872196 ], [ 17.036727948436123, -22.490462700393273 ], [ 17.036855217794141, -22.490503829088418 ], [ 17.036957479703972, -22.49053733423057 ], [ 17.03699645632145, -22.490556193913161 ], [ 17.037121921639425, -22.490589560559727 ], [ 17.037210110957915, -22.490597013241537 ], [ 17.037247516459786, -22.490661283291558 ], [ 17.03727724984526, -22.490712096785778 ], [ 17.037342906649883, -22.490743314052676 ], [ 17.0374360863064, -22.490787618253933 ], [ 17.037500855480118, -22.490803494885309 ], [ 17.037596751089268, -22.490845334944204 ], [ 17.037695157605469, -22.490910713858337 ], [ 17.037817463605109, -22.490999344743905 ], [ 17.037890929223067, -22.491042300861466 ], [ 17.037972661409242, -22.49109008993565 ], [ 17.038095750718355, -22.491168394805527 ], [ 17.03817285589264, -22.49122004017266 ], [ 17.03821588305658, -22.491305280614139 ], [ 17.038274779657399, -22.49142196045506 ], [ 17.038301389697438, -22.491491227138393 ], [ 17.038324819734669, -22.491552214662939 ], [ 17.038377981358792, -22.491601212425966 ], [ 17.038452141253345, -22.491669561800784 ], [ 17.038538281916203, -22.491747391828657 ], [ 17.038630138669987, -22.491829655514149 ], [ 17.038705023418174, -22.491896208043492 ], [ 17.038783142128352, -22.49199595275098 ], [ 17.038855410748681, -22.492023878499136 ], [ 17.0390001377462, -22.492079803739895 ], [ 17.039112132119271, -22.492092261148912 ], [ 17.039215665670497, -22.492150447285265 ], [ 17.039353624370335, -22.492278622260578 ], [ 17.039435338570058, -22.492374144651027 ], [ 17.03954212406984, -22.492484031013191 ], [ 17.039587050601938, -22.492603976292401 ], [ 17.039607315924911, -22.492672140406903 ], [ 17.039628060586551, -22.49279088778917 ], [ 17.039623004598013, -22.492954625555452 ], [ 17.039607670257851, -22.49305567697786 ], [ 17.039613370160964, -22.493184087575514 ], [ 17.039621080948166, -22.493249550126613 ], [ 17.039696266969202, -22.493284670451143 ], [ 17.039764327661658, -22.493275534238478 ], [ 17.039856000054385, -22.493298000202511 ], [ 17.039895758182752, -22.493364861199328 ], [ 17.039934648465309, -22.493430264395155 ], [ 17.039968427001327, -22.49347133553368 ], [ 17.040064651762293, -22.493478544499169 ], [ 17.040029615074729, -22.493570744793995 ], [ 17.040000111016354, -22.493667220465795 ], [ 17.039967002475237, -22.493735952052468 ], [ 17.039961470745311, -22.493871068894691 ], [ 17.039979937424221, -22.493989902611869 ], [ 17.04002106522006, -22.494072569193694 ], [ 17.040045721932586, -22.494197465240802 ], [ 17.040048790419405, -22.494264058239654 ], [ 17.040063731755879, -22.494356370050411 ], [ 17.040088120470443, -22.494444642106483 ], [ 17.040103447616051, -22.494585846459589 ], [ 17.040134472428008, -22.494716551227842 ], [ 17.040153160340139, -22.494801789870671 ], [ 17.040186524288742, -22.494917548805798 ], [ 17.040239330680606, -22.494923919603139 ], [ 17.040219716466765, -22.494987538544027 ], [ 17.040177723523186, -22.495056437404628 ], [ 17.040209189002894, -22.495114959887413 ], [ 17.040238743423345, -22.495169928249531 ], [ 17.040256681300832, -22.495213094808435 ], [ 17.040295314377317, -22.495237863036895 ], [ 17.040347000213956, -22.495271000356354 ], [ 17.040286242016521, -22.495365734041339 ], [ 17.040213071376172, -22.495417429770495 ], [ 17.040114075804013, -22.495489009510159 ], [ 17.040023688542419, -22.495524799829582 ], [ 17.039937606335513, -22.495536729336543 ], [ 17.039860131539911, -22.495500939916383 ], [ 17.039739615191138, -22.495461173694139 ], [ 17.039619099741685, -22.495421406572625 ], [ 17.039468454305791, -22.495417429770502 ], [ 17.039223118352254, -22.495393570756622 ], [ 17.03910690615885, -22.495385617152465 ], [ 17.0389949981207, -22.495385617152461 ], [ 17.038789000312192, -22.495338999894898 ], [ 17.038768055101684, -22.495312169520961 ], [ 17.038746513640717, -22.495272690182446 ], [ 17.038695802669224, -22.495240755256589 ], [ 17.038699742599078, -22.495187278869764 ], [ 17.038596309771947, -22.495195074193244 ], [ 17.038542665211882, -22.495159282974495 ], [ 17.038512239348393, -22.49511226102198 ], [ 17.038498576847871, -22.495113769185078 ], [ 17.03842783347778, -22.49510555567679 ], [ 17.038344853032584, -22.495103375720195 ], [ 17.038310319065999, -22.495099603963524 ], [ 17.038232199456502, -22.495044199430197 ], [ 17.03813966371456, -22.495005140075129 ], [ 17.038063974972545, -22.495015533539966 ], [ 17.038024328360109, -22.49499700930448 ], [ 17.037956603114765, -22.495005475522252 ], [ 17.037886614275862, -22.495004553717138 ], [ 17.037836574198593, -22.494881674849346 ], [ 17.037722747906514, -22.494723592020136 ], [ 17.037686999855225, -22.494661000105005 ], [ 17.037570509771285, -22.494554691245984 ], [ 17.037453889285587, -22.494538114942031 ], [ 17.037292587782758, -22.494515186726463 ], [ 17.037107787894172, -22.494488919328084 ], [ 17.036987219384741, -22.494393438306474 ], [ 17.03685862982195, -22.494291603574588 ], [ 17.036725142551347, -22.494172126842155 ], [ 17.036587633512511, -22.494049050123518 ], [ 17.036478960335785, -22.493951782149004 ], [ 17.036383124981285, -22.493723042284497 ], [ 17.036268343609208, -22.493582186868363 ], [ 17.036092903864471, -22.493505642871064 ], [ 17.035909456556226, -22.493425605007648 ], [ 17.035771568902817, -22.493491981269873 ], [ 17.035619980977401, -22.49342268940552 ], [ 17.035514218906144, -22.493374344550322 ], [ 17.03536853862721, -22.493307753350109 ], [ 17.035218318570571, -22.493258770875514 ], [ 17.035195000049271, -22.493255000018159 ], [ 17.035111198523055, -22.493224153272021 ], [ 17.035021176386238, -22.493152655370693 ], [ 17.034922102573034, -22.493088701882023 ], [ 17.034816238878363, -22.493030950118225 ], [ 17.034676177563597, -22.492955177739187 ], [ 17.034609876844399, -22.49291444204783 ], [ 17.034530751792829, -22.492726938797141 ], [ 17.034496385999489, -22.492676982356777 ], [ 17.034450201315792, -22.492569107778085 ], [ 17.034388007800374, -22.49250875787283 ], [ 17.034307625496581, -22.492400798757789 ], [ 17.034257082698275, -22.492309184820947 ], [ 17.034159936132198, -22.492263000137314 ], [ 17.03408114652774, -22.492188401373593 ], [ 17.034005708696554, -22.492073820550331 ], [ 17.033986933550182, -22.492013136097288 ], [ 17.033883249812163, -22.491980782087353 ], [ 17.033863887408529, -22.491954965249416 ], [ 17.03382658802667, -22.491886652746761 ], [ 17.033813595521053, -22.491795457894 ], [ 17.033831000100633, -22.491682000324037 ], [ 17.03375483831519, -22.491631507887739 ], [ 17.033676384157843, -22.491483986696604 ], [ 17.033575214024953, -22.491429923052468 ], [ 17.033512182341383, -22.491374602156103 ], [ 17.033420211373709, -22.491311219736925 ], [ 17.033339767016685, -22.491233450863035 ], [ 17.033278495306376, -22.491111075615603 ], [ 17.033240608667199, -22.49103588959456 ], [ 17.033210601887845, -22.490929355904992 ], [ 17.033328535383646, -22.490892307434027 ], [ 17.033385699890175, -22.490883087584386 ], [ 17.033545039971671, -22.490904209961286 ], [ 17.033640677475319, -22.490870934146244 ], [ 17.033758442797932, -22.490915860678403 ], [ 17.033880231687419, -22.490876214965272 ], [ 17.033911663892241, -22.490878394022619 ], [ 17.034024484742247, -22.490898342784252 ], [ 17.034165300588199, -22.490887446598322 ], [ 17.034224470582899, -22.490845260300485 ], [ 17.034310140001026, -22.490784181045058 ], [ 17.034361771878309, -22.490645712429632 ], [ 17.034393874977411, -22.490614363861763 ], [ 17.034438969682753, -22.490501459374798 ], [ 17.03446788738313, -22.49044136127975 ], [ 17.03455204144359, -22.490435577739674 ], [ 17.034565955754317, -22.490445384846563 ], [ 17.034720015016717, -22.4904937485876 ], [ 17.034854209154506, -22.490567592820124 ], [ 17.034959234680969, -22.490595672352352 ], [ 17.035087561641717, -22.49064655059777 ], [ 17.035141540749578, -22.49073950542379 ], [ 17.035218822190927, -22.490769344929269 ], [ 17.035254528873452, -22.490777223889726 ], [ 17.035496765763188, -22.490810416967118 ], [ 17.035568011854309, -22.490907143549801 ], [ 17.035658467464373, -22.490935689830163 ], [ 17.035789713624411, -22.490981239592482 ], [ 17.035932456717546, -22.49093807303359 ], [ 17.03604402031533, -22.490863474269872 ], [ 17.036160025664685, -22.490779152036168 ], [ 17.036201600423567, -22.490740762676012 ], [ 17.036277999630045, -22.490665000189548 ] ] ] } },
{ "type": "Feature", "properties": { "Settlement": "Soviet Union", "Town": "WINDHOEK", "Extension": null, "Region": null, "LA ARea": null, "Block_Code": "None", "TOWN_1": null, "EXTENSIO_1": null, "LA Area_1": null, "Set_Ext": null, "Id": "0", "Constituen": "Moses Garoeb", "Upgrading_": null, "Area_sqm": 0.0, "Area_Ha": 0.0, "No_Structu": 0.0, "No_HHs": 0.0, "No_Taps": 0.0, "No_Toilets": 0.0, "OBJECTID": 59.0, "layer": "Moses_Garoeb", "path": "E:/UN-HABITAT 2022/NAMIMBIA_2025/ANALYTICS - NOV 2025/20251103 NamibiaData WalvisBay/Windhoek_Informal_Settlements_merged_polygons/merged_polygons - Copy/Moses_Garoeb.shp" }, "geometry": { "type": "Polygon", "coordinates": [ [ [ 17.041822303856296, -22.504420395284964 ], [ 17.041613986696177, -22.504411647579438 ], [ 17.041557172925252, -22.504604100698657 ], [ 17.041519297077969, -22.504849041849756 ], [ 17.041443545383345, -22.505181460056292 ], [ 17.04138673161242, -22.505461391130265 ], [ 17.041320448879674, -22.50595126893586 ], [ 17.041122112395612, -22.505897003843575 ], [ 17.041127476851614, -22.505727354833539 ], [ 17.041043490065078, -22.50566071866718 ], [ 17.040963999888731, -22.505533999694311 ], [ 17.040759427505634, -22.505412446427211 ], [ 17.040797229608529, -22.505242461070683 ], [ 17.040733024309702, -22.5051961936494 ], [ 17.040622131606142, -22.505014473938783 ], [ 17.040541330218275, -22.504913722889963 ], [ 17.040499839995675, -22.504629912140672 ], [ 17.040365981305058, -22.504498147971098 ], [ 17.040231283546973, -22.50438901614012 ], [ 17.040079822425923, -22.504163542613345 ], [ 17.04021016117008, -22.504045022759549 ], [ 17.040406214275436, -22.503963131393334 ], [ 17.040258776721203, -22.503789374280132 ], [ 17.04003196230525, -22.503640512199805 ], [ 17.040071608917685, -22.50347404768911 ], [ 17.040080745130354, -22.503300457849839 ], [ 17.040071859828515, -22.503132652449885 ], [ 17.040038500376568, -22.502943137415798 ], [ 17.040034224999545, -22.502695033349084 ], [ 17.039933306676801, -22.50259696497789 ], [ 17.039833821873458, -22.502338379312732 ], [ 17.039720194331551, -22.502128426285811 ], [ 17.039625504713346, -22.50183099260618 ], [ 17.039549753018719, -22.501559802942502 ], [ 17.039540284056898, -22.501463573684919 ], [ 17.039483470285973, -22.501253619758693 ], [ 17.03945506340051, -22.500999924606781 ], [ 17.039530815095077, -22.500824962402017 ], [ 17.039634973675163, -22.500641251592459 ], [ 17.039720194331551, -22.500387555541234 ], [ 17.039909573568025, -22.500238836453086 ], [ 17.039975856300771, -22.500011384417803 ], [ 17.040023201109875, -22.499775182878352 ], [ 17.039975856300771, -22.499503988718061 ], [ 17.03996638733895, -22.499364017335498 ], [ 17.040174704499066, -22.499224045952928 ], [ 17.040231518269991, -22.499250290868186 ], [ 17.04036408373554, -22.499372765940333 ], [ 17.040496649201032, -22.499486492407637 ], [ 17.040581869857476, -22.499600218874949 ], [ 17.040581869857476, -22.499775182878345 ], [ 17.040581869857476, -22.499958894587287 ], [ 17.040581869857476, -22.500151354901053 ], [ 17.040638683628401, -22.500273829073926 ], [ 17.040837531826696, -22.500413799557176 ], [ 17.041074255872275, -22.500632502987568 ], [ 17.041206821337767, -22.500877450433965 ], [ 17.041310979917853, -22.501087405259504 ], [ 17.041481421230628, -22.501209879432341 ], [ 17.041500359154327, -22.501323604101003 ], [ 17.041500359154327, -22.501489817700879 ], [ 17.041528766039789, -22.501621039579277 ], [ 17.041547703963431, -22.501813497195084 ], [ 17.041604517734356, -22.501988457601215 ], [ 17.041680269428923, -22.502163418906605 ], [ 17.041727614238084, -22.50225964726484 ], [ 17.041822303856296, -22.502408363655039 ], [ 17.041784428009009, -22.502618316681946 ], [ 17.041860179703576, -22.502863260530997 ], [ 17.041954869321785, -22.503011976021806 ], [ 17.042030621016409, -22.50315194380709 ], [ 17.042077965825513, -22.503291911592381 ], [ 17.042115841672796, -22.503431879377668 ], [ 17.042096903749158, -22.503510610526227 ], [ 17.042030621016409, -22.503668073722562 ], [ 17.041992745169125, -22.503799292903011 ], [ 17.041945400359964, -22.503965503804924 ], [ 17.04189805555086, -22.50414921011793 ], [ 17.041822303856296, -22.504420395284964 ] ] ] } },
{ "type": "Feature", "properties": { "Settlement": "Vladimir Lenin", "Town": "WINDHOEK", "Extension": null, "Region": null, "LA ARea": null, "Block_Code": "None", "TOWN_1": null, "EXTENSIO_1": null, "LA Area_1": null, "Set_Ext": null, "Id": "0", "Constituen": "Moses Garoeb", "Upgrading_": null, "Area_sqm": 0.0, "Area_Ha": 0.0, "No_Structu": 0.0, "No_HHs": 0.0, "No_Taps": 0.0, "No_Toilets": 0.0, "OBJECTID": 60.0, "layer": "Moses_Garoeb", "path": "E:/UN-HABITAT 2022/NAMIMBIA_2025/ANALYTICS - NOV 2025/20251103 NamibiaData WalvisBay/Windhoek_Informal_Settlements_merged_polygons/merged_polygons - Copy/Moses_Garoeb.shp" }, "geometry": { "type": "Polygon", "coordinates": [ [ [ 17.04189805555086, -22.50414921011793 ], [ 17.041919335309103, -22.50406664156219 ], [ 17.041945400359964, -22.503965503804924 ], [ 17.041992745169125, -22.503799292903011 ], [ 17.042030621016409, -22.503668073722562 ], [ 17.042115841672796, -22.503431879377668 ], [ 17.042077965825513, -22.503291911592381 ], [ 17.042030621016409, -22.50315194380709 ], [ 17.041954869321785, -22.503011976021806 ], [ 17.041860179703576, -22.502863260530997 ], [ 17.04183176202622, -22.50277137140165 ], [ 17.041784428009009, -22.502618316681946 ], [ 17.041822303856296, -22.502408363655039 ], [ 17.041727614238084, -22.50225964726484 ], [ 17.041680269428923, -22.502163418906605 ], [ 17.041604517734356, -22.501988457601215 ], [ 17.041536563161912, -22.501700283341336 ], [ 17.041500359154327, -22.501489817700879 ], [ 17.041490967534173, -22.50126720851484 ], [ 17.041481421230628, -22.501209879432341 ], [ 17.041310979917853, -22.501087405259504 ], [ 17.041206821337767, -22.500877450433965 ], [ 17.041134754165626, -22.500744289617209 ], [ 17.041001196747857, -22.50056500527074 ], [ 17.040837531826696, -22.500413799557176 ], [ 17.040684490596789, -22.50030607246725 ], [ 17.040611480035807, -22.500215185182576 ], [ 17.040581869857476, -22.500097251686778 ], [ 17.040581869857476, -22.499958894587287 ], [ 17.040581869857476, -22.499775182878345 ], [ 17.040581869857476, -22.499600218874949 ], [ 17.040496649201032, -22.499486492407637 ], [ 17.04036408373554, -22.499372765940333 ], [ 17.040231518269991, -22.499250290868186 ], [ 17.040174704499066, -22.499224045952928 ], [ 17.039978726037418, -22.499375448618018 ], [ 17.039974260903477, -22.499279530525886 ], [ 17.039973714115664, -22.49912553691393 ], [ 17.039978726037418, -22.499041233565997 ], [ 17.040022841381074, -22.498951566661443 ], [ 17.039943433043049, -22.498764079598569 ], [ 17.039981483358815, -22.498720136924756 ], [ 17.040052207843189, -22.498638460496529 ], [ 17.040119896216311, -22.498560289625626 ], [ 17.040011584567029, -22.498335286444267 ], [ 17.040137450083307, -22.498484865284237 ], [ 17.040277214621824, -22.498637210438854 ], [ 17.040435590630068, -22.49880984070154 ], [ 17.040587958267739, -22.498983075308615 ], [ 17.04069700016646, -22.499110000226263 ], [ 17.04083483925649, -22.499189974237872 ], [ 17.041041771460641, -22.499310036428998 ], [ 17.041238417219233, -22.499451146353298 ], [ 17.041470845203378, -22.499659167636427 ], [ 17.041639786447035, -22.499821370260005 ], [ 17.041786657428364, -22.499910118956791 ], [ 17.041954244292981, -22.499982932566251 ], [ 17.042296519069168, -22.500083664729292 ], [ 17.042564072773814, -22.500144589301328 ], [ 17.042940640498216, -22.500189040991419 ], [ 17.043178667661437, -22.500201788881373 ], [ 17.043474270321383, -22.500195286783018 ], [ 17.043677794994267, -22.500190809957868 ], [ 17.043945292041656, -22.500211652645582 ], [ 17.044240158156811, -22.500219554089085 ], [ 17.044495210385719, -22.500183851003893 ], [ 17.04475197402445, -22.500159302209958 ], [ 17.04490778696487, -22.500146892465057 ], [ 17.045175176992871, -22.500382948314385 ], [ 17.045317785187706, -22.500503720969903 ], [ 17.045340934636499, -22.500630542465501 ], [ 17.045388415243224, -22.500890659676141 ], [ 17.045394743772476, -22.501140133410388 ], [ 17.045403404243757, -22.501481518757029 ], [ 17.04534844397557, -22.501661545044222 ], [ 17.045294861468737, -22.50195001697967 ], [ 17.045202682757633, -22.502144484580235 ], [ 17.04510861367163, -22.502363186212047 ], [ 17.045038999850021, -22.502489999613765 ], [ 17.044838804467304, -22.502455507016013 ], [ 17.044750076454932, -22.502448055233515 ], [ 17.044563999529032, -22.502432426814998 ], [ 17.044434091560106, -22.502395498853168 ], [ 17.044259215690317, -22.502303177149887 ], [ 17.044199257889488, -22.502533980059063 ], [ 17.044144296721981, -22.502603220662081 ], [ 17.044044367653498, -22.502709389226872 ], [ 17.043934446217751, -22.502787861370674 ], [ 17.043829520515999, -22.502875565954582 ], [ 17.043749577081371, -22.502981734519388 ], [ 17.043643975988743, -22.502945736456518 ], [ 17.043597293080666, -22.502960890932339 ], [ 17.04345152736613, -22.502990495714744 ], [ 17.043326972162106, -22.50308470779299 ], [ 17.043284475598114, -22.503167018243232 ], [ 17.043235038965918, -22.503226005675572 ], [ 17.043160339478106, -22.503315713049687 ], [ 17.043053386704461, -22.503396598973836 ], [ 17.043011526860539, -22.503468632871083 ], [ 17.042962108214795, -22.503553675461713 ], [ 17.042920868903025, -22.503682002422408 ], [ 17.042882731353018, -22.503755093023074 ], [ 17.042809305305241, -22.503819968316861 ], [ 17.042643763498916, -22.503741430522542 ], [ 17.042576301754991, -22.503833680280071 ], [ 17.042560279433417, -22.503893645275461 ], [ 17.042474783584453, -22.503976626619988 ], [ 17.042484423417477, -22.504064971521188 ], [ 17.042485764306605, -22.504159099962465 ], [ 17.042440383616849, -22.504274836414542 ], [ 17.042220529953568, -22.504252878567453 ], [ 17.042024444472588, -22.50425836802923 ], [ 17.04187383411022, -22.504235919152279 ], [ 17.04189805555086, -22.50414921011793 ] ] ] } },
{ "type": "Feature", "properties": { "Settlement": "Willem Shimoshili", "Town": "WINDHOEK", "Extension": null, "Region": null, "LA ARea": null, "Block_Code": "None", "TOWN_1": null, "EXTENSIO_1": null, "LA Area_1": null, "Set_Ext": null, "Id": "0", "Constituen": "Moses Garoeb", "Upgrading_": null, "Area_sqm": 0.0, "Area_Ha": 0.0, "No_Structu": 0.0, "No_HHs": 0.0, "No_Taps": 0.0, "No_Toilets": 0.0, "OBJECTID": 61.0, "layer": "Moses_Garoeb", "path": "E:/UN-HABITAT 2022/NAMIMBIA_2025/ANALYTICS - NOV 2025/20251103 NamibiaData WalvisBay/Windhoek_Informal_Settlements_merged_polygons/merged_polygons - Copy/Moses_Garoeb.shp" }, "geometry": { "type": "Polygon", "coordinates": [ [ [ 17.039870999846812, -22.497910999792726 ], [ 17.03999921529163, -22.497874986441452 ], [ 17.040154192761861, -22.497780820228623 ], [ 17.040227755506582, -22.497748626298009 ], [ 17.040280999868287, -22.497788999562651 ], [ 17.040377212938097, -22.497808132639186 ], [ 17.04045876885715, -22.497850377392972 ], [ 17.040650379311614, -22.497869319813216 ], [ 17.040719110898294, -22.497873343380025 ], [ 17.040843330655207, -22.497930172439453 ], [ 17.040934944592095, -22.497978704353674 ], [ 17.041021781330187, -22.49801826642982 ], [ 17.041254356803165, -22.498027077087897 ], [ 17.041433080872025, -22.498025642669226 ], [ 17.041537468779211, -22.498032525180857 ], [ 17.041655103700123, -22.498029904556393 ], [ 17.041802639280434, -22.49801139381071 ], [ 17.041967355509087, -22.498075073905515 ], [ 17.042262554373451, -22.498118346584356 ], [ 17.04243471878732, -22.498098565096655 ], [ 17.042535859242548, -22.498053263547199 ], [ 17.042639858642588, -22.498006681363218 ], [ 17.042687600052773, -22.497949199395979 ], [ 17.042662119561214, -22.497870157981357 ], [ 17.042660862308992, -22.497826321427567 ], [ 17.042739401002621, -22.497761277061215 ], [ 17.042768317803681, -22.497727498525197 ], [ 17.042872002441015, -22.497640829060963 ], [ 17.042933441425252, -22.497632699189698 ], [ 17.043026816234658, -22.497553657775029 ], [ 17.043111556653059, -22.49761023592362 ], [ 17.043204345104471, -22.49753010453065 ], [ 17.043337198353072, -22.497562207629748 ], [ 17.043457310906206, -22.497544018841328 ], [ 17.043632157098443, -22.497567068465397 ], [ 17.043697531515932, -22.497551697252955 ], [ 17.043823599379664, -22.497490207007385 ], [ 17.043839190026631, -22.497447877717317 ], [ 17.044006157258423, -22.49741971454813 ], [ 17.044028705060725, -22.497338577713148 ], [ 17.044010264462202, -22.497232212196764 ], [ 17.04407899964616, -22.497197000141391 ], [ 17.04420162400578, -22.497238749368769 ], [ 17.0442864480612, -22.497297506574622 ], [ 17.044421648540322, -22.497292980286776 ], [ 17.044501779933228, -22.497276636007889 ], [ 17.044537067531678, -22.497226427757361 ], [ 17.044658223298427, -22.497204392568612 ], [ 17.044765179669355, -22.497391045959944 ], [ 17.044842425137858, -22.497605147559455 ], [ 17.04493155514723, -22.497830228082535 ], [ 17.045020685156544, -22.498115696282294 ], [ 17.045080105162754, -22.498335286444277 ], [ 17.045127640628152, -22.498516447675851 ], [ 17.045258365181439, -22.498730547476729 ], [ 17.045347495190811, -22.498884260500176 ], [ 17.045472277024032, -22.499032483162523 ], [ 17.045496044307072, -22.49919717421017 ], [ 17.045501986127817, -22.499279520633312 ], [ 17.045439000309671, -22.499302000087191 ], [ 17.04526999971074, -22.499338999994798 ], [ 17.045204886995975, -22.499224623317673 ], [ 17.045127640628152, -22.499224623317673 ], [ 17.044961265150334, -22.499208154033052 ], [ 17.044848366958604, -22.499274030272257 ], [ 17.044759237848609, -22.499356376695406 ], [ 17.044723585125382, -22.499400294188206 ], [ 17.044592861471415, -22.499510087920154 ], [ 17.044485905999807, -22.499543026489448 ], [ 17.044343297804971, -22.499543026489448 ], [ 17.044242284154166, -22.499510087920154 ], [ 17.044153154144794, -22.499515577381942 ], [ 17.04406402413548, -22.499575964159366 ], [ 17.043921415940645, -22.499575964159366 ], [ 17.043796634107423, -22.499570474697574 ], [ 17.043642142271096, -22.499554005412971 ], [ 17.043339101318509, -22.499526557204831 ], [ 17.043095479472868, -22.499466170427347 ], [ 17.042958813098778, -22.499444211680949 ], [ 17.042715192152457, -22.499449701142737 ], [ 17.042483453948307, -22.499378335441804 ], [ 17.042406208479807, -22.499328927587893 ], [ 17.042275483926517, -22.499274030272261 ], [ 17.042174470275654, -22.499263051348695 ], [ 17.042091282087029, -22.49925756188691 ], [ 17.041918964788465, -22.499252071525856 ], [ 17.041675342942767, -22.499208154033063 ], [ 17.041479257461788, -22.499136787432747 ], [ 17.041205925613042, -22.498977585846884 ], [ 17.041075201959075, -22.498807404438132 ], [ 17.040837521934122, -22.49862075284539 ], [ 17.040718681921703, -22.498467039822003 ], [ 17.040617668270841, -22.498390183759913 ], [ 17.040510711899856, -22.498335286444277 ], [ 17.040403756428248, -22.498220001451841 ], [ 17.040314626418933, -22.49815412431332 ], [ 17.040160134582607, -22.498115696282298 ], [ 17.039999700925534, -22.498027859498052 ], [ 17.039870999846812, -22.497910999792726 ] ] ] } },
{ "type": "Feature", "properties": { "Settlement": "Brendan Simbwaye A", "Town": "WINDHOEK", "Extension": null, "Region": null, "LA ARea": null, "Block_Code": "None", "TOWN_1": null, "EXTENSIO_1": null, "LA Area_1": null, "Set_Ext": null, "Id": "0", "Constituen": "Samora Machel", "Upgrading_": null, "Area_sqm": 66171.0, "Area_Ha": 0.0, "No_Structu": 0.0, "No_HHs": 0.0, "No_Taps": 0.0, "No_Toilets": 0.0, "OBJECTID": null, "layer": "Samora_Machel", "path": "E:/UN-HABITAT 2022/NAMIMBIA_2025/ANALYTICS - NOV 2025/20251103 NamibiaData WalvisBay/Windhoek_Informal_Settlements_merged_polygons/merged_polygons - Copy/Samora_Machel.shp" }, "geometry": { "type": "Polygon", "coordinates": [ [ [ 17.011203958802106, -22.493617219749154 ], [ 17.011429023686492, -22.493853531345348 ], [ 17.011733671550211, -22.494152322710896 ], [ 17.012066440755206, -22.494485755791896 ], [ 17.012380462399278, -22.494827848637225 ], [ 17.012736666055289, -22.495234894718372 ], [ 17.012825716969239, -22.49549038047677 ], [ 17.012272663924467, -22.495667921149654 ], [ 17.012024258743271, -22.495754526273249 ], [ 17.011723099548696, -22.495790885636616 ], [ 17.011133749603278, -22.495988359836286 ], [ 17.01106077219292, -22.495980452427439 ], [ 17.010961302035209, -22.495965228934857 ], [ 17.01078345370329, -22.495941373608975 ], [ 17.010561, -22.495926299999933 ], [ 17.010142390716545, -22.49596159280334 ], [ 17.009857353258926, -22.496199337285887 ], [ 17.009743874119877, -22.496030298863651 ], [ 17.009678554156292, -22.495883164692792 ], [ 17.009646692489639, -22.495758874162114 ], [ 17.009286926209246, -22.495653623615127 ], [ 17.008798971802264, -22.495613198177018 ], [ 17.008820133621231, -22.495354428117103 ], [ 17.008927022667841, -22.49523738401582 ], [ 17.009136841907566, -22.495076448214881 ], [ 17.009318949172201, -22.494816755959551 ], [ 17.00944563248672, -22.494655819669365 ], [ 17.009652692296797, -22.494429461951459 ], [ 17.009863602356237, -22.494338525699348 ], [ 17.009966713940937, -22.494273571196988 ], [ 17.010102633757004, -22.494160983320583 ], [ 17.010252614243718, -22.494044065044275 ], [ 17.01046352430323, -22.49389250416872 ], [ 17.010688495033317, -22.493797237247744 ], [ 17.010918152653588, -22.493727952173025 ], [ 17.011203958802106, -22.493617219749154 ] ] ] } },
{ "type": "Feature", "properties": { "Settlement": "Brendan Simbwaye B", "Town": "WINDHOEK", "Extension": null, "Region": null, "LA ARea": null, "Block_Code": "None", "TOWN_1": null, "EXTENSIO_1": null, "LA Area_1": null, "Set_Ext": null, "Id": "0", "Constituen": "Samora Machel", "Upgrading_": null, "Area_sqm": 48846.0, "Area_Ha": 0.0, "No_Structu": 0.0, "No_HHs": 0.0, "No_Taps": 0.0, "No_Toilets": 0.0, "OBJECTID": null, "layer": "Samora_Machel", "path": "E:/UN-HABITAT 2022/NAMIMBIA_2025/ANALYTICS - NOV 2025/20251103 NamibiaData WalvisBay/Windhoek_Informal_Settlements_merged_polygons/merged_polygons - Copy/Samora_Machel.shp" }, "geometry": { "type": "Polygon", "coordinates": [ [ [ 17.012825716969239, -22.495490380476795 ], [ 17.013003818797248, -22.495819480080431 ], [ 17.013289719100062, -22.496308797780685 ], [ 17.013641235865858, -22.496893378605112 ], [ 17.014002126412088, -22.497382692507134 ], [ 17.014583300798112, -22.498166457186453 ], [ 17.014194288910666, -22.498378635810962 ], [ 17.014086490435819, -22.498296362505393 ], [ 17.013875580376343, -22.498105834662532 ], [ 17.013716226109231, -22.497949948050412 ], [ 17.013383456904332, -22.497642504495055 ], [ 17.013233476417547, -22.497456305953229 ], [ 17.013060061479759, -22.49723113528886 ], [ 17.012910080993013, -22.496971322528417 ], [ 17.012727292274825, -22.496871727507521 ], [ 17.012558564227216, -22.496767802191847 ], [ 17.012296098375444, -22.49669418837944 ], [ 17.012122683437685, -22.496646555891655 ], [ 17.011860217585912, -22.496650886118474 ], [ 17.011794601122965, -22.496798113750319 ], [ 17.011602438624283, -22.496841415965214 ], [ 17.011291400000015, -22.496871399999989 ], [ 17.010980211084458, -22.49686900264215 ], [ 17.010705980497733, -22.49681833028075 ], [ 17.010382997806662, -22.4967338763038 ], [ 17.010139237285109, -22.496576228742256 ], [ 17.010011263011346, -22.496480514063713 ], [ 17.009860604244523, -22.496198061800527 ], [ 17.010228900000044, -22.4959534 ], [ 17.010642, -22.495922399999984 ], [ 17.011133749603278, -22.495988359836286 ], [ 17.011297886865602, -22.495933362193412 ], [ 17.011561754668996, -22.495844947688802 ], [ 17.011723099548661, -22.495790885636616 ], [ 17.012024258743267, -22.495754526273263 ], [ 17.012132089350061, -22.49571693172177 ], [ 17.012397557159272, -22.49562782803719 ], [ 17.012557926593946, -22.495576346370257 ], [ 17.012825716969239, -22.495490380476795 ] ] ] } },
{ "type": "Feature", "properties": { "Settlement": "Brendan Simbwaye C", "Town": "WINDHOEK", "Extension": null, "Region": null, "LA ARea": null, "Block_Code": "None", "TOWN_1": null, "EXTENSIO_1": null, "LA Area_1": null, "Set_Ext": null, "Id": "0", "Constituen": "Samora Machel", "Upgrading_": null, "Area_sqm": 53405.0, "Area_Ha": 0.0, "No_Structu": 0.0, "No_HHs": 0.0, "No_Taps": 0.0, "No_Toilets": 0.0, "OBJECTID": null, "layer": "Samora_Machel", "path": "E:/UN-HABITAT 2022/NAMIMBIA_2025/ANALYTICS - NOV 2025/20251103 NamibiaData WalvisBay/Windhoek_Informal_Settlements_merged_polygons/merged_polygons - Copy/Samora_Machel.shp" }, "geometry": { "type": "Polygon", "coordinates": [ [ [ 17.014194288910666, -22.498378635810962 ], [ 17.01396931818061, -22.498534521940009 ], [ 17.013833398364508, -22.4984609090676 ], [ 17.013631862085429, -22.498270381451334 ], [ 17.013477194708496, -22.498188108081415 ], [ 17.01327565842945, -22.49815779682752 ], [ 17.013214728856688, -22.498140476108009 ], [ 17.012994445016815, -22.498058202660783 ], [ 17.012689797153104, -22.497967268793772 ], [ 17.012469513313231, -22.498014900826828 ], [ 17.012253916363573, -22.498053872477957 ], [ 17.01202894563345, -22.498092844118183 ], [ 17.011685679053965, -22.498200562515581 ], [ 17.01147079996996, -22.498335407979219 ], [ 17.01132440586801, -22.498486029600759 ], [ 17.011200812409676, -22.498551906536772 ], [ 17.010888212150284, -22.498251207044529 ], [ 17.01044089087241, -22.497995930174255 ], [ 17.010192569325699, -22.497915025990636 ], [ 17.010085547352652, -22.497667833518076 ], [ 17.010021334168876, -22.497292100113871 ], [ 17.009941067689091, -22.496926253450209 ], [ 17.009871503406661, -22.496698834766267 ], [ 17.00985891268536, -22.49650866544663 ], [ 17.009817992420164, -22.496426920631738 ], [ 17.009673512756567, -22.496342874336595 ], [ 17.009860604244523, -22.496198061800527 ], [ 17.009972740630445, -22.496408293072975 ], [ 17.010060874955844, -22.496517619898974 ], [ 17.01024843872683, -22.496646852755934 ], [ 17.010382997806662, -22.4967338763038 ], [ 17.010705980497733, -22.49681833028075 ], [ 17.010980211084458, -22.49686900264215 ], [ 17.011291400000015, -22.496871399999989 ], [ 17.011602438624283, -22.496841415965214 ], [ 17.011794601122965, -22.496798113750319 ], [ 17.01181779984287, -22.496746061395442 ], [ 17.011860217585912, -22.496650886118474 ], [ 17.011939869320312, -22.496649572004394 ], [ 17.012122683437685, -22.496646555891655 ], [ 17.012204851857838, -22.496669125381196 ], [ 17.012352806325918, -22.496710093264873 ], [ 17.012460244902343, -22.496740226569802 ], [ 17.012606154189406, -22.496797114468269 ], [ 17.012727292274825, -22.496871727507521 ], [ 17.012910080993013, -22.496971322528417 ], [ 17.012952636010017, -22.497045041077516 ], [ 17.013029572366957, -22.497178318720501 ], [ 17.013140914651146, -22.497336119152706 ], [ 17.013233476417547, -22.497456305953229 ], [ 17.013299513770782, -22.497538290375143 ], [ 17.013383456904332, -22.497642504495055 ], [ 17.013514689830217, -22.497763749922392 ], [ 17.013641235865858, -22.497880665055312 ], [ 17.013766657965395, -22.497999282494757 ], [ 17.013910989411823, -22.498137821809237 ], [ 17.014029622992361, -22.498244990722029 ], [ 17.014194288910666, -22.498378635810962 ] ] ] } },
{ "type": "Feature", "properties": { "Settlement": "Brendan Simbwaye D", "Town": "WINDHOEK", "Extension": null, "Region": null, "LA ARea": null, "Block_Code": "None", "TOWN_1": null, "EXTENSIO_1": null, "LA Area_1": null, "Set_Ext": null, "Id": "0", "Constituen": "Samora Machel", "Upgrading_": null, "Area_sqm": 89499.0, "Area_Ha": 0.0, "No_Structu": 0.0, "No_HHs": 0.0, "No_Taps": 0.0, "No_Toilets": 0.0, "OBJECTID": null, "layer": "Samora_Machel", "path": "E:/UN-HABITAT 2022/NAMIMBIA_2025/ANALYTICS - NOV 2025/20251103 NamibiaData WalvisBay/Windhoek_Informal_Settlements_merged_polygons/merged_polygons - Copy/Samora_Machel.shp" }, "geometry": { "type": "Polygon", "coordinates": [ [ [ 17.01396931818061, -22.498534521940009 ], [ 17.013966442183612, -22.498696605121836 ], [ 17.013975501590501, -22.498847331523724 ], [ 17.01401374746375, -22.4990185696529 ], [ 17.014038127627263, -22.499297861476123 ], [ 17.014068362322021, -22.499640967010869 ], [ 17.01411461177711, -22.500058732611993 ], [ 17.014167479907339, -22.500171578500382 ], [ 17.014250531593181, -22.500348850354289 ], [ 17.014316399072499, -22.500427283683681 ], [ 17.014415555050132, -22.500545356031672 ], [ 17.014543708138479, -22.50068981943652 ], [ 17.014667664821918, -22.500825161745961 ], [ 17.014708524841012, -22.500889335898211 ], [ 17.014761402626149, -22.500972384935192 ], [ 17.01483587189594, -22.501068705112282 ], [ 17.014925443783511, -22.501184559255776 ], [ 17.014987824442461, -22.501319993732594 ], [ 17.014699458000138, -22.501410935332377 ], [ 17.014537835785362, -22.501446068959254 ], [ 17.014357199192386, -22.50142850214695 ], [ 17.014167055410308, -22.501489985980278 ], [ 17.014114765870239, -22.501577819980483 ], [ 17.014048215546502, -22.501590995075688 ], [ 17.01389134692629, -22.501612953564958 ], [ 17.013758246278815, -22.50162612865681 ], [ 17.013629899225879, -22.501595386773818 ], [ 17.013506305767535, -22.50156025318487 ], [ 17.013316161985426, -22.501560253184874 ], [ 17.013197322121652, -22.501538294687279 ], [ 17.013045207095974, -22.501494377681627 ], [ 17.012893092070268, -22.501507552784773 ], [ 17.012779005801026, -22.501516336186185 ], [ 17.012603122802616, -22.501560253184874 ], [ 17.012593615613483, -22.501516336186182 ], [ 17.012541326073379, -22.501305534398281 ], [ 17.012465268560575, -22.501050815142609 ], [ 17.01237970385861, -22.500725827824965 ], [ 17.012303646345799, -22.500321788473464 ], [ 17.012175299292892, -22.500018758185298 ], [ 17.012118256158256, -22.499873830421507 ], [ 17.011861562052442, -22.49969376844285 ], [ 17.011828286890573, -22.499548840338534 ], [ 17.011680925459466, -22.499434654452461 ], [ 17.011524056839189, -22.499280942533868 ], [ 17.01140046338088, -22.499162364651415 ], [ 17.011343420246213, -22.499013044210425 ], [ 17.011314898678908, -22.498859331823361 ], [ 17.011276869922476, -22.498745145368119 ], [ 17.011200812409676, -22.498551906536772 ], [ 17.01132440586801, -22.498486029600759 ], [ 17.011533564028294, -22.498270831391238 ], [ 17.011685679053965, -22.498200562515581 ], [ 17.01189483721431, -22.498152252642893 ], [ 17.01202894563345, -22.498092844118183 ], [ 17.012155524450488, -22.498070916893212 ], [ 17.012253916363573, -22.498053872477957 ], [ 17.012335194182114, -22.498039180570125 ], [ 17.012557155974601, -22.497995949832898 ], [ 17.012689797153104, -22.497967268793772 ], [ 17.012910598656891, -22.498033175497188 ], [ 17.013110047367242, -22.498101378797671 ], [ 17.01327565842945, -22.49815779682752 ], [ 17.013477194708496, -22.498188108081415 ], [ 17.013631862085429, -22.498270381451334 ], [ 17.01366884133872, -22.498305340779641 ], [ 17.013743906687832, -22.498376305792242 ], [ 17.013833398364508, -22.4984609090676 ], [ 17.01396931818061, -22.498534521940009 ] ] ] } },
{ "type": "Feature", "properties": { "Settlement": "Brendan Simbwaye E", "Town": "WINDHOEK", "Extension": null, "Region": null, "LA ARea": null, "Block_Code": "None", "TOWN_1": null, "EXTENSIO_1": null, "LA Area_1": null, "Set_Ext": null, "Id": "0", "Constituen": "Samora Machel", "Upgrading_": null, "Area_sqm": 50449.0, "Area_Ha": 0.0, "No_Structu": 0.0, "No_HHs": 0.0, "No_Taps": 0.0, "No_Toilets": 0.0, "OBJECTID": null, "layer": "Samora_Machel", "path": "E:/UN-HABITAT 2022/NAMIMBIA_2025/ANALYTICS - NOV 2025/20251103 NamibiaData WalvisBay/Windhoek_Informal_Settlements_merged_polygons/merged_polygons - Copy/Samora_Machel.shp" }, "geometry": { "type": "Polygon", "coordinates": [ [ [ 17.014583300798112, -22.498166457186453 ], [ 17.01489732244222, -22.498664426913273 ], [ 17.015244152317834, -22.499253327929004 ], [ 17.015464436157707, -22.499595408985524 ], [ 17.015605042863989, -22.499872537322428 ], [ 17.015694093777977, -22.500201626501386 ], [ 17.015806579143071, -22.500509064369098 ], [ 17.01592843828853, -22.500799181166855 ], [ 17.016059671214414, -22.501158578744192 ], [ 17.016158095908864, -22.501474674636711 ], [ 17.016256520603282, -22.501868710970669 ], [ 17.015726902009515, -22.501963972333424 ], [ 17.015459749267457, -22.501989952693723 ], [ 17.01521134408636, -22.502028923225001 ], [ 17.015169162074457, -22.501873041034013 ], [ 17.015108232501696, -22.501630557276687 ], [ 17.015019181587679, -22.501388073094134 ], [ 17.014925443783511, -22.501184559255776 ], [ 17.014761402626149, -22.500972384935192 ], [ 17.014667664821918, -22.500825161745961 ], [ 17.014461441652688, -22.500599996565207 ], [ 17.014250531593181, -22.500348850354289 ], [ 17.01411461177711, -22.500058732611993 ], [ 17.01407711665539, -22.499725312962596 ], [ 17.014044308423916, -22.499409213072358 ], [ 17.014025560863125, -22.4990714617064 ], [ 17.01396463129036, -22.498798661924237 ], [ 17.01396931818061, -22.498534521940009 ], [ 17.014026310765548, -22.498495030803937 ], [ 17.014100551106498, -22.498443588386085 ], [ 17.014194288910666, -22.498378635810962 ], [ 17.014244831144051, -22.498351068595785 ], [ 17.014393610394471, -22.498269920000904 ], [ 17.014583300798112, -22.498166457186453 ] ] ] } },
{ "type": "Feature", "properties": { "Settlement": "Brendan Simbwaye F", "Town": "WINDHOEK", "Extension": null, "Region": null, "LA ARea": null, "Block_Code": "None", "TOWN_1": null, "EXTENSIO_1": null, "LA Area_1": null, "Set_Ext": null, "Id": "0", "Constituen": "Samora Machel", "Upgrading_": null, "Area_sqm": 77092.0, "Area_Ha": 0.0, "No_Structu": 0.0, "No_HHs": 0.0, "No_Taps": 0.0, "No_Toilets": 0.0, "OBJECTID": null, "layer": "Samora_Machel", "path": "E:/UN-HABITAT 2022/NAMIMBIA_2025/ANALYTICS - NOV 2025/20251103 NamibiaData WalvisBay/Windhoek_Informal_Settlements_merged_polygons/merged_polygons - Copy/Samora_Machel.shp" }, "geometry": { "type": "Polygon", "coordinates": [ [ [ 17.014987824442461, -22.501319993732594 ], [ 17.015056569186061, -22.501489878964829 ], [ 17.015108232501696, -22.501630557276687 ], [ 17.015141657406229, -22.501763579703631 ], [ 17.015180430703651, -22.501914683887172 ], [ 17.01521134408636, -22.502028923225001 ], [ 17.01523853961335, -22.502149086322266 ], [ 17.015261083146832, -22.50224869456542 ], [ 17.015290846844344, -22.502380204878015 ], [ 17.015319142561207, -22.502505228831019 ], [ 17.015349004254851, -22.502678281399628 ], [ 17.01538094204631, -22.502846115174965 ], [ 17.015403895949639, -22.502940482755253 ], [ 17.015027456024292, -22.503000723012743 ], [ 17.014766008323875, -22.503057814495605 ], [ 17.01442850311069, -22.50315003914891 ], [ 17.014575864541797, -22.503646294560937 ], [ 17.014628154081901, -22.503927358783205 ], [ 17.01468044362197, -22.50410741525037 ], [ 17.014708965189271, -22.504283079870497 ], [ 17.014751747540277, -22.50442361140594 ], [ 17.014827805053113, -22.504669541249381 ], [ 17.014780269107575, -22.504779331216799 ], [ 17.014623400487334, -22.504845205155451 ], [ 17.014271634490481, -22.504832030370228 ], [ 17.013900854115391, -22.504814463987991 ], [ 17.013572856091272, -22.504796897603565 ], [ 17.013444509038365, -22.50468271605007 ], [ 17.013339929958192, -22.504502660331905 ], [ 17.013278133229022, -22.504331387601898 ], [ 17.013130771797915, -22.504146939809363 ], [ 17.013011931934106, -22.504010799614164 ], [ 17.013021439123175, -22.503843917901794 ], [ 17.013021439123175, -22.503698994146074 ], [ 17.013078482257843, -22.503584811686149 ], [ 17.013107003825112, -22.503431104379668 ], [ 17.0128550633139, -22.503448670937651 ], [ 17.012831295341098, -22.503321313341875 ], [ 17.012779005801026, -22.503211522216958 ], [ 17.012712455477288, -22.503092947704125 ], [ 17.012626890775387, -22.502991939705559 ], [ 17.012574601235247, -22.502873365004469 ], [ 17.012607876397116, -22.502781140166686 ], [ 17.012593615613483, -22.502662565284869 ], [ 17.012674426720853, -22.502491290276065 ], [ 17.012603122802616, -22.502372715145771 ], [ 17.012631644369918, -22.502223398170379 ], [ 17.012636397964485, -22.501999422405003 ], [ 17.012603122802616, -22.501731529346618 ], [ 17.012603122802616, -22.501560253184874 ], [ 17.012779005801026, -22.501516336186185 ], [ 17.012893092070268, -22.501507552784773 ], [ 17.013045207095974, -22.501494377681627 ], [ 17.013197322121652, -22.501538294687279 ], [ 17.013316161985426, -22.501560253184874 ], [ 17.013506305767535, -22.50156025318487 ], [ 17.013629899225879, -22.501595386773818 ], [ 17.013758246278815, -22.50162612865681 ], [ 17.01389134692629, -22.501612953564958 ], [ 17.014048215546502, -22.501590995075688 ], [ 17.014114765870239, -22.501577819980483 ], [ 17.014167055410308, -22.501489985980278 ], [ 17.014242647092068, -22.50146554307873 ], [ 17.014357199192386, -22.50142850214695 ], [ 17.014434402777351, -22.501436010154663 ], [ 17.014537835785362, -22.501446068959254 ], [ 17.014630039934108, -22.501426025514203 ], [ 17.014757814550212, -22.501392531538315 ], [ 17.014858746061154, -22.501360700954034 ], [ 17.014987824442461, -22.501319993732594 ] ] ] } },
{ "type": "Feature", "properties": { "Settlement": "Brendan Simbwaye G", "Town": "WINDHOEK", "Extension": null, "Region": null, "LA ARea": null, "Block_Code": "None", "TOWN_1": null, "EXTENSIO_1": null, "LA Area_1": null, "Set_Ext": null, "Id": "0", "Constituen": "Samora Machel", "Upgrading_": null, "Area_sqm": 48105.0, "Area_Ha": 0.0, "No_Structu": 0.0, "No_HHs": 0.0, "No_Taps": 0.0, "No_Toilets": 0.0, "OBJECTID": null, "layer": "Samora_Machel", "path": "E:/UN-HABITAT 2022/NAMIMBIA_2025/ANALYTICS - NOV 2025/20251103 NamibiaData WalvisBay/Windhoek_Informal_Settlements_merged_polygons/merged_polygons - Copy/Samora_Machel.shp" }, "geometry": { "type": "Polygon", "coordinates": [ [ [ 17.009629130114828, -22.500303754961177 ], [ 17.009389904528099, -22.500223782355256 ], [ 17.009234722667188, -22.500184232249467 ], [ 17.009150700156013, -22.50013463748434 ], [ 17.009042083115791, -22.5000705256322 ], [ 17.008967167734664, -22.499937043831792 ], [ 17.008908305649513, -22.499798618124998 ], [ 17.008876199057624, -22.49967996740893 ], [ 17.008854794662987, -22.499536597657801 ], [ 17.00877452818327, -22.49945749704187 ], [ 17.008651452914275, -22.499378396380724 ], [ 17.008480217757452, -22.499338846033211 ], [ 17.00834108919258, -22.499200419727728 ], [ 17.008244769416816, -22.499052105675329 ], [ 17.008159151838402, -22.498864240980676 ], [ 17.008148449641155, -22.498750533278379 ], [ 17.008394600179038, -22.498498398474645 ], [ 17.008533728743977, -22.498374802814837 ], [ 17.008603293026447, -22.498261094710177 ], [ 17.00861399522373, -22.497949632901548 ], [ 17.008688910604857, -22.497613451114848 ], [ 17.008833390268386, -22.497262436906919 ], [ 17.009020678721189, -22.496970748366412 ], [ 17.009218669371275, -22.496688946988929 ], [ 17.009470171007855, -22.496466471811825 ], [ 17.009673512756567, -22.496342874336595 ], [ 17.009817992420164, -22.496426920631738 ], [ 17.009871503406661, -22.496510966875839 ], [ 17.009871503406661, -22.496698834766267 ], [ 17.009941067689091, -22.496926253450209 ], [ 17.009994578675613, -22.497128952396888 ], [ 17.010021334168876, -22.497292100113871 ], [ 17.010048089662138, -22.497484910804001 ], [ 17.010085547352652, -22.497667833518076 ], [ 17.010149760536461, -22.497821092903127 ], [ 17.010192569325699, -22.497915025990636 ], [ 17.010043973432385, -22.498088821049269 ], [ 17.009973174280976, -22.498186937200309 ], [ 17.009909483155589, -22.498260491803801 ], [ 17.009844747913391, -22.49833525218034 ], [ 17.00980729022281, -22.498508286122714 ], [ 17.009764481433638, -22.498592331102326 ], [ 17.009721672644403, -22.498671432212969 ], [ 17.009662810559249, -22.498824690486103 ], [ 17.009646175313609, -22.498897693661352 ], [ 17.009620001770077, -22.499012555234525 ], [ 17.009636055065986, -22.499155925528729 ], [ 17.009694917151137, -22.499239970114878 ], [ 17.009704844361778, -22.499350029236084 ], [ 17.009710970447113, -22.499417946716985 ], [ 17.009710970447113, -22.499600866874978 ], [ 17.009587895178154, -22.499833224564679 ], [ 17.009603948474098, -22.499941987604466 ], [ 17.009605641970271, -22.499996748141658 ], [ 17.009609299572791, -22.500115019537041 ], [ 17.009629130114828, -22.500303754961177 ] ] ] } },
{ "type": "Feature", "properties": { "Settlement": "Brendan Simbwaye H", "Town": "WINDHOEK", "Extension": null, "Region": null, "LA ARea": null, "Block_Code": "None", "TOWN_1": null, "EXTENSIO_1": null, "LA Area_1": null, "Set_Ext": null, "Id": "0", "Constituen": "Samora Machel", "Upgrading_": null, "Area_sqm": 98559.0, "Area_Ha": 0.0, "No_Structu": 0.0, "No_HHs": 0.0, "No_Taps": 0.0, "No_Toilets": 0.0, "OBJECTID": null, "layer": "Samora_Machel", "path": "E:/UN-HABITAT 2022/NAMIMBIA_2025/ANALYTICS - NOV 2025/20251103 NamibiaData WalvisBay/Windhoek_Informal_Settlements_merged_polygons/merged_polygons - Copy/Samora_Machel.shp" }, "geometry": { "type": "Polygon", "coordinates": [ [ [ 17.00973237484175, -22.502107343051222 ], [ 17.009801939124152, -22.501998581714105 ], [ 17.009855450110678, -22.501894763994297 ], [ 17.009908961097203, -22.501805777315333 ], [ 17.009903609998506, -22.501711846869838 ], [ 17.009866152307961, -22.50160308522171 ], [ 17.009801939124152, -22.5014794923359 ], [ 17.009791236926834, -22.501336124450063 ], [ 17.009834045716076, -22.501192756415524 ], [ 17.009951769886374, -22.501029613298961 ], [ 17.01005664132353, -22.500888007902741 ], [ 17.010149760536461, -22.500723101468743 ], [ 17.0101171266972, -22.500656341671448 ], [ 17.010037387464788, -22.500535239043501 ], [ 17.009880493252368, -22.500400571190077 ], [ 17.009759130334977, -22.500342432604924 ], [ 17.009629130114828, -22.500303754961177 ], [ 17.009609299572791, -22.500115019537041 ], [ 17.009603948474098, -22.499941987604466 ], [ 17.009587895178154, -22.499833224564679 ], [ 17.009657459460588, -22.499684911190766 ], [ 17.009710970447113, -22.499600866874978 ], [ 17.009710970447113, -22.499417946716985 ], [ 17.009694917151137, -22.499239970114878 ], [ 17.009636055065986, -22.499155925528729 ], [ 17.009620001770077, -22.499012555234525 ], [ 17.009662810559249, -22.498824690486103 ], [ 17.009721672644403, -22.498671432212969 ], [ 17.00980729022281, -22.498508286122714 ], [ 17.009844747913391, -22.49833525218034 ], [ 17.009973174280976, -22.498186937200309 ], [ 17.010080196254027, -22.498038622061301 ], [ 17.010192569325699, -22.497915025990636 ], [ 17.01037450667981, -22.497969408275335 ], [ 17.010572497329864, -22.498048509742169 ], [ 17.010759785782632, -22.498152330348763 ], [ 17.010888212150284, -22.498251207044529 ], [ 17.011096904997622, -22.498448960223961 ], [ 17.011200812409676, -22.498551906536772 ], [ 17.011276869922476, -22.498745145368119 ], [ 17.011314898678908, -22.498859331823361 ], [ 17.011343420246213, -22.499013044210425 ], [ 17.01140046338088, -22.499162364651415 ], [ 17.011484425672791, -22.4992429196604 ], [ 17.011680925459466, -22.499434654452461 ], [ 17.011828286890573, -22.499548840338534 ], [ 17.011861562052442, -22.49969376844285 ], [ 17.01195107818312, -22.499756560918669 ], [ 17.012058440056197, -22.499831871529288 ], [ 17.012118256158256, -22.499873830421507 ], [ 17.012172475826407, -22.500045806789977 ], [ 17.012263020554801, -22.500225870135935 ], [ 17.012319552051405, -22.500406284247141 ], [ 17.01237970385861, -22.500725827824965 ], [ 17.012436468060418, -22.500941426694101 ], [ 17.012497051068962, -22.501157255925659 ], [ 17.012553384412985, -22.501354146817324 ], [ 17.012603122802616, -22.501560253184874 ], [ 17.012603122802616, -22.501731529346618 ], [ 17.012609976387232, -22.501786706513332 ], [ 17.012445381857621, -22.501840383252862 ], [ 17.012274146700797, -22.501860158070404 ], [ 17.01212388725941, -22.501867464373113 ], [ 17.01201630642376, -22.501882033428597 ], [ 17.011958431880409, -22.501894763994301 ], [ 17.011830749817317, -22.501968091225187 ], [ 17.011760441230322, -22.502008469111903 ], [ 17.011631025413575, -22.502023257804979 ], [ 17.011530490817627, -22.502040285895006 ], [ 17.011376620293174, -22.502050947574418 ], [ 17.011292425464315, -22.502087679245612 ], [ 17.011122733927873, -22.502118471525069 ], [ 17.010949629587852, -22.502146902652328 ], [ 17.010764984958527, -22.502143348761773 ], [ 17.010645735302113, -22.502107809850841 ], [ 17.010530332408795, -22.502129133198512 ], [ 17.010422623041684, -22.502189549332247 ], [ 17.01032260720077, -22.502207318778357 ], [ 17.010203271522986, -22.5021913858441 ], [ 17.010080196254027, -22.502206216919834 ], [ 17.00998387647833, -22.502206216919838 ], [ 17.009855450110678, -22.502230935375955 ], [ 17.00973237484175, -22.502225991685084 ], [ 17.00973237484175, -22.502107343051222 ] ] ] } },
{ "type": "Feature", "properties": { "Settlement": "Brendan Simbwaye I", "Town": "WINDHOEK", "Extension": null, "Region": null, "LA ARea": null, "Block_Code": "None", "TOWN_1": null, "EXTENSIO_1": null, "LA Area_1": null, "Set_Ext": null, "Id": "0", "Constituen": "Samora Machel", "Upgrading_": null, "Area_sqm": 12997.0, "Area_Ha": 0.0, "No_Structu": 0.0, "No_HHs": 0.0, "No_Taps": 0.0, "No_Toilets": 0.0, "OBJECTID": null, "layer": "Samora_Machel", "path": "E:/UN-HABITAT 2022/NAMIMBIA_2025/ANALYTICS - NOV 2025/20251103 NamibiaData WalvisBay/Windhoek_Informal_Settlements_merged_polygons/merged_polygons - Copy/Samora_Machel.shp" }, "geometry": { "type": "Polygon", "coordinates": [ [ [ 17.011249677110559, -22.50317397320552 ], [ 17.011084266296738, -22.503070911106722 ], [ 17.010907315193645, -22.502942971842764 ], [ 17.010691896459416, -22.502790155344623 ], [ 17.010549566224299, -22.502711970094257 ], [ 17.010334147490074, -22.502640892555487 ], [ 17.010157196387013, -22.502608907651194 ], [ 17.009995632336363, -22.502608907651194 ], [ 17.009830221522538, -22.502626677043374 ], [ 17.009707125102995, -22.502651554188663 ], [ 17.009703278339924, -22.502555599460862 ], [ 17.009691738050556, -22.502321043179265 ], [ 17.009730205681691, -22.502235749887365 ], [ 17.009845608574974, -22.502228642110687 ], [ 17.009991785573227, -22.50221087266732 ], [ 17.010176430202517, -22.502196657111021 ], [ 17.01032260720077, -22.502207318778357 ], [ 17.010422623041684, -22.502189549332247 ], [ 17.010530332408795, -22.502129133198512 ], [ 17.010645735302113, -22.502107809850841 ], [ 17.010764984958527, -22.502143348761773 ], [ 17.010949629587852, -22.502146902652328 ], [ 17.011122733927873, -22.502118471525069 ], [ 17.011238136821223, -22.502111363742369 ], [ 17.011376620293174, -22.502050947574418 ], [ 17.011530490817627, -22.502040285895006 ], [ 17.011761296604291, -22.502001193063396 ], [ 17.011665127526545, -22.502253519327525 ], [ 17.011576651975002, -22.502281950427019 ], [ 17.011503563475859, -22.502381459229241 ], [ 17.011418934687448, -22.502512952893809 ], [ 17.011326612372766, -22.502719077846102 ], [ 17.011291991504763, -22.502843463444531 ], [ 17.011295838267827, -22.503010495357916 ], [ 17.011249677110559, -22.50317397320552 ] ] ] } },
{ "type": "Feature", "properties": { "Settlement": "Brendan Simbwaye J", "Town": "WINDHOEK", "Extension": null, "Region": null, "LA ARea": null, "Block_Code": "None", "TOWN_1": null, "EXTENSIO_1": null, "LA Area_1": null, "Set_Ext": null, "Id": "0", "Constituen": "Samora Machel", "Upgrading_": null, "Area_sqm": 42198.0, "Area_Ha": 0.0, "No_Structu": 0.0, "No_HHs": 0.0, "No_Taps": 0.0, "No_Toilets": 0.0, "OBJECTID": null, "layer": "Samora_Machel", "path": "E:/UN-HABITAT 2022/NAMIMBIA_2025/ANALYTICS - NOV 2025/20251103 NamibiaData WalvisBay/Windhoek_Informal_Settlements_merged_polygons/merged_polygons - Copy/Samora_Machel.shp" }, "geometry": { "type": "MultiPolygon", "coordinates": [ [ [ [ 17.011726548334291, -22.503543682676185 ], [ 17.01172667573632, -22.503543574583329 ], [ 17.01173436926252, -22.503550682292413 ], [ 17.011726548334291, -22.503543682676185 ] ] ], [ [ [ 17.009707125102995, -22.502651554188663 ], [ 17.009830221522538, -22.502626677043374 ], [ 17.009940289444007, -22.502614852906969 ], [ 17.010045640256767, -22.502608907651197 ], [ 17.010157196387013, -22.502608907651194 ], [ 17.010250383654341, -22.502625751773277 ], [ 17.010399699118548, -22.50266252135793 ], [ 17.010508626917368, -22.502698462148505 ], [ 17.010609632195088, -22.502744965709894 ], [ 17.010691896459416, -22.502790155344623 ], [ 17.010842019765889, -22.502896651754547 ], [ 17.010970274935492, -22.502988493036423 ], [ 17.011084266296738, -22.503070911106722 ], [ 17.011162974788107, -22.50311995181756 ], [ 17.011249677110559, -22.50317397320552 ], [ 17.011268910926059, -22.503305466116533 ], [ 17.01135738647767, -22.503390758748804 ], [ 17.011518950528298, -22.50341918961454 ], [ 17.01161127284297, -22.503440512759969 ], [ 17.011726548334291, -22.503543682676185 ], [ 17.011538184343863, -22.503703497950266 ], [ 17.011442015266084, -22.503870528824969 ], [ 17.011434321739884, -22.504044667181613 ], [ 17.011442015266084, -22.504265005196295 ], [ 17.011449708792316, -22.50455641945063 ], [ 17.011438168502949, -22.504730556943695 ], [ 17.011415087924313, -22.504961555320595 ], [ 17.011399700871877, -22.505153461371016 ], [ 17.011333, -22.505297 ], [ 17.01121120947942, -22.50530627525773 ], [ 17.011230443294988, -22.505149907557712 ], [ 17.011176588611448, -22.505089492717133 ], [ 17.011099653349174, -22.505029077850164 ], [ 17.011007331034559, -22.504993539680843 ], [ 17.010961169877188, -22.504922463314664 ], [ 17.010857307273206, -22.504918909495437 ], [ 17.010772678484795, -22.504911801856586 ], [ 17.010711130274984, -22.504901140397735 ], [ 17.010626501486577, -22.504894032758035 ], [ 17.010349534542542, -22.504947340046954 ], [ 17.010230284886092, -22.504727003119473 ], [ 17.010122575518977, -22.504620388351118 ], [ 17.009864842390577, -22.504542204135387 ], [ 17.009726358918559, -22.50440360473527 ], [ 17.00954556105237, -22.504236574504446 ], [ 17.009576335157242, -22.503948713420371 ], [ 17.009560948104806, -22.503767467245243 ], [ 17.009568641631006, -22.503540020728636 ], [ 17.00961095602521, -22.503355220158419 ], [ 17.009687891287488, -22.503156203883584 ], [ 17.009749439497263, -22.502964295061663 ], [ 17.009741745970995, -22.502825694080226 ], [ 17.009707125102995, -22.502651554188663 ] ] ] ] } },
{ "type": "Feature", "properties": { "Settlement": "Brendan Simbwaye K", "Town": "WINDHOEK", "Extension": null, "Region": null, "LA ARea": null, "Block_Code": "None", "TOWN_1": null, "EXTENSIO_1": null, "LA Area_1": null, "Set_Ext": null, "Id": "0", "Constituen": "Samora Machel", "Upgrading_": null, "Area_sqm": 44220.0, "Area_Ha": 0.0, "No_Structu": 0.0, "No_HHs": 0.0, "No_Taps": 0.0, "No_Toilets": 0.0, "OBJECTID": null, "layer": "Samora_Machel", "path": "E:/UN-HABITAT 2022/NAMIMBIA_2025/ANALYTICS - NOV 2025/20251103 NamibiaData WalvisBay/Windhoek_Informal_Settlements_merged_polygons/merged_polygons - Copy/Samora_Machel.shp" }, "geometry": { "type": "Polygon", "coordinates": [ [ [ 17.01150893959371, -22.505518450672145 ], [ 17.011515805500022, -22.505476903199963 ], [ 17.011420485271934, -22.505383096346659 ], [ 17.011333, -22.505297 ], [ 17.011399700871877, -22.505153461371016 ], [ 17.011406846264414, -22.505064344657644 ], [ 17.011415087924313, -22.504961555320595 ], [ 17.011438168502949, -22.504730556943695 ], [ 17.011449708792316, -22.50455641945063 ], [ 17.011444051451608, -22.504342131590644 ], [ 17.011436411278289, -22.50410451035216 ], [ 17.011442015266084, -22.503870528824969 ], [ 17.011538184343863, -22.503703497950266 ], [ 17.011645666254122, -22.503612306174983 ], [ 17.011726548334291, -22.503543682676185 ], [ 17.01161127284297, -22.503440512759969 ], [ 17.011518950528298, -22.50341918961454 ], [ 17.01135738647767, -22.503390758748804 ], [ 17.011268910926059, -22.503305466116533 ], [ 17.011249677110559, -22.50317397320552 ], [ 17.011284193450429, -22.503076303916032 ], [ 17.011294280090638, -22.502942837116152 ], [ 17.011291991504763, -22.502843463444531 ], [ 17.011350104206663, -22.502666628441439 ], [ 17.011418934687448, -22.502512952893809 ], [ 17.011503563475859, -22.502381459229241 ], [ 17.011576651975002, -22.502281950427019 ], [ 17.011665127526545, -22.502253519327525 ], [ 17.01168450340888, -22.502202681360203 ], [ 17.011718313739156, -22.502113970595463 ], [ 17.011760441230322, -22.502008469111903 ], [ 17.011958431880409, -22.501894763994301 ], [ 17.012070804952049, -22.501870045478103 ], [ 17.012274146700797, -22.501860158070404 ], [ 17.012365115377836, -22.501845326957472 ], [ 17.012609976387232, -22.501786706513332 ], [ 17.012616617014444, -22.501845326957476 ], [ 17.012636397964485, -22.501999422405003 ], [ 17.012633689461481, -22.502127039357358 ], [ 17.012631644369918, -22.502223398170379 ], [ 17.012603122802616, -22.502372715145771 ], [ 17.012674426720853, -22.502491290276065 ], [ 17.012593615613483, -22.502662565284869 ], [ 17.012600044372142, -22.502716018832601 ], [ 17.012607876397116, -22.502781140166686 ], [ 17.012574601235247, -22.502873365004469 ], [ 17.012626890775387, -22.502991939705559 ], [ 17.012712455477288, -22.503092947704125 ], [ 17.01280862528785, -22.503273713571691 ], [ 17.012857416453706, -22.503323486723374 ], [ 17.0128550633139, -22.503448670937651 ], [ 17.013107003825112, -22.503431104379668 ], [ 17.013078482257843, -22.503584811686149 ], [ 17.013021439123175, -22.503698994146074 ], [ 17.013021439123175, -22.503793132840141 ], [ 17.013011931934106, -22.504010799614164 ], [ 17.012857416453706, -22.504000765351808 ], [ 17.012696883494201, -22.503995821724189 ], [ 17.012621968113073, -22.504084806994062 ], [ 17.012488190646792, -22.504193566690596 ], [ 17.012365115377836, -22.504262777362101 ], [ 17.012274146700797, -22.504262777362094 ], [ 17.012076156050711, -22.50433693161451 ], [ 17.011931676387146, -22.504346818845146 ], [ 17.011878165400621, -22.504420973052515 ], [ 17.011878165400621, -22.504574224955011 ], [ 17.011942378584465, -22.504727476687663 ], [ 17.012033347261536, -22.504865897461556 ], [ 17.012135018135858, -22.504944994984427 ], [ 17.012349062081928, -22.504994430913186 ], [ 17.0124132752657, -22.505048810414465 ], [ 17.012407924167075, -22.505182287281574 ], [ 17.012421282629802, -22.505301185805465 ], [ 17.012345781500017, -22.505312534000016 ], [ 17.01216712472775, -22.505384974129587 ], [ 17.01197983627501, -22.505469014930647 ], [ 17.011846058808732, -22.505464071355558 ], [ 17.011755090131661, -22.505478902080352 ], [ 17.011658770355933, -22.505483845654968 ], [ 17.01150893959371, -22.505518450672145 ] ] ] } },
{ "type": "Feature", "properties": { "Settlement": "Brendan Simbwaye L", "Town": "WINDHOEK", "Extension": null, "Region": null, "LA ARea": null, "Block_Code": "None", "TOWN_1": null, "EXTENSIO_1": null, "LA Area_1": null, "Set_Ext": null, "Id": "0", "Constituen": "Samora Machel", "Upgrading_": null, "Area_sqm": 479218.0, "Area_Ha": 0.0, "No_Structu": 0.0, "No_HHs": 0.0, "No_Taps": 0.0, "No_Toilets": 0.0, "OBJECTID": null, "layer": "Samora_Machel", "path": "E:/UN-HABITAT 2022/NAMIMBIA_2025/ANALYTICS - NOV 2025/20251103 NamibiaData WalvisBay/Windhoek_Informal_Settlements_merged_polygons/merged_polygons - Copy/Samora_Machel.shp" }, "geometry": { "type": "Polygon", "coordinates": [ [ [ 17.004446958562035, -22.496274095661882 ], [ 17.004865324334776, -22.496040566932084 ], [ 17.005240110339621, -22.495823143277661 ], [ 17.00564976015886, -22.495565455541058 ], [ 17.006181433328493, -22.495251397963113 ], [ 17.007080042739851, -22.494661922589266 ], [ 17.007537093717712, -22.494369144018979 ], [ 17.008146495021585, -22.494211493762865 ], [ 17.008877776586203, -22.494053843327261 ], [ 17.009688280320308, -22.493699129190269 ], [ 17.010840105163826, -22.493197573573269 ], [ 17.011203958802106, -22.493617219749154 ], [ 17.010780245025135, -22.493769557329816 ], [ 17.01046352430323, -22.49389250416872 ], [ 17.010252614243718, -22.494044065044275 ], [ 17.009938134854888, -22.494301579645491 ], [ 17.009652692296797, -22.494429461951459 ], [ 17.00941122255939, -22.494699533464019 ], [ 17.009232411962891, -22.494940161547831 ], [ 17.00913288305394, -22.495087421116313 ], [ 17.009042478523497, -22.49514882695231 ], [ 17.008899279076161, -22.495267763412727 ], [ 17.008820133621231, -22.495354428117103 ], [ 17.008809656612954, -22.495482542687792 ], [ 17.008798971802264, -22.495613198177018 ], [ 17.008499887803932, -22.495687506039179 ], [ 17.008257771792536, -22.496150205706126 ], [ 17.008044275992251, -22.496441420391967 ], [ 17.007840326559737, -22.496681166592492 ], [ 17.007620472811716, -22.496758024017556 ], [ 17.007281145170079, -22.496747044387959 ], [ 17.007139171363345, -22.496747044387959 ], [ 17.0069490275812, -22.496774493460162 ], [ 17.006735115826356, -22.496730574942042 ], [ 17.006574131973782, -22.496694878969077 ], [ 17.006438016166793, -22.496664697138733 ], [ 17.0064019238655, -22.49674851208761 ], [ 17.006312175122307, -22.496956929896964 ], [ 17.006218162418801, -22.497175249293875 ], [ 17.006134974514147, -22.497576003966731 ], [ 17.006172261278444, -22.497782698304359 ], [ 17.006240582299224, -22.498011272959495 ], [ 17.006289466337041, -22.498141450366163 ], [ 17.006099864172953, -22.498535810616975 ], [ 17.005986424684398, -22.498816689154943 ], [ 17.00601209000552, -22.498930506073059 ], [ 17.006045844616217, -22.499080196080822 ], [ 17.006165949576193, -22.499258529763853 ], [ 17.006194394446034, -22.499464476114692 ], [ 17.006132950431518, -22.499646728221887 ], [ 17.006081496575437, -22.499799347845123 ], [ 17.00616468448009, -22.49996952824991 ], [ 17.006170626473232, -22.500183625881107 ], [ 17.006182510459649, -22.500458109538958 ], [ 17.006241930391568, -22.500639268454773 ], [ 17.006372654241694, -22.501067461312545 ], [ 17.006360770255377, -22.501237640157154 ], [ 17.006325118296228, -22.501413308422268 ], [ 17.006075554582225, -22.501495652844742 ], [ 17.005831932861437, -22.501583486841348 ], [ 17.005588311140581, -22.501649362302214 ], [ 17.005641789079291, -22.501819540430876 ], [ 17.005748744956716, -22.501863457333346 ], [ 17.005802222895426, -22.502050104013101 ], [ 17.00575468694996, -22.502258708827721 ], [ 17.005564543167882, -22.502324583966939 ], [ 17.00543381931762, -22.502439865385117 ], [ 17.005463529283567, -22.502604552958694 ], [ 17.005564543167882, -22.502741792453584 ], [ 17.005547147789741, -22.502963158759201 ], [ 17.005423582364575, -22.503116512032758 ], [ 17.005269009236144, -22.503260008411488 ], [ 17.005150980441822, -22.503386267300108 ], [ 17.005008372605214, -22.50363219898825 ], [ 17.005084430118053, -22.503834213976326 ], [ 17.00516999481999, -22.504018662185949 ], [ 17.00547422487131, -22.503842997229984 ], [ 17.005588623408947, -22.503786850717788 ], [ 17.005778454922726, -22.503693681841948 ], [ 17.005930569948333, -22.503500449924019 ], [ 17.006011195007996, -22.50346774876822 ], [ 17.006184792459909, -22.503397338408597 ], [ 17.006320364701722, -22.503342350881269 ], [ 17.006307671705251, -22.503585500016779 ], [ 17.006425395875585, -22.503778301934567 ], [ 17.006516364552656, -22.503906836397022 ], [ 17.00676531875601, -22.503928307826108 ], [ 17.006983301059712, -22.503907852232313 ], [ 17.007270927528594, -22.503972270326301 ], [ 17.007506317803028, -22.503990878096396 ], [ 17.007645446367928, -22.503985934468407 ], [ 17.007913001300452, -22.504055145243811 ], [ 17.008180568885265, -22.504085427138751 ], [ 17.008319684797911, -22.504109525114437 ], [ 17.008464164461472, -22.504163904963679 ], [ 17.008737070492689, -22.50415896134189 ], [ 17.008945763340058, -22.504139186852992 ], [ 17.009218669371208, -22.504163904963676 ], [ 17.009552255137777, -22.504173958057539 ], [ 17.009664110208043, -22.504346096244713 ], [ 17.009787852931371, -22.504465150243369 ], [ 17.009864842390609, -22.50454220413534 ], [ 17.010122575519013, -22.50462038835105 ], [ 17.010230284886131, -22.504727003119438 ], [ 17.010349534542542, -22.504947340046954 ], [ 17.010496868036487, -22.504918983058577 ], [ 17.010626501486577, -22.504894032758035 ], [ 17.010772678484795, -22.504911801856565 ], [ 17.010961169877188, -22.504922463314621 ], [ 17.011176588611448, -22.505089492717133 ], [ 17.011230443295023, -22.505149907557694 ], [ 17.01121120947942, -22.50530627525773 ], [ 17.011333, -22.505297 ], [ 17.011231394567009, -22.50547699208273 ], [ 17.011110177905952, -22.505569215122801 ], [ 17.011038873987648, -22.505727311619793 ], [ 17.010775049490015, -22.505911757304492 ], [ 17.010660963220811, -22.505990805379763 ], [ 17.010447051465963, -22.506023742064478 ], [ 17.010240270102901, -22.505977630703704 ], [ 17.010033488739872, -22.505911757304478 ], [ 17.00984096816051, -22.50600398005459 ], [ 17.009534361311875, -22.506102790075726 ], [ 17.009249145638695, -22.506148901394745 ], [ 17.008918231884788, -22.506146272988392 ], [ 17.008796219408666, -22.50615441553585 ], [ 17.008621900336646, -22.505961164213314 ], [ 17.008430149357423, -22.505912851340483 ], [ 17.008273262192599, -22.50586453845073 ], [ 17.008081511213444, -22.505840381999537 ], [ 17.00785489641979, -22.505832329848179 ], [ 17.007584701858207, -22.505864538450727 ], [ 17.007384234925386, -22.50586453845073 ], [ 17.007087892502938, -22.50585648630074 ], [ 17.006843845802123, -22.505751808309004 ], [ 17.006547503379672, -22.505655182400137 ], [ 17.006320888586089, -22.505590765090123 ], [ 17.005911238766881, -22.505695443203727 ], [ 17.005466725133271, -22.505759860465094 ], [ 17.005213962478823, -22.505808173391362 ], [ 17.004804312659648, -22.505832329848175 ], [ 17.004394662840408, -22.505904799193328 ], [ 17.003993728974798, -22.505945059924212 ], [ 17.003557931294758, -22.505832329848175 ], [ 17.002546880677084, -22.505469982552878 ], [ 17.002468925435299, -22.505042525738713 ], [ 17.002963299268792, -22.50487564527133 ], [ 17.003067878348936, -22.504102722585603 ], [ 17.003029849592529, -22.503364928719368 ], [ 17.003001328025164, -22.502583214257399 ], [ 17.002915763323223, -22.502152830251916 ], [ 17.002887241755953, -22.501669744568947 ], [ 17.002934777701427, -22.501230574302024 ], [ 17.003191471807305, -22.500870453642634 ], [ 17.003248514941877, -22.500317095680241 ], [ 17.003229500563705, -22.499886704623417 ], [ 17.003191471807305, -22.49942117809524 ], [ 17.003191471807305, -22.499008351372755 ], [ 17.003495701858689, -22.498604307004626 ], [ 17.003733381586237, -22.498244179507822 ], [ 17.003866482233711, -22.497804998364959 ], [ 17.004180219474165, -22.497453652446818 ], [ 17.004436913579976, -22.497146224036442 ], [ 17.004446420769145, -22.496707039407962 ], [ 17.004446958562035, -22.496274095661882 ] ] ] } },
{ "type": "Feature", "properties": { "Settlement": "Brendan Simbwaye M", "Town": "WINDHOEK", "Extension": null, "Region": null, "LA ARea": null, "Block_Code": "None", "TOWN_1": null, "EXTENSIO_1": null, "LA Area_1": null, "Set_Ext": null, "Id": "0", "Constituen": "Samora Machel", "Upgrading_": null, "Area_sqm": 73467.0, "Area_Ha": 0.0, "No_Structu": 0.0, "No_HHs": 0.0, "No_Taps": 0.0, "No_Toilets": 0.0, "OBJECTID": null, "layer": "Samora_Machel", "path": "E:/UN-HABITAT 2022/NAMIMBIA_2025/ANALYTICS - NOV 2025/20251103 NamibiaData WalvisBay/Windhoek_Informal_Settlements_merged_polygons/merged_polygons - Copy/Samora_Machel.shp" }, "geometry": { "type": "Polygon", "coordinates": [ [ [ 17.009730205681691, -22.502235749887365 ], [ 17.009691738050556, -22.502321043179265 ], [ 17.009699203150394, -22.502472771314025 ], [ 17.009707125102995, -22.502651554188663 ], [ 17.009741745970995, -22.502825694080226 ], [ 17.009749439497263, -22.502964295061663 ], [ 17.009687891287488, -22.503156203883584 ], [ 17.00961095602521, -22.503355220158419 ], [ 17.009568641631006, -22.503540020728636 ], [ 17.009565092743138, -22.503644937839088 ], [ 17.009562612965773, -22.503718248387088 ], [ 17.009571555565401, -22.50389241398565 ], [ 17.009552255137741, -22.504173958057521 ], [ 17.009218669371208, -22.504163904963676 ], [ 17.008945763340027, -22.504139186853017 ], [ 17.008737070492689, -22.504158961341922 ], [ 17.008464164461472, -22.504163904963679 ], [ 17.008319684797911, -22.504109525114437 ], [ 17.008062832062674, -22.504065032494587 ], [ 17.007913001300452, -22.504055145243811 ], [ 17.007645446367928, -22.503985934468417 ], [ 17.007506317803028, -22.503990878096428 ], [ 17.007324380448917, -22.503980990840287 ], [ 17.00706752771368, -22.503911780027867 ], [ 17.006853483767614, -22.50392661091912 ], [ 17.006596631032373, -22.503931554549204 ], [ 17.006516364552656, -22.503906836397022 ], [ 17.006425395875549, -22.503778301934567 ], [ 17.006307671705251, -22.503585500016818 ], [ 17.006291618409307, -22.50335314863052 ], [ 17.00650031125668, -22.5032295573086 ], [ 17.006623386525639, -22.503234500963611 ], [ 17.006821377175729, -22.503155402462436 ], [ 17.007030070023131, -22.503036754625889 ], [ 17.007324380448917, -22.50288350101965 ], [ 17.007292273856958, -22.502774740292868 ], [ 17.007244113969129, -22.502591824332185 ], [ 17.007201305179954, -22.502438570232908 ], [ 17.007190602982604, -22.502310034405848 ], [ 17.007174549686695, -22.502171611073859 ], [ 17.007212007377241, -22.502057906090378 ], [ 17.007244113969129, -22.501924426207903 ], [ 17.007292273856955, -22.501825552137799 ], [ 17.007276220561014, -22.50172667799707 ], [ 17.007313678251563, -22.50164757863358 ], [ 17.007436753520523, -22.501672297189522 ], [ 17.007613339776043, -22.501687128320938 ], [ 17.007741766143628, -22.501701959450827 ], [ 17.007838085919325, -22.501701959450823 ], [ 17.008036076569411, -22.501687128320945 ], [ 17.008271524910079, -22.501672297189522 ], [ 17.008474866658798, -22.501672297189522 ], [ 17.008715666098052, -22.501692072031069 ], [ 17.008935061142708, -22.501697015741016 ], [ 17.009191913877949, -22.501682184610669 ], [ 17.009336393541574, -22.501736565414308 ], [ 17.009448766613186, -22.501855214366238 ], [ 17.009609299572723, -22.5020084691119 ], [ 17.009727023743025, -22.502122174135977 ], [ 17.009730205681691, -22.502235749887365 ] ] ] } },
{ "type": "Feature", "properties": { "Settlement": "Brendan Simbwaye N", "Town": "WINDHOEK", "Extension": null, "Region": null, "LA ARea": null, "Block_Code": "None", "TOWN_1": null, "EXTENSIO_1": null, "LA Area_1": null, "Set_Ext": null, "Id": "0", "Constituen": "Samora Machel", "Upgrading_": null, "Area_sqm": 56231.0, "Area_Ha": 0.0, "No_Structu": 0.0, "No_HHs": 0.0, "No_Taps": 0.0, "No_Toilets": 0.0, "OBJECTID": null, "layer": "Samora_Machel", "path": "E:/UN-HABITAT 2022/NAMIMBIA_2025/ANALYTICS - NOV 2025/20251103 NamibiaData WalvisBay/Windhoek_Informal_Settlements_merged_polygons/merged_polygons - Copy/Samora_Machel.shp" }, "geometry": { "type": "Polygon", "coordinates": [ [ [ 17.009732374841683, -22.502102399355952 ], [ 17.009656482211611, -22.502054040929448 ], [ 17.009609299572723, -22.5020084691119 ], [ 17.009448766613186, -22.501855214366238 ], [ 17.009336393541574, -22.501736565414308 ], [ 17.009191913877949, -22.501682184610669 ], [ 17.009058990088935, -22.501689859865085 ], [ 17.008870755698645, -22.501695566722592 ], [ 17.008715666098052, -22.501692072031069 ], [ 17.008474866658798, -22.501672297189522 ], [ 17.008271524910079, -22.501672297189522 ], [ 17.008036076569411, -22.501687128320945 ], [ 17.007838085919325, -22.501701959450823 ], [ 17.007741766143628, -22.501701959450827 ], [ 17.007613339776043, -22.501687128320938 ], [ 17.007436753520523, -22.501672297189522 ], [ 17.007313678251563, -22.50164757863358 ], [ 17.007308327152938, -22.501662409767633 ], [ 17.007223419131595, -22.501652352864685 ], [ 17.007099634305568, -22.501637691209936 ], [ 17.007185251883978, -22.501400392831037 ], [ 17.007163847489373, -22.501247137411603 ], [ 17.007115687601541, -22.501143319127856 ], [ 17.007062176615019, -22.500985119688369 ], [ 17.007008665628529, -22.500683551505649 ], [ 17.007040772220417, -22.500574789048944 ], [ 17.007083581009656, -22.50046108275275 ], [ 17.007147794193429, -22.500332545087961 ], [ 17.007206656278615, -22.50021389482988 ], [ 17.00724946506779, -22.50013973836689 ], [ 17.007313678251631, -22.500011200403485 ], [ 17.007468860112478, -22.499937043831785 ], [ 17.007693606255827, -22.499818393234452 ], [ 17.008014672174845, -22.499818393234449 ], [ 17.008250120515473, -22.499823337011385 ], [ 17.008565835335862, -22.499783786791028 ], [ 17.008908305649513, -22.499798618124998 ], [ 17.008967167734664, -22.499937043831792 ], [ 17.009042083115791, -22.5000705256322 ], [ 17.009234722667188, -22.500184232249467 ], [ 17.009561139684859, -22.500288051253083 ], [ 17.009796588025527, -22.500342432604931 ], [ 17.009925014393112, -22.50043142022535 ], [ 17.010074845155334, -22.500569845298866 ], [ 17.010149760536461, -22.500723101468743 ], [ 17.010090898451313, -22.500841751290029 ], [ 17.009951769886374, -22.501029613298961 ], [ 17.009834045716076, -22.501192756415524 ], [ 17.009791236926834, -22.501336124450063 ], [ 17.009791236926834, -22.50147454861817 ], [ 17.009866152307961, -22.50160308522171 ], [ 17.009903609998506, -22.501711846869838 ], [ 17.009908961097203, -22.501805777315333 ], [ 17.009855450110678, -22.501894763994297 ], [ 17.009801939124152, -22.501998581714105 ], [ 17.009732374841683, -22.502102399355952 ] ] ] } },
{ "type": "Feature", "properties": { "Settlement": "Brendan Simbwaye O", "Town": "WINDHOEK", "Extension": null, "Region": null, "LA ARea": null, "Block_Code": "None", "TOWN_1": null, "EXTENSIO_1": null, "LA Area_1": null, "Set_Ext": null, "Id": "0", "Constituen": "Samora Machel", "Upgrading_": null, "Area_sqm": 158733.0, "Area_Ha": 0.0, "No_Structu": 0.0, "No_HHs": 0.0, "No_Taps": 0.0, "No_Toilets": 0.0, "OBJECTID": null, "layer": "Samora_Machel", "path": "E:/UN-HABITAT 2022/NAMIMBIA_2025/ANALYTICS - NOV 2025/20251103 NamibiaData WalvisBay/Windhoek_Informal_Settlements_merged_polygons/merged_polygons - Copy/Samora_Machel.shp" }, "geometry": { "type": "Polygon", "coordinates": [ [ [ 17.006320364701654, -22.503342350881269 ], [ 17.005930569948333, -22.503500449924047 ], [ 17.005778454922691, -22.503693681841948 ], [ 17.00547422487131, -22.503842997229984 ], [ 17.005169994819962, -22.504018662185992 ], [ 17.005084430118053, -22.503834213976326 ], [ 17.005008372605182, -22.50363219898825 ], [ 17.00515098044179, -22.50338626730014 ], [ 17.005331617034766, -22.503193034952702 ], [ 17.005511065229136, -22.503043718862966 ], [ 17.005582369147373, -22.502884521383812 ], [ 17.005564543167846, -22.502741792453616 ], [ 17.005463529283567, -22.502604552958726 ], [ 17.00543381931762, -22.502439865385149 ], [ 17.005564543167846, -22.502324583966939 ], [ 17.005754686949924, -22.502258708827721 ], [ 17.005802222895426, -22.502050104013101 ], [ 17.005748744956716, -22.501863457333346 ], [ 17.005641789079291, -22.501819540430876 ], [ 17.005588311140581, -22.501649362302214 ], [ 17.005831932861405, -22.501583486841348 ], [ 17.006075554582193, -22.501495652844763 ], [ 17.006325118296228, -22.501413308422268 ], [ 17.006360770255345, -22.501237640157154 ], [ 17.006372654241694, -22.501067461312577 ], [ 17.00631323430984, -22.500809447826207 ], [ 17.006241930391536, -22.500639268454773 ], [ 17.006182510459613, -22.500458109538979 ], [ 17.006170626473232, -22.500183625881153 ], [ 17.00616468448009, -22.499969528249949 ], [ 17.006081496575401, -22.499799347845148 ], [ 17.006194394446002, -22.499464476114724 ], [ 17.006212220425592, -22.499327233368039 ], [ 17.006045844616217, -22.499080196080865 ], [ 17.005986424684362, -22.498816689154946 ], [ 17.006134974514111, -22.498448876564908 ], [ 17.006289466337041, -22.498141450366163 ], [ 17.006188452452825, -22.497872451881825 ], [ 17.006134974514111, -22.497576003966753 ], [ 17.006218162418801, -22.49717524929391 ], [ 17.006438016166793, -22.496664697138765 ], [ 17.006735115826356, -22.496730574942042 ], [ 17.0069490275812, -22.496774493460162 ], [ 17.007139171363313, -22.496747044387991 ], [ 17.007376851090893, -22.496747044387988 ], [ 17.007620472811681, -22.496758024017559 ], [ 17.007840326559737, -22.496681166592492 ], [ 17.007994818382727, -22.496500002493232 ], [ 17.008226556117133, -22.496225510981663 ], [ 17.008333511994557, -22.495967488464224 ], [ 17.0084998878039, -22.495687506039211 ], [ 17.008666263613211, -22.495605158159293 ], [ 17.009028725197837, -22.495627117598758 ], [ 17.009349592830105, -22.495660056751344 ], [ 17.009646692489607, -22.495758874162114 ], [ 17.009700170428317, -22.495967488464231 ], [ 17.009860604244523, -22.496198061800527 ], [ 17.009673512756567, -22.496342874336595 ], [ 17.009593948167183, -22.496391236195873 ], [ 17.009470171007855, -22.496466471811825 ], [ 17.009329505188084, -22.496590903066757 ], [ 17.00917049129767, -22.496757519206675 ], [ 17.009020678721189, -22.496970748366412 ], [ 17.008906201825464, -22.497149038121176 ], [ 17.008789074750116, -22.497370101818682 ], [ 17.008688910604857, -22.497613451114848 ], [ 17.0086340011663, -22.497859856577648 ], [ 17.008610984037592, -22.498037266329831 ], [ 17.008605707583524, -22.498190824872577 ], [ 17.008603293026447, -22.498261094710177 ], [ 17.008475731584301, -22.498426324938187 ], [ 17.00835398843595, -22.498539997577947 ], [ 17.008238617779124, -22.498658173079424 ], [ 17.008148449641155, -22.498750533278379 ], [ 17.008159151838402, -22.498864240980676 ], [ 17.008209838860722, -22.498975460017434 ], [ 17.00834108919258, -22.499200419727728 ], [ 17.008480217757452, -22.499338846033211 ], [ 17.008562882807194, -22.499357939259966 ], [ 17.008651452914275, -22.499378396380724 ], [ 17.008854794662987, -22.499536597657801 ], [ 17.008876199057624, -22.49967996740893 ], [ 17.008908305649513, -22.499798618124998 ], [ 17.008749280899522, -22.499791731253307 ], [ 17.008565835335862, -22.499783786791028 ], [ 17.008393810870576, -22.499805336637639 ], [ 17.008149312328765, -22.499821220312704 ], [ 17.007935398450776, -22.499818393234442 ], [ 17.007693606255827, -22.499818393234452 ], [ 17.007468860112478, -22.499937043831785 ], [ 17.007313678251631, -22.500011200403485 ], [ 17.00724946506779, -22.50013973836689 ], [ 17.007147794193429, -22.500332545087961 ], [ 17.007083581009656, -22.50046108275275 ], [ 17.007040772220417, -22.500574789048944 ], [ 17.007024722982955, -22.500774044901473 ], [ 17.007062176615019, -22.500985119688369 ], [ 17.007115687601541, -22.501143319127856 ], [ 17.007174229437695, -22.501321472160335 ], [ 17.007155058693201, -22.501484076571444 ], [ 17.007099634305568, -22.501637691209936 ], [ 17.007313678251563, -22.50164757863358 ], [ 17.007276220561014, -22.50172667799707 ], [ 17.007292273856955, -22.501825552137799 ], [ 17.007212007377241, -22.502057906090378 ], [ 17.007174549686695, -22.502171611073859 ], [ 17.007201305179954, -22.502438570232908 ], [ 17.007261331682866, -22.502657218919424 ], [ 17.007324380448917, -22.50288350101965 ], [ 17.007030070023131, -22.503036754625889 ], [ 17.006821377175729, -22.503155402462436 ], [ 17.006623386525639, -22.503234500963611 ], [ 17.00650031125668, -22.5032295573086 ], [ 17.006320364701654, -22.503342350881269 ] ] ] } },
{ "type": "Feature", "properties": { "Settlement": "Brendan Simbwaye P", "Town": "WINDHOEK", "Extension": null, "Region": null, "LA ARea": null, "Block_Code": "None", "TOWN_1": null, "EXTENSIO_1": null, "LA Area_1": null, "Set_Ext": null, "Id": "0", "Constituen": "Samora Machel", "Upgrading_": null, "Area_sqm": 53905.0, "Area_Ha": 0.0, "No_Structu": 0.0, "No_HHs": 0.0, "No_Taps": 0.0, "No_Toilets": 0.0, "OBJECTID": null, "layer": "Samora_Machel", "path": "E:/UN-HABITAT 2022/NAMIMBIA_2025/ANALYTICS - NOV 2025/20251103 NamibiaData WalvisBay/Windhoek_Informal_Settlements_merged_polygons/merged_polygons - Copy/Samora_Machel.shp" }, "geometry": { "type": "Polygon", "coordinates": [ [ [ 17.016256520603282, -22.501868710970669 ], [ 17.016322137066226, -22.502063563688019 ], [ 17.016415874870393, -22.50226274618203 ], [ 17.016645532490696, -22.502678430462883 ], [ 17.016940806573977, -22.503202364078913 ], [ 17.017118908402015, -22.5034838152019 ], [ 17.017306384010382, -22.503812895788553 ], [ 17.017634466325102, -22.504384454946358 ], [ 17.017985983090899, -22.504969001641733 ], [ 17.017404808704796, -22.50509890057182 ], [ 17.016818947428519, -22.505215809504605 ], [ 17.016369005968308, -22.505267768998543 ], [ 17.016279955054323, -22.50495168177515 ], [ 17.016153409018617, -22.50477848299025 ], [ 17.016022176092765, -22.504488374539491 ], [ 17.015890943166873, -22.504211255451054 ], [ 17.01573627578988, -22.503882175812286 ], [ 17.015590982193377, -22.503544435368809 ], [ 17.015464436157707, -22.503189374013257 ], [ 17.015370698353472, -22.502804001510391 ], [ 17.015319142561207, -22.502505228831019 ], [ 17.01521134408636, -22.502028923225001 ], [ 17.015376976191536, -22.502002938377142 ], [ 17.015550264032129, -22.501981150216 ], [ 17.015726902009515, -22.501963972333424 ], [ 17.01601818624172, -22.50191157967021 ], [ 17.016256520603282, -22.501868710970669 ] ] ] } },
{ "type": "Feature", "properties": { "Settlement": "Hadino Hishongwa A", "Town": "WINDHOEK", "Extension": null, "Region": null, "LA ARea": null, "Block_Code": "None", "TOWN_1": null, "EXTENSIO_1": null, "LA Area_1": null, "Set_Ext": null, "Id": "0", "Constituen": "Samora Machel", "Upgrading_": null, "Area_sqm": 112302.0, "Area_Ha": 0.0, "No_Structu": 0.0, "No_HHs": 0.0, "No_Taps": 0.0, "No_Toilets": 0.0, "OBJECTID": null, "layer": "Samora_Machel", "path": "E:/UN-HABITAT 2022/NAMIMBIA_2025/ANALYTICS - NOV 2025/20251103 NamibiaData WalvisBay/Windhoek_Informal_Settlements_merged_polygons/merged_polygons - Copy/Samora_Machel.shp" }, "geometry": { "type": "Polygon", "coordinates": [ [ [ 17.005155784448213, -22.517383231259668 ], [ 17.00502454136635, -22.517399830421358 ], [ 17.004805252074636, -22.517429840994982 ], [ 17.004559161100001, -22.517373338299972 ], [ 17.004349529700004, -22.517264625099966 ], [ 17.004137356684062, -22.517190393735387 ], [ 17.003914591942838, -22.517077580857155 ], [ 17.003828911993036, -22.517027570719911 ], [ 17.003615861800011, -22.516852319199952 ], [ 17.00341695920001, -22.516726506899992 ], [ 17.003481394498543, -22.516492007487606 ], [ 17.003554490929123, -22.516266926498858 ], [ 17.003619465534126, -22.516086861444006 ], [ 17.003700683790317, -22.515891790703126 ], [ 17.003741292918395, -22.515734233365322 ], [ 17.003684440139033, -22.515546664871806 ], [ 17.003611343708485, -22.515359096123785 ], [ 17.003611343708485, -22.515156521590011 ], [ 17.003489516324183, -22.515058985597506 ], [ 17.003343323463024, -22.514946443982144 ], [ 17.00333520163738, -22.514826399491437 ], [ 17.00333520163738, -22.514623824176951 ], [ 17.003351445288665, -22.51443625417663 ], [ 17.003367688939885, -22.514241181106282 ], [ 17.003327079811804, -22.513993587966635 ], [ 17.003383932591099, -22.513843531302541 ], [ 17.003424541719244, -22.513670965937497 ], [ 17.003489516324183, -22.513543417485703 ], [ 17.003570734580411, -22.513400863194466 ], [ 17.003538247277902, -22.513258308756182 ], [ 17.003448907196105, -22.513153268549683 ], [ 17.003375810765526, -22.512988205206796 ], [ 17.003367688939885, -22.51280063298702 ], [ 17.003457029021682, -22.512583048893248 ], [ 17.003489516324183, -22.512440493611596 ], [ 17.003416419893604, -22.512320446944596 ], [ 17.003375810765526, -22.51213287381875 ], [ 17.003465150847322, -22.512012826884614 ], [ 17.003424541719244, -22.511892779846264 ], [ 17.003359567114238, -22.511742720901722 ], [ 17.003318957986163, -22.511637679543632 ], [ 17.003286470683662, -22.511495123287162 ], [ 17.003237739729972, -22.51139758471114 ], [ 17.003124034171247, -22.511345063910934 ], [ 17.00301845043823, -22.511202507352699 ], [ 17.003375810765526, -22.511044944669933 ], [ 17.003854998477056, -22.510902387802215 ], [ 17.004179871501844, -22.510879878809668 ], [ 17.004553475480424, -22.510857369813454 ], [ 17.004780886597775, -22.510827357812783 ], [ 17.004886470330792, -22.510917393795193 ], [ 17.00512781096986, -22.510981701632172 ], [ 17.005134124212201, -22.511395788079128 ], [ 17.00515306393919, -22.511856530696104 ], [ 17.00512149772749, -22.512247285889348 ], [ 17.00512149772749, -22.512614711406759 ], [ 17.005064678546471, -22.513285406261549 ], [ 17.005058365304134, -22.513606172215688 ], [ 17.004957353426672, -22.513874448623891 ], [ 17.004850028306873, -22.514317686766233 ], [ 17.004730076702426, -22.514562633550952 ], [ 17.004584872128593, -22.514749259381261 ], [ 17.004660631036661, -22.514918388822366 ], [ 17.004767956156464, -22.515081686017453 ], [ 17.004868968033922, -22.515338295505565 ], [ 17.004995232880706, -22.515635728634322 ], [ 17.005033112334743, -22.515834017031253 ], [ 17.005058365304134, -22.51604396914146 ], [ 17.005033112334743, -22.516230592971731 ], [ 17.004963666668978, -22.516417216549957 ], [ 17.005014172607691, -22.516627167774267 ], [ 17.005070991788777, -22.516802126884244 ], [ 17.005070991788777, -22.516953757933706 ], [ 17.005146449571811, -22.517090041569055 ], [ 17.005155784448213, -22.517383231259668 ] ] ] } },
{ "type": "Feature", "properties": { "Settlement": "Hadino Hishongwa B", "Town": "WINDHOEK", "Extension": null, "Region": null, "LA ARea": null, "Block_Code": "None", "TOWN_1": null, "EXTENSIO_1": null, "LA Area_1": null, "Set_Ext": null, "Id": "0", "Constituen": "Samora Machel", "Upgrading_": null, "Area_sqm": 131278.0, "Area_Ha": 0.0, "No_Structu": 0.0, "No_HHs": 0.0, "No_Taps": 0.0, "No_Toilets": 0.0, "OBJECTID": null, "layer": "Samora_Machel", "path": "E:/UN-HABITAT 2022/NAMIMBIA_2025/ANALYTICS - NOV 2025/20251103 NamibiaData WalvisBay/Windhoek_Informal_Settlements_merged_polygons/merged_polygons - Copy/Samora_Machel.shp" }, "geometry": { "type": "Polygon", "coordinates": [ [ [ 17.000723630889581, -22.516079855756615 ], [ 17.000760582915838, -22.515899293429033 ], [ 17.000801192043983, -22.515711725159552 ], [ 17.000825557520844, -22.515494145648066 ], [ 17.000825557520844, -22.5152390519915 ], [ 17.000801192043983, -22.514938941204569 ], [ 17.000776826567126, -22.51470635489644 ], [ 17.00080931386956, -22.514496276604405 ], [ 17.00080931386956, -22.514331214865276 ], [ 17.000906775777032, -22.514166152928933 ], [ 17.001020481335694, -22.513948570984525 ], [ 17.001052968638195, -22.513768502909464 ], [ 17.001036724986978, -22.513565926044599 ], [ 17.001134186894419, -22.513415868916244 ], [ 17.001199161499358, -22.513228297276761 ], [ 17.00128850158119, -22.513048228263411 ], [ 17.001329110709268, -22.512905673461496 ], [ 17.001426572616708, -22.512613060512749 ], [ 17.001467181744786, -22.512447996524838 ], [ 17.001507790872932, -22.512275429417631 ], [ 17.001564643652227, -22.512057844497122 ], [ 17.001564643652227, -22.511832756288001 ], [ 17.00160525278034, -22.511660188412822 ], [ 17.001743323815859, -22.511487620322196 ], [ 17.001913882153914, -22.511352566883637 ], [ 17.001970734933277, -22.51119500437192 ], [ 17.002035709538212, -22.511127477526188 ], [ 17.002263120655567, -22.511089962597616 ], [ 17.002482409947309, -22.511029938690804 ], [ 17.002685455587798, -22.511059950647489 ], [ 17.00301845043823, -22.511202507352699 ], [ 17.003124034171247, -22.511345063910934 ], [ 17.003237739729972, -22.51139758471114 ], [ 17.003286470683662, -22.511495123287162 ], [ 17.003318957986163, -22.511637679543632 ], [ 17.003424541719244, -22.511892779846264 ], [ 17.003465150847322, -22.512012826884614 ], [ 17.003375810765526, -22.51213287381875 ], [ 17.003416419893604, -22.512320446944596 ], [ 17.003489516324183, -22.512440493611596 ], [ 17.003457029021682, -22.512583048893248 ], [ 17.003367688939885, -22.51280063298702 ], [ 17.003375810765526, -22.512988205206796 ], [ 17.003538247277902, -22.513258308756182 ], [ 17.003570734580411, -22.513400863194466 ], [ 17.003489516324183, -22.513543417485703 ], [ 17.003383932591099, -22.513843531302541 ], [ 17.003327079811804, -22.513993587966635 ], [ 17.003350665185113, -22.514137387626821 ], [ 17.003351445288665, -22.51443625417663 ], [ 17.00333520163738, -22.514623824176951 ], [ 17.00333520163738, -22.514826399491437 ], [ 17.003343323463024, -22.514946443982144 ], [ 17.003489516324183, -22.515058985597506 ], [ 17.003611343708485, -22.515156521590011 ], [ 17.003611343708485, -22.515359096123785 ], [ 17.003684440139033, -22.515546664871806 ], [ 17.003741292918395, -22.515734233365322 ], [ 17.003700683790317, -22.515891790703126 ], [ 17.003619465534126, -22.516086861444006 ], [ 17.003554490929123, -22.516266926498858 ], [ 17.00350956009569, -22.516405279076611 ], [ 17.00341695920001, -22.516726506899992 ], [ 17.003179183950621, -22.516555026491083 ], [ 17.003013174238998, -22.516422625897707 ], [ 17.002843385600009, -22.516287211299993 ], [ 17.002675280007011, -22.516189453229995 ], [ 17.002499902548134, -22.516087466294334 ], [ 17.002337202400017, -22.516001136999975 ], [ 17.002260675700015, -22.515971297400007 ], [ 17.001927624454179, -22.51597375115993 ], [ 17.001727582809931, -22.515999721557289 ], [ 17.001313765829572, -22.51605162044137 ], [ 17.001088926075962, -22.516074983234084 ], [ 17.000723630889581, -22.516079855756615 ] ] ] } },
{ "type": "Feature", "properties": { "Settlement": "Hadino Hishongwa C", "Town": "WINDHOEK", "Extension": null, "Region": null, "LA ARea": null, "Block_Code": "None", "TOWN_1": null, "EXTENSIO_1": null, "LA Area_1": null, "Set_Ext": null, "Id": "0", "Constituen": "Samora Machel", "Upgrading_": null, "Area_sqm": 1048110.0, "Area_Ha": 0.0, "No_Structu": 0.0, "No_HHs": 0.0, "No_Taps": 0.0, "No_Toilets": 0.0, "OBJECTID": null, "layer": "Samora_Machel", "path": "E:/UN-HABITAT 2022/NAMIMBIA_2025/ANALYTICS - NOV 2025/20251103 NamibiaData WalvisBay/Windhoek_Informal_Settlements_merged_polygons/merged_polygons - Copy/Samora_Machel.shp" }, "geometry": { "type": "Polygon", "coordinates": [ [ [ 17.000723630889581, -22.516079855756615 ], [ 17.000489182137489, -22.516077270168211 ], [ 17.000086946551878, -22.516063872753818 ], [ 16.999564193472313, -22.515986263037732 ], [ 16.999325329641572, -22.515948921266478 ], [ 16.998957426504997, -22.515891406658881 ], [ 16.998692648894416, -22.515783785036046 ], [ 16.998490682683975, -22.515701693705886 ], [ 16.998331989784777, -22.515494733823811 ], [ 16.998359994414084, -22.515184293419644 ], [ 16.998433148183445, -22.515026611682423 ], [ 16.998584031448157, -22.514701384738416 ], [ 16.998770728976595, -22.514235721198009 ], [ 16.998808894720501, -22.514031230912813 ], [ 16.998864077740812, -22.513735562314618 ], [ 16.998789398729432, -22.513450988349074 ], [ 16.99864033709807, -22.513337028361594 ], [ 16.998518687313215, -22.513244025097094 ], [ 16.998107952750701, -22.513019814557776 ], [ 16.997857479653309, -22.512857844836223 ], [ 16.997580764892867, -22.512668757515829 ], [ 16.997407837019168, -22.512545521833967 ], [ 16.997090451220842, -22.511898756406282 ], [ 16.996938494629454, -22.511490992575542 ], [ 16.996698386411232, -22.51094153802017 ], [ 16.996390335489309, -22.510467238166072 ], [ 16.996072949691015, -22.510208528468922 ], [ 16.995746229016319, -22.509992936684792 ], [ 16.995470787985312, -22.509853235312104 ], [ 16.995270150318863, -22.509751473487469 ], [ 16.99491542501486, -22.509622118029736 ], [ 16.99454202995809, -22.509492762450908 ], [ 16.994261983665435, -22.509389277900777 ], [ 16.993888588608598, -22.509225427204601 ], [ 16.993627212068848, -22.509173684839158 ], [ 16.993469615733076, -22.509177385764154 ], [ 16.993179138000627, -22.508966715183732 ], [ 16.993025740800366, -22.508916430503728 ], [ 16.992765731451353, -22.508831197570611 ], [ 16.99242895779215, -22.50862374159933 ], [ 16.992310994493565, -22.508518279867509 ], [ 16.991937599436724, -22.508380299477555 ], [ 16.991964489358534, -22.507894883203996 ], [ 16.991935995904822, -22.507355260322921 ], [ 16.991665308094138, -22.50674982726667 ], [ 16.991266399741647, -22.506144391559573 ], [ 16.990867491389121, -22.505538953201683 ], [ 16.99049707649041, -22.504894026817844 ], [ 16.990539816671046, -22.504749247012199 ], [ 16.99076776430099, -22.504077993205417 ], [ 16.990952971750428, -22.503630488857564 ], [ 16.991223659561047, -22.503156659146214 ], [ 16.991309139922286, -22.502538045691029 ], [ 16.991394620283561, -22.501879943233092 ], [ 16.993659849856734, -22.503077687369835 ], [ 16.993916290940458, -22.503235630877533 ], [ 16.994115745116719, -22.503485707729144 ], [ 16.994628627284232, -22.503419898075176 ], [ 16.995027535636758, -22.503485707729141 ], [ 16.995640144892405, -22.503814755529135 ], [ 16.995967819610513, -22.504104316945529 ], [ 16.996551935412377, -22.504314906685742 ], [ 16.996665909227431, -22.504486010613551 ], [ 16.997136051214273, -22.504472848780473 ], [ 16.99774866046992, -22.504591305233149 ], [ 16.998489490267477, -22.50477557062451 ], [ 16.999358540606845, -22.504880865023598 ], [ 17.000156357311827, -22.50490718861084 ], [ 17.000697732933123, -22.504841379633305 ], [ 17.00116787492, -22.504933512193062 ], [ 17.001780484175644, -22.505065130029152 ], [ 17.002468925435299, -22.505042525738737 ], [ 17.002546880677084, -22.505469982552878 ], [ 17.002770275407439, -22.506007322189316 ], [ 17.002977209233187, -22.506407624801376 ], [ 17.003209139598106, -22.506908336232737 ], [ 17.003330375814251, -22.507311537409848 ], [ 17.003569281947176, -22.507695747678376 ], [ 17.003798225762615, -22.508046240795743 ], [ 17.003892963954165, -22.508261918816508 ], [ 17.004048141105102, -22.508615189565617 ], [ 17.004082599083606, -22.509016018738169 ], [ 17.004217726516128, -22.50952220450251 ], [ 17.00426235425585, -22.509761325631096 ], [ 17.0043569657491, -22.510027905904224 ], [ 17.004530102462585, -22.510382385840064 ], [ 17.004629829550716, -22.510606127269604 ], [ 17.004780886597775, -22.510827357812783 ], [ 17.004553475480424, -22.510857369813454 ], [ 17.004179871501844, -22.510879878809668 ], [ 17.003854998477056, -22.510902387802215 ], [ 17.003716838483925, -22.510943489989561 ], [ 17.003375810765526, -22.511044944669933 ], [ 17.003200471139333, -22.511122253167304 ], [ 17.00301845043823, -22.511202507352699 ], [ 17.002834741964385, -22.511106253861644 ], [ 17.002678027968791, -22.511040447834532 ], [ 17.002482409947309, -22.511029938690804 ], [ 17.002263120655567, -22.511089962597616 ], [ 17.002035709538212, -22.511127477526188 ], [ 17.00189445799063, -22.511290510571083 ], [ 17.001766237448752, -22.511435283527668 ], [ 17.00160525278034, -22.511660188412822 ], [ 17.001564643652227, -22.511832756288001 ], [ 17.001507790872932, -22.512275429417631 ], [ 17.001426572616708, -22.512613060512749 ], [ 17.00135308236937, -22.512830360612046 ], [ 17.00128850158119, -22.513048228263411 ], [ 17.001199161499358, -22.513228297276761 ], [ 17.001134186894419, -22.513415868916244 ], [ 17.001036724986978, -22.513565926044599 ], [ 17.001052968638195, -22.513768502909464 ], [ 17.001020481335694, -22.513948570984525 ], [ 17.000906775777032, -22.514166152928933 ], [ 17.00080931386956, -22.514331214865276 ], [ 17.00080931386956, -22.514496276604405 ], [ 17.000801192043983, -22.514938941204569 ], [ 17.000797460021253, -22.515120362283358 ], [ 17.000825557520844, -22.515494145648066 ], [ 17.000801192043983, -22.515711725159552 ], [ 17.000723630889581, -22.516079855756615 ] ] ] } },
{ "type": "Feature", "properties": { "Settlement": "Hadino Hishongwa D", "Town": "WINDHOEK", "Extension": null, "Region": null, "LA ARea": null, "Block_Code": "None", "TOWN_1": null, "EXTENSIO_1": null, "LA Area_1": null, "Set_Ext": null, "Id": "0", "Constituen": "Samora Machel", "Upgrading_": null, "Area_sqm": 535460.0, "Area_Ha": 0.0, "No_Structu": 0.0, "No_HHs": 0.0, "No_Taps": 0.0, "No_Toilets": 0.0, "OBJECTID": null, "layer": "Samora_Machel", "path": "E:/UN-HABITAT 2022/NAMIMBIA_2025/ANALYTICS - NOV 2025/20251103 NamibiaData WalvisBay/Windhoek_Informal_Settlements_merged_polygons/merged_polygons - Copy/Samora_Machel.shp" }, "geometry": { "type": "Polygon", "coordinates": [ [ [ 17.000489182137489, -22.516077270168211 ], [ 17.000475967009308, -22.516333633035071 ], [ 17.000445131710308, -22.516435364199644 ], [ 17.000489182137489, -22.516553372256737 ], [ 17.000493587180227, -22.516809734240482 ], [ 17.000497992222932, -22.517017265021899 ], [ 17.000471561966638, -22.517261418483429 ], [ 17.000467156923865, -22.517550332855684 ], [ 17.000396676240388, -22.517680547586625 ], [ 17.000352625813171, -22.517831108216271 ], [ 17.000286550172401, -22.518030499068004 ], [ 17.000246904787922, -22.51817699012269 ], [ 17.000264525400009, -22.518216222500016 ], [ 17.000154554800019, -22.518360894199976 ], [ 17.00010610740005, -22.518470110399985 ], [ 16.999932183000041, -22.518583098400008 ], [ 16.999779967600023, -22.518610004299987 ], [ 16.999457934900004, -22.518644705399986 ], [ 16.999188211084583, -22.5187227601388 ], [ 16.998990224699991, -22.518779905499994 ], [ 16.998835662399987, -22.5187669136 ], [ 16.998729547500023, -22.518859701200004 ], [ 16.998639609699989, -22.519057933199978 ], [ 16.998460880611852, -22.519195532036953 ], [ 16.99829637069999, -22.519294722 ], [ 16.998197247250161, -22.519415009586837 ], [ 16.998084762118047, -22.519557252182416 ], [ 16.99797308070001, -22.519698478299969 ], [ 16.997981965499985, -22.519803084399985 ], [ 16.997769819599984, -22.519768802399998 ], [ 16.997541915600042, -22.519742567099975 ], [ 16.997261792400039, -22.519692778599975 ], [ 16.996875470499997, -22.519607786099979 ], [ 16.996549163, -22.519553219899958 ], [ 16.996320420900012, -22.519538132499946 ], [ 16.996009490405235, -22.519499410167022 ], [ 16.995756164917616, -22.519456801152511 ], [ 16.995511818700013, -22.51940469259997 ], [ 16.995270755100019, -22.519430592699972 ], [ 16.995043055048072, -22.519509323709944 ], [ 16.994688715800024, -22.519631842199953 ], [ 16.994491489600005, -22.519584316799953 ], [ 16.994204241800013, -22.519576270099968 ], [ 16.993976086399989, -22.519565960400001 ], [ 16.9937540498, -22.519485829399997 ], [ 16.993618430600005, -22.519352054200013 ], [ 16.993550788600047, -22.519330428899984 ], [ 16.993412509911138, -22.51923721048961 ], [ 16.99340418910004, -22.5192176923 ], [ 16.993290314337301, -22.519211532653362 ], [ 16.993099995336468, -22.519220083609774 ], [ 16.992861460900006, -22.519243759999977 ], [ 16.992525696651203, -22.518909532249154 ], [ 16.99237633862851, -22.518693954035665 ], [ 16.992198975976475, -22.51832315872181 ], [ 16.992553701280478, -22.518211057617133 ], [ 16.992824412696695, -22.518073086901918 ], [ 16.993011110225098, -22.518038594201592 ], [ 16.993151133371391, -22.518254173437363 ], [ 16.99326315188841, -22.518400767125677 ], [ 16.993328496023356, -22.518478375485913 ], [ 16.993524528428228, -22.518366274507141 ], [ 16.993767235215142, -22.518185188118505 ], [ 16.994037946631359, -22.518107579593622 ], [ 16.994317992923946, -22.518116202765206 ], [ 16.994616708969435, -22.518271419761696 ], [ 16.994887420385655, -22.518323158721806 ], [ 16.995316824700971, -22.518323158721806 ], [ 16.995746229016319, -22.518211057617133 ], [ 16.996110289196686, -22.518150695446163 ], [ 16.996474349377092, -22.518090333248846 ], [ 16.996997102456657, -22.517960985594382 ], [ 16.996857079310363, -22.517754029095386 ], [ 16.996763730546178, -22.517443593765851 ], [ 16.996670381781961, -22.517098664804145 ], [ 16.996577033017775, -22.516883083765894 ], [ 16.996502354006363, -22.516641632603807 ], [ 16.996296986725124, -22.515701693705878 ], [ 16.995755563892754, -22.51540850044811 ], [ 16.995195471307511, -22.515175670065148 ], [ 16.995046113284786, -22.514977332762871 ], [ 16.994738062362895, -22.515167046710086 ], [ 16.994187304654091, -22.515072189769032 ], [ 16.993851249102924, -22.514908345808426 ], [ 16.993664551574522, -22.514520293548035 ], [ 16.9935525330575, -22.513968395123424 ], [ 16.993524528428228, -22.513304389410944 ], [ 16.993403175034771, -22.512804227157744 ], [ 16.993281821641315, -22.512571392388136 ], [ 16.993011110225098, -22.51232131016166 ], [ 16.992787073191021, -22.512028109733876 ], [ 16.992628380291823, -22.511648672963009 ], [ 16.992292324740728, -22.511372718293689 ], [ 16.992002943571674, -22.51101052695434 ], [ 16.991200144199521, -22.510518980047458 ], [ 16.991536199750616, -22.509639365431088 ], [ 16.991797576290434, -22.508906348975877 ], [ 16.991937599436724, -22.508380299477555 ], [ 16.992310994493565, -22.508518279867509 ], [ 16.992600375662587, -22.508776992727451 ], [ 16.993179138000627, -22.508966715183732 ], [ 16.993627212068848, -22.509173684839158 ], [ 16.993888588608598, -22.509225427204601 ], [ 16.994261983665435, -22.509389277900777 ], [ 16.99454202995809, -22.509492762450908 ], [ 16.99491542501486, -22.509622118029736 ], [ 16.995270150318863, -22.509751473487469 ], [ 16.995746229016319, -22.509992936684792 ], [ 16.996072949691015, -22.510208528468922 ], [ 16.996390335489309, -22.510467238166072 ], [ 16.996698386411232, -22.51094153802017 ], [ 16.996894418816037, -22.511372718293682 ], [ 16.997090451220842, -22.511898756406282 ], [ 16.997267813872874, -22.512174710025491 ], [ 16.997407837019168, -22.512545521833967 ], [ 16.997734557693864, -22.512778356647143 ], [ 16.998107952750701, -22.513019814557776 ], [ 16.998518687313215, -22.513244025097094 ], [ 16.998789398729432, -22.513450988349074 ], [ 16.998864077740812, -22.513735562314618 ], [ 16.998770728976595, -22.514235721198009 ], [ 16.998584031448157, -22.514701384738416 ], [ 16.998359994414084, -22.515184293419644 ], [ 16.998331989784777, -22.515494733823811 ], [ 16.998490682683975, -22.515701693705886 ], [ 16.998957426504997, -22.515891406658881 ], [ 16.999564193472313, -22.515986263037732 ], [ 17.000086946551878, -22.516063872753818 ], [ 17.000489182137489, -22.516077270168211 ] ] ] } },
{ "type": "Feature", "properties": { "Settlement": "Hadino Hishongwa E", "Town": "WINDHOEK", "Extension": null, "Region": null, "LA ARea": null, "Block_Code": "None", "TOWN_1": null, "EXTENSIO_1": null, "LA Area_1": null, "Set_Ext": null, "Id": "0", "Constituen": "Samora Machel", "Upgrading_": null, "Area_sqm": 651200.0, "Area_Ha": 0.0, "No_Structu": 0.0, "No_HHs": 0.0, "No_Taps": 0.0, "No_Toilets": 0.0, "OBJECTID": null, "layer": "Samora_Machel", "path": "E:/UN-HABITAT 2022/NAMIMBIA_2025/ANALYTICS - NOV 2025/20251103 NamibiaData WalvisBay/Windhoek_Informal_Settlements_merged_polygons/merged_polygons - Copy/Samora_Machel.shp" }, "geometry": { "type": "Polygon", "coordinates": [ [ [ 16.992198975976475, -22.51832315872181 ], [ 16.99237633862851, -22.518693954035665 ], [ 16.992525696651203, -22.518909532249154 ], [ 16.992740085473152, -22.519122940095055 ], [ 16.992861460900006, -22.519243759999977 ], [ 16.992808511901522, -22.519306679386158 ], [ 16.992557539039726, -22.519350504155312 ], [ 16.992378858876059, -22.519418026983832 ], [ 16.992224544189291, -22.51958308264793 ], [ 16.991948402118183, -22.519830665774524 ], [ 16.991867183862002, -22.519965710929295 ], [ 16.991688503698331, -22.520153273425379 ], [ 16.991639772744612, -22.520303323238934 ], [ 16.991703406540527, -22.520402379567553 ], [ 16.991672260047114, -22.520633432255252 ], [ 16.991477437417931, -22.520876728834544 ], [ 16.991250588317506, -22.521125568755277 ], [ 16.990754355910511, -22.521492279400626 ], [ 16.990357369984835, -22.521858989072804 ], [ 16.990031274403091, -22.522081633756077 ], [ 16.98956339813358, -22.522395955051103 ], [ 16.989208946414248, -22.522317374794319 ], [ 16.988542577181899, -22.521989956577006 ], [ 16.987805317605751, -22.521649440807899 ], [ 16.98720983871727, -22.521243440140324 ], [ 16.986756140516519, -22.520929116223549 ], [ 16.986500935278642, -22.520379047648717 ], [ 16.986415866866015, -22.519514649750093 ], [ 16.98662853789758, -22.518715731732701 ], [ 16.98678449665411, -22.517943003354713 ], [ 16.987124770304643, -22.517248853839835 ], [ 16.987989632499797, -22.516646381623445 ], [ 16.989024631520206, -22.515886738998613 ], [ 16.989776069165146, -22.515192579156285 ], [ 16.989974562127983, -22.513987614170887 ], [ 16.990243945434688, -22.513031493175845 ], [ 16.990513328741361, -22.512350416652993 ], [ 16.990796890116826, -22.511564554957083 ], [ 16.991023739217184, -22.511014449111947 ], [ 16.991200144199521, -22.510518980047458 ], [ 16.991450100436385, -22.510672026212859 ], [ 16.991735198823697, -22.510846589423604 ], [ 16.992002943571674, -22.51101052695434 ], [ 16.992232553832785, -22.511297908717182 ], [ 16.992292324740728, -22.511372718293689 ], [ 16.992628380291823, -22.511648672963009 ], [ 16.992787073191021, -22.512028109733876 ], [ 16.993011110225098, -22.51232131016166 ], [ 16.993167423947895, -22.512465712268156 ], [ 16.993281821641315, -22.512571392388136 ], [ 16.993403175034771, -22.512804227157744 ], [ 16.993482038318884, -22.513129265145807 ], [ 16.993531272471539, -22.513464294809886 ], [ 16.993542898105886, -22.513739945291498 ], [ 16.9935525330575, -22.513968395123424 ], [ 16.993611984561735, -22.514261304038058 ], [ 16.993664551574522, -22.514520293548035 ], [ 16.993851249102924, -22.514908345808426 ], [ 16.994076083967922, -22.515017964119615 ], [ 16.994322090011739, -22.515095403842675 ], [ 16.99462770965965, -22.515148040681019 ], [ 16.994738062362895, -22.515167046710086 ], [ 16.994843321928581, -22.515102222366938 ], [ 16.995046113284786, -22.514977332762871 ], [ 16.995195471307511, -22.515175670065148 ], [ 16.995602745325083, -22.515344973836999 ], [ 16.995927018210224, -22.51550134707982 ], [ 16.996296986725124, -22.515701693705878 ], [ 16.996384811649264, -22.516103657555909 ], [ 16.996449742961701, -22.516400839416235 ], [ 16.996577033017775, -22.516883083765894 ], [ 16.996670381781961, -22.517098664804145 ], [ 16.996763730546178, -22.517443593765851 ], [ 16.996857079310363, -22.517754029095386 ], [ 16.996997102456657, -22.517960985594382 ], [ 16.996784312941109, -22.518013637282991 ], [ 16.996474349377092, -22.518090333248846 ], [ 16.996110289196686, -22.518150695446163 ], [ 16.995746229016319, -22.518211057617133 ], [ 16.995316824700971, -22.518323158721806 ], [ 16.995107023023731, -22.51832315872181 ], [ 16.994887420385655, -22.518323158721806 ], [ 16.994616708969435, -22.518271419761696 ], [ 16.994317992923946, -22.518116202765206 ], [ 16.994037946631359, -22.518107579593622 ], [ 16.993767235215142, -22.518185188118505 ], [ 16.993524528428228, -22.518366274507141 ], [ 16.993328496023356, -22.518478375485913 ], [ 16.99326315188841, -22.518400767125677 ], [ 16.993151133371391, -22.518254173437363 ], [ 16.993011110225098, -22.518038594201592 ], [ 16.992824412696695, -22.518073086901918 ], [ 16.992198975976475, -22.51832315872181 ] ] ] } },
{ "type": "Feature", "properties": { "Settlement": "Kahumba Kandola A", "Town": "WINDHOEK", "Extension": null, "Region": null, "LA ARea": null, "Block_Code": "None", "TOWN_1": null, "EXTENSIO_1": null, "LA Area_1": null, "Set_Ext": null, "Id": "0", "Constituen": "Samora Machel", "Upgrading_": null, "Area_sqm": 79204.0, "Area_Ha": 0.0, "No_Structu": 0.0, "No_HHs": 0.0, "No_Taps": 0.0, "No_Toilets": 0.0, "OBJECTID": null, "layer": "Samora_Machel", "path": "E:/UN-HABITAT 2022/NAMIMBIA_2025/ANALYTICS - NOV 2025/20251103 NamibiaData WalvisBay/Windhoek_Informal_Settlements_merged_polygons/merged_polygons - Copy/Samora_Machel.shp" }, "geometry": { "type": "Polygon", "coordinates": [ [ [ 17.011458, -22.50887 ], [ 17.01156497779008, -22.508957094694242 ], [ 17.011614890532869, -22.50909542574972 ], [ 17.011657672883803, -22.509200820746663 ], [ 17.011707585626624, -22.509339151558255 ], [ 17.011728976802107, -22.509490656574073 ], [ 17.011786019936711, -22.509609225601054 ], [ 17.01177175915311, -22.509760730320945 ], [ 17.011728976802107, -22.509892473420621 ], [ 17.011728976802107, -22.509978106368109 ], [ 17.011835932679528, -22.510083500692211 ], [ 17.011921497381501, -22.510195482073531 ], [ 17.011928627773319, -22.510294289099374 ], [ 17.011885, -22.510434 ], [ 17.011728976802107, -22.51050507718514 ], [ 17.011657672883803, -22.51058412263448 ], [ 17.011500804263594, -22.510682929382572 ], [ 17.011336805251535, -22.510761974730219 ], [ 17.011179936631326, -22.510860781351202 ], [ 17.01108011114572, -22.510972762102913 ], [ 17.010980285660114, -22.511078155668777 ], [ 17.010966024876481, -22.511183549154261 ], [ 17.010823417039873, -22.511196723334276 ], [ 17.010737852337968, -22.511229658778909 ], [ 17.010695069986966, -22.511328465065638 ], [ 17.010580983717723, -22.511348226314507 ], [ 17.010602374893242, -22.511460206671433 ], [ 17.010523940583123, -22.511440445438577 ], [ 17.010238724909971, -22.51147338082508 ], [ 17.010088986681581, -22.511394335884241 ], [ 17.009896466102219, -22.511354813396828 ], [ 17.009803771008428, -22.511223071690637 ], [ 17.009618380820886, -22.511064981477425 ], [ 17.009390208282372, -22.510920065289856 ], [ 17.009219078878463, -22.510834432925797 ], [ 17.009069340650104, -22.510808084495434 ], [ 17.008880277607496, -22.510620691494317 ], [ 17.008728844710088, -22.510583386153293 ], [ 17.008476456547783, -22.510499449099221 ], [ 17.008345214703343, -22.510480796413589 ], [ 17.008254354964908, -22.510284943062818 ], [ 17.008143304173469, -22.509967846573247 ], [ 17.008224068385402, -22.509753339712024 ], [ 17.008294737070873, -22.509557485330667 ], [ 17.008446169968281, -22.509370957090518 ], [ 17.008789417869092, -22.509128470002064 ], [ 17.009152856822872, -22.508904635389165 ], [ 17.009486009197115, -22.508774065030909 ], [ 17.009788874991926, -22.50874608565238 ], [ 17.009899925783365, -22.508913961838569 ], [ 17.010182600525177, -22.509053858504689 ], [ 17.010334033422581, -22.509053858504689 ], [ 17.010525848425953, -22.508988573411436 ], [ 17.010747950008827, -22.50893261473556 ], [ 17.01101043369767, -22.508904635389158 ], [ 17.011458, -22.50887 ] ] ] } },
{ "type": "Feature", "properties": { "Settlement": "Kahumba Kandola B", "Town": "WINDHOEK", "Extension": null, "Region": null, "LA ARea": null, "Block_Code": "None", "TOWN_1": null, "EXTENSIO_1": null, "LA Area_1": null, "Set_Ext": null, "Id": "0", "Constituen": "Samora Machel", "Upgrading_": null, "Area_sqm": 123248.0, "Area_Ha": 0.0, "No_Structu": 0.0, "No_HHs": 0.0, "No_Taps": 0.0, "No_Toilets": 0.0, "OBJECTID": null, "layer": "Samora_Machel", "path": "E:/UN-HABITAT 2022/NAMIMBIA_2025/ANALYTICS - NOV 2025/20251103 NamibiaData WalvisBay/Windhoek_Informal_Settlements_merged_polygons/merged_polygons - Copy/Samora_Machel.shp" }, "geometry": { "type": "Polygon", "coordinates": [ [ [ 17.012396489345267, -22.511440247606384 ], [ 17.012335948432192, -22.511515914721997 ], [ 17.012264007504736, -22.511719905576175 ], [ 17.01226116259846, -22.511900829408038 ], [ 17.012352328323843, -22.512116861258182 ], [ 17.012441932204151, -22.512287001111524 ], [ 17.01248615751798, -22.512436436235884 ], [ 17.012471275178999, -22.512565380446134 ], [ 17.012382244424575, -22.5127397423182 ], [ 17.012378683194338, -22.512838437619934 ], [ 17.012460591488512, -22.512943712530845 ], [ 17.012553183473113, -22.513095045074863 ], [ 17.012548339737918, -22.513195723630751 ], [ 17.012509441954659, -22.513294720368538 ], [ 17.012454374333636, -22.513387999069284 ], [ 17.012449907797926, -22.513493114671146 ], [ 17.012406986837515, -22.513582054738695 ], [ 17.012271928096855, -22.513565419304278 ], [ 17.012091849775988, -22.513552942727149 ], [ 17.011947787119251, -22.51362780217308 ], [ 17.011740697050257, -22.513706820433118 ], [ 17.011601136351509, -22.51376920323812 ], [ 17.011542610897276, -22.513831586014966 ], [ 17.011448069778766, -22.513860697967846 ], [ 17.011243, -22.513869 ], [ 17.011254485583834, -22.51374840897293 ], [ 17.011254485583834, -22.513586213596998 ], [ 17.011285999289949, -22.513461447793723 ], [ 17.011335520828244, -22.513320046413845 ], [ 17.011416556072586, -22.513195280370311 ], [ 17.011457073694839, -22.513112102945374 ], [ 17.011398548240503, -22.513033084345349 ], [ 17.011326516912167, -22.512974860084835 ], [ 17.011257, -22.512945 ], [ 17.011218469919598, -22.512979018961413 ], [ 17.011174661999984, -22.512964624899997 ], [ 17.010931754500028, -22.512953225500016 ], [ 17.010823041199998, -22.512967390900005 ], [ 17.010752633200003, -22.512964205800021 ], [ 17.010622881400028, -22.512900000399991 ], [ 17.010521292699988, -22.512895725699956 ], [ 17.010428337400008, -22.512830682100013 ], [ 17.010234715399999, -22.512753903899949 ], [ 17.010135641299982, -22.512715347099967 ], [ 17.010035896700028, -22.512666396800011 ], [ 17.009933553600021, -22.512664301299999 ], [ 17.009833222300035, -22.512688776499981 ], [ 17.009661728500028, -22.512726662699976 ], [ 17.009545806800038, -22.51275105400002 ], [ 17.009453689700035, -22.512786006599974 ], [ 17.009385209500039, -22.512762201900024 ], [ 17.009306140363275, -22.512770709381986 ], [ 17.009082515928839, -22.512863252040432 ], [ 17.009056, -22.51283 ], [ 17.008946889482434, -22.512756322869841 ], [ 17.0088391285, -22.51262968409997 ], [ 17.008708889707346, -22.512543263959145 ], [ 17.008658079400011, -22.512467829500014 ], [ 17.00866813770001, -22.512418460099973 ], [ 17.008535302938249, -22.512284484841082 ], [ 17.008314706995161, -22.51224289586084 ], [ 17.008076103219985, -22.512180512367085 ], [ 17.007801483780611, -22.512138923355579 ], [ 17.007454833012869, -22.512072380911121 ], [ 17.00726124881794, -22.511997520622934 ], [ 17.007112684203179, -22.511926819202309 ], [ 17.006941609798353, -22.511802051901348 ], [ 17.006788543225611, -22.511777098427622 ], [ 17.0066354766528, -22.511789575165096 ], [ 17.006527429660267, -22.511710555809074 ], [ 17.006428386583774, -22.51163569532488 ], [ 17.006288825885125, -22.511490133156276 ], [ 17.00614476322836, -22.511361206536083 ], [ 17.005996198613634, -22.511182372638025 ], [ 17.005925, -22.511048 ], [ 17.006099743648182, -22.510982743827398 ], [ 17.006351853297382, -22.510949472330942 ], [ 17.006644480568873, -22.510870452494792 ], [ 17.007000135252625, -22.510795591555649 ], [ 17.007459334970925, -22.510724889520397 ], [ 17.007751962242349, -22.510687459016502 ], [ 17.008071601261996, -22.510687459016506 ], [ 17.008197656086583, -22.510650028502461 ], [ 17.008332714827244, -22.510616756925945 ], [ 17.008345214703343, -22.510480796413589 ], [ 17.008521195120647, -22.510514327867316 ], [ 17.008639164275618, -22.510553561022263 ], [ 17.008728844710088, -22.510583386153293 ], [ 17.008835669097781, -22.510609702234117 ], [ 17.008880277607496, -22.510620691494317 ], [ 17.009026585091028, -22.510765706629194 ], [ 17.009069340650104, -22.510808084495434 ], [ 17.009285411161823, -22.510867625300587 ], [ 17.009514101678921, -22.510998752072666 ], [ 17.009654689874122, -22.511095943788213 ], [ 17.009836624626406, -22.51126976448565 ], [ 17.009896466102219, -22.511354813396828 ], [ 17.010032763619375, -22.511382793871174 ], [ 17.01016866612618, -22.511436397673627 ], [ 17.010238724909971, -22.51147338082508 ], [ 17.010416023551372, -22.5114529071991 ], [ 17.010558545381674, -22.511449163989266 ], [ 17.010602374893242, -22.511460206671433 ], [ 17.010580983717723, -22.511348226314507 ], [ 17.010695069986966, -22.511328465065638 ], [ 17.010737852337968, -22.511229658778909 ], [ 17.010823417039873, -22.511196723334276 ], [ 17.010966024876481, -22.511183549154261 ], [ 17.010980285660114, -22.511078155668777 ], [ 17.011035191737832, -22.511020187041893 ], [ 17.011140729374215, -22.510904762697063 ], [ 17.011231682410585, -22.510828188316591 ], [ 17.011371952368862, -22.510745034289862 ], [ 17.011500804263594, -22.510682929382572 ], [ 17.011699418712979, -22.510537844428306 ], [ 17.011828951859705, -22.510459533028097 ], [ 17.011885, -22.510434 ], [ 17.011939821823653, -22.510404423190217 ], [ 17.011974862202958, -22.510541099216269 ], [ 17.012018601618042, -22.510748184270859 ], [ 17.012047716938962, -22.5108252888636 ], [ 17.012087863377545, -22.510931606522057 ], [ 17.012110138490854, -22.51101523559527 ], [ 17.012133417582557, -22.511137099266762 ], [ 17.012161639716137, -22.511257681065867 ], [ 17.012177156997645, -22.511323980109449 ], [ 17.012273616059176, -22.511389326881208 ], [ 17.012396489345267, -22.511440247606384 ] ] ] } },
{ "type": "Feature", "properties": { "Settlement": "Kahumba Kandola C", "Town": "WINDHOEK", "Extension": null, "Region": null, "LA ARea": null, "Block_Code": "None", "TOWN_1": null, "EXTENSIO_1": null, "LA Area_1": null, "Set_Ext": null, "Id": "0", "Constituen": "Samora Machel", "Upgrading_": null, "Area_sqm": 24074.0, "Area_Ha": 0.0, "No_Structu": 0.0, "No_HHs": 0.0, "No_Taps": 0.0, "No_Toilets": 0.0, "OBJECTID": null, "layer": "Samora_Machel", "path": "E:/UN-HABITAT 2022/NAMIMBIA_2025/ANALYTICS - NOV 2025/20251103 NamibiaData WalvisBay/Windhoek_Informal_Settlements_merged_polygons/merged_polygons - Copy/Samora_Machel.shp" }, "geometry": { "type": "Polygon", "coordinates": [ [ [ 17.014440635468052, -22.513604968731602 ], [ 17.014390778245563, -22.51372011252278 ], [ 17.014312431181629, -22.513739851448818 ], [ 17.014230522887516, -22.513703663415622 ], [ 17.014088073680327, -22.513644446613657 ], [ 17.013924257092103, -22.513585229786312 ], [ 17.013771124194367, -22.513526012933646 ], [ 17.013607307606144, -22.513509563803389 ], [ 17.01332953165215, -22.513456926573429 ], [ 17.013094490460368, -22.513400999494635 ], [ 17.013044633237879, -22.513361521543008 ], [ 17.012852326808208, -22.51335165205337 ], [ 17.012859449268518, -22.513266116446768 ], [ 17.012791785895168, -22.513269406278773 ], [ 17.01269207145009, -22.513256246950323 ], [ 17.012645775457806, -22.513315463918566 ], [ 17.012617285616358, -22.513427318122755 ], [ 17.012588795774938, -22.513502984150698 ], [ 17.012449907797926, -22.513493114671146 ], [ 17.012432101647068, -22.51343389777897 ], [ 17.012478397639377, -22.513338492732721 ], [ 17.012546061012799, -22.513243087620587 ], [ 17.012553183473113, -22.513095045074863 ], [ 17.012460591488512, -22.512943712530845 ], [ 17.012378683194338, -22.512838437619934 ], [ 17.012382244424575, -22.5127397423182 ], [ 17.012428540416892, -22.512654206332986 ], [ 17.012471275178999, -22.512565380446134 ], [ 17.012499765020451, -22.51249300375542 ], [ 17.012464152718685, -22.512344960406381 ], [ 17.012403611805645, -22.512187047326009 ], [ 17.012307458590776, -22.512055452954563 ], [ 17.01226116259846, -22.511900829408038 ], [ 17.012254040138078, -22.511765944896464 ], [ 17.012282529979533, -22.511634350124162 ], [ 17.012335948432192, -22.511515914721997 ], [ 17.012396489345267, -22.511440247606384 ], [ 17.012485520099759, -22.511436957730798 ], [ 17.012512, -22.511499 ], [ 17.012524693631693, -22.51159487166802 ], [ 17.012524693631693, -22.511693567787219 ], [ 17.012642214227601, -22.511775814499302 ], [ 17.012738367442473, -22.511874510489324 ], [ 17.012827398196897, -22.511973206408772 ], [ 17.012923551411767, -22.512068612397353 ], [ 17.013041072007638, -22.512160728461737 ], [ 17.013268990739107, -22.512262714032854 ], [ 17.013489787010201, -22.512443655990054 ], [ 17.013610868836313, -22.512552221050655 ], [ 17.013717705741673, -22.512654206332993 ], [ 17.013831665107407, -22.512785800134441 ], [ 17.013885083560101, -22.512871336038216 ], [ 17.01400972661639, -22.512970031246077 ], [ 17.014102318601019, -22.513052277198742 ], [ 17.014173543204649, -22.51315097227744 ], [ 17.014234084117689, -22.51325295711796 ], [ 17.014305308721248, -22.513384550349457 ], [ 17.014372972094666, -22.513516143455686 ], [ 17.014440635468052, -22.513604968731602 ] ] ] } },
{ "type": "Feature", "properties": { "Settlement": "Kahumba Kandola D", "Town": "WINDHOEK", "Extension": null, "Region": null, "LA ARea": null, "Block_Code": "None", "TOWN_1": null, "EXTENSIO_1": null, "LA Area_1": null, "Set_Ext": null, "Id": "0", "Constituen": "Samora Machel", "Upgrading_": null, "Area_sqm": 58360.0, "Area_Ha": 0.0, "No_Structu": 0.0, "No_HHs": 0.0, "No_Taps": 0.0, "No_Toilets": 0.0, "OBJECTID": null, "layer": "Samora_Machel", "path": "E:/UN-HABITAT 2022/NAMIMBIA_2025/ANALYTICS - NOV 2025/20251103 NamibiaData WalvisBay/Windhoek_Informal_Settlements_merged_polygons/merged_polygons - Copy/Samora_Machel.shp" }, "geometry": { "type": "Polygon", "coordinates": [ [ [ 17.014390778245563, -22.51372011252278 ], [ 17.014396852283451, -22.513789997500158 ], [ 17.014360836619282, -22.513927239551393 ], [ 17.014374342493312, -22.514081116840732 ], [ 17.014338326829144, -22.514210040924233 ], [ 17.013757574244281, -22.514284900014314 ], [ 17.013735064454146, -22.514559382997767 ], [ 17.01371705662206, -22.51486297717797 ], [ 17.013730562496125, -22.515357875850416 ], [ 17.013338892148205, -22.515445210726291 ], [ 17.012969731590328, -22.515532545547011 ], [ 17.011970296909354, -22.515815343635449 ], [ 17.011709183344077, -22.515865249120456 ], [ 17.011664163763832, -22.515653150684923 ], [ 17.011569622645364, -22.515320446600978 ], [ 17.011533606981196, -22.515008535794973 ], [ 17.011466077610848, -22.514696624285122 ], [ 17.01143906586276, -22.514497000549383 ], [ 17.011371536492412, -22.514301535362161 ], [ 17.011376038450432, -22.514139340635282 ], [ 17.01134902670227, -22.514031210711632 ], [ 17.011243, -22.513869 ], [ 17.011339836066075, -22.513865079694753 ], [ 17.011448069778766, -22.513860697967846 ], [ 17.011542610897276, -22.513831586014966 ], [ 17.011601136351509, -22.51376920323812 ], [ 17.011697393224697, -22.513726176989426 ], [ 17.011740697050257, -22.513706820433118 ], [ 17.011895701082565, -22.513647676370294 ], [ 17.012016612305395, -22.513592038466541 ], [ 17.012091849775988, -22.513552942727149 ], [ 17.012208917472442, -22.513561053665523 ], [ 17.012357740528184, -22.513575988980065 ], [ 17.012406986837515, -22.513582054738695 ], [ 17.012449907797926, -22.513493114671146 ], [ 17.012588795774938, -22.513502984150698 ], [ 17.012617285616358, -22.513427318122755 ], [ 17.012645775457806, -22.513315463918566 ], [ 17.01269207145009, -22.513256246950323 ], [ 17.012791785895168, -22.513269406278773 ], [ 17.012852326808208, -22.51335165205337 ], [ 17.012920350359849, -22.513355143136579 ], [ 17.013044633237879, -22.513361521543008 ], [ 17.013094490460368, -22.513400999494635 ], [ 17.01324322080907, -22.513436389268172 ], [ 17.013472738385591, -22.513484063574825 ], [ 17.013607307606144, -22.513509563803389 ], [ 17.013715402946019, -22.513520417858977 ], [ 17.013820133521712, -22.513544964958854 ], [ 17.013924257092103, -22.513585229786312 ], [ 17.014088073680327, -22.513644446613657 ], [ 17.014175816555714, -22.513680921740498 ], [ 17.014230522887516, -22.513703663415622 ], [ 17.014312431181629, -22.513739851448818 ], [ 17.014390778245563, -22.51372011252278 ] ] ] } },
{ "type": "Feature", "properties": { "Settlement": "Kahumba Kandola E", "Town": "WINDHOEK", "Extension": null, "Region": null, "LA ARea": null, "Block_Code": "None", "TOWN_1": null, "EXTENSIO_1": null, "LA Area_1": null, "Set_Ext": null, "Id": "0", "Constituen": "Samora Machel", "Upgrading_": null, "Area_sqm": 54653.0, "Area_Ha": 0.0, "No_Structu": 0.0, "No_HHs": 0.0, "No_Taps": 0.0, "No_Toilets": 0.0, "OBJECTID": null, "layer": "Samora_Machel", "path": "E:/UN-HABITAT 2022/NAMIMBIA_2025/ANALYTICS - NOV 2025/20251103 NamibiaData WalvisBay/Windhoek_Informal_Settlements_merged_polygons/merged_polygons - Copy/Samora_Machel.shp" }, "geometry": { "type": "Polygon", "coordinates": [ [ [ 17.00971974697233, -22.515056023751409 ], [ 17.009489453478977, -22.514763505557944 ], [ 17.009349632429402, -22.514550764664786 ], [ 17.009205698996055, -22.514398806683467 ], [ 17.009061765562709, -22.5142544464465 ], [ 17.008917832129296, -22.51419746210097 ], [ 17.008786235847364, -22.514121482936968 ], [ 17.008679313868328, -22.513942931737233 ], [ 17.008568279505457, -22.513878349331591 ], [ 17.008366772698707, -22.513752983399268 ], [ 17.008107692518649, -22.513544039926014 ], [ 17.008145442200068, -22.51351154409997 ], [ 17.008232506226907, -22.513467014796571 ], [ 17.008349007378538, -22.513405791819039 ], [ 17.008520790014224, -22.513301694878571 ], [ 17.008792189900067, -22.513255393099985 ], [ 17.008937783500063, -22.513375841099997 ], [ 17.008999004614569, -22.513411541440863 ], [ 17.00905302811092, -22.513286775479923 ], [ 17.009080039859011, -22.513132897306264 ], [ 17.009073, -22.513057 ], [ 17.009082515928839, -22.512863252040432 ], [ 17.009210791643351, -22.51281016761795 ], [ 17.009306140363275, -22.512770709381986 ], [ 17.009385209500039, -22.512762201900024 ], [ 17.009453689700035, -22.512786006599931 ], [ 17.009661728500028, -22.512726662699976 ], [ 17.009782442643562, -22.512699994680489 ], [ 17.009933553600057, -22.512664301299999 ], [ 17.010035896700028, -22.512666396799979 ], [ 17.010135641300014, -22.512715347099935 ], [ 17.010375413374039, -22.512809695793404 ], [ 17.010521292700023, -22.512895725699931 ], [ 17.010585207437284, -22.512898415136149 ], [ 17.010695625604807, -22.512935996596131 ], [ 17.010774830834052, -22.512965209971139 ], [ 17.010931754500028, -22.512953225500016 ], [ 17.011048968833606, -22.512958726248691 ], [ 17.01117466200002, -22.512964624900007 ], [ 17.011218469919598, -22.512979018961364 ], [ 17.011257, -22.512945 ], [ 17.011457073694874, -22.513112102945374 ], [ 17.011416556072586, -22.513195280370311 ], [ 17.011335520828283, -22.51332004641381 ], [ 17.01127626955774, -22.513499968754413 ], [ 17.011254485583834, -22.513661073024878 ], [ 17.011254485583834, -22.51374840897293 ], [ 17.011243, -22.513869 ], [ 17.011321888939136, -22.513989692548144 ], [ 17.011374521036274, -22.51419400944425 ], [ 17.011371536492412, -22.514301535362129 ], [ 17.011079414182852, -22.51432621544641 ], [ 17.010872216608821, -22.514432551942104 ], [ 17.010722573916489, -22.514524710172218 ], [ 17.010726410908624, -22.514623957428192 ], [ 17.010783965790257, -22.514818907187912 ], [ 17.010569094232096, -22.514864986181816 ], [ 17.010400266579232, -22.514875619793674 ], [ 17.010189232013136, -22.5149287878404 ], [ 17.010193069005204, -22.515024490273039 ], [ 17.009909131589009, -22.515063480133989 ], [ 17.00971974697233, -22.515056023751409 ] ] ] } },
{ "type": "Feature", "properties": { "Settlement": "Kahumba Kandola F", "Town": "WINDHOEK", "Extension": null, "Region": null, "LA ARea": null, "Block_Code": "None", "TOWN_1": null, "EXTENSIO_1": null, "LA Area_1": null, "Set_Ext": null, "Id": "0", "Constituen": "Samora Machel", "Upgrading_": null, "Area_sqm": 26230.0, "Area_Ha": 0.0, "No_Structu": 0.0, "No_HHs": 0.0, "No_Taps": 0.0, "No_Toilets": 0.0, "OBJECTID": null, "layer": "Samora_Machel", "path": "E:/UN-HABITAT 2022/NAMIMBIA_2025/ANALYTICS - NOV 2025/20251103 NamibiaData WalvisBay/Windhoek_Informal_Settlements_merged_polygons/merged_polygons - Copy/Samora_Machel.shp" }, "geometry": { "type": "Polygon", "coordinates": [ [ [ 17.007811600884313, -22.515291557431325 ], [ 17.007766364662423, -22.515211779939548 ], [ 17.007745802743401, -22.5150750184179 ], [ 17.007741690359559, -22.514926859950073 ], [ 17.007766364662423, -22.514805293909202 ], [ 17.007774589430031, -22.514714119308348 ], [ 17.007786926581446, -22.514444394095403 ], [ 17.007770477046261, -22.514106287099189 ], [ 17.007573082623345, -22.513935333808721 ], [ 17.007634768380523, -22.513889746228948 ], [ 17.007758139894811, -22.51381376689584 ], [ 17.007766364662423, -22.513680802962355 ], [ 17.007807488500539, -22.513669406047839 ], [ 17.007951421933885, -22.513616220434269 ], [ 17.008058343912953, -22.513578230697753 ], [ 17.008120029670099, -22.513547838901051 ], [ 17.008231064033005, -22.513654210160343 ], [ 17.008325648860623, -22.513703596788595 ], [ 17.008440795607331, -22.513794772055995 ], [ 17.008576504273069, -22.513885947263258 ], [ 17.008691651019781, -22.513961926556721 ], [ 17.008786235847399, -22.514129080855273 ], [ 17.008884933058855, -22.514178467313876 ], [ 17.009037091259813, -22.514243049579278 ], [ 17.009139900855072, -22.514334224490852 ], [ 17.009296171439868, -22.514489981492304 ], [ 17.009427767721764, -22.514668531985382 ], [ 17.009555251619926, -22.514854680126188 ], [ 17.00966217359899, -22.514987642930489 ], [ 17.00973619650755, -22.515067420551624 ], [ 17.009732084123744, -22.515302954212093 ], [ 17.009542914468508, -22.515299155285273 ], [ 17.009361969580851, -22.515333345622921 ], [ 17.009193361844638, -22.515325747770838 ], [ 17.009127563703657, -22.515272562794625 ], [ 17.00882735968548, -22.515291557431325 ], [ 17.008740999625438, -22.515230774584605 ], [ 17.008621740494956, -22.515169991711172 ], [ 17.008432570839719, -22.51519658422156 ], [ 17.008272187871118, -22.515249769227104 ], [ 17.008078905831979, -22.515276361722144 ], [ 17.007811600884313, -22.515291557431325 ] ] ] } },
{ "type": "Feature", "properties": { "Settlement": "Kahumba Kandola G", "Town": "WINDHOEK", "Extension": null, "Region": null, "LA ARea": null, "Block_Code": "None", "TOWN_1": null, "EXTENSIO_1": null, "LA Area_1": null, "Set_Ext": null, "Id": "0", "Constituen": "Samora Machel", "Upgrading_": null, "Area_sqm": 92710.0, "Area_Ha": 0.0, "No_Structu": 0.0, "No_HHs": 0.0, "No_Taps": 0.0, "No_Toilets": 0.0, "OBJECTID": null, "layer": "Samora_Machel", "path": "E:/UN-HABITAT 2022/NAMIMBIA_2025/ANALYTICS - NOV 2025/20251103 NamibiaData WalvisBay/Windhoek_Informal_Settlements_merged_polygons/merged_polygons - Copy/Samora_Machel.shp" }, "geometry": { "type": "Polygon", "coordinates": [ [ [ 17.005122818757314, -22.511020174251396 ], [ 17.005469469525057, -22.511003538508682 ], [ 17.005901657495198, -22.511011856380247 ], [ 17.005975848348854, -22.511143965741073 ], [ 17.006083274265961, -22.511287189538944 ], [ 17.00618584104387, -22.511397968496428 ], [ 17.00632751471559, -22.51153048572154 ], [ 17.006481830620146, -22.511676090343659 ], [ 17.006572055259138, -22.511743192410922 ], [ 17.0066354766528, -22.511789575165096 ], [ 17.006788543225611, -22.511777098427622 ], [ 17.007021162316029, -22.511860070839415 ], [ 17.00716281667485, -22.511950677087782 ], [ 17.007367617676106, -22.512038654168691 ], [ 17.007515251691622, -22.512083978772001 ], [ 17.007656209926168, -22.512111036857302 ], [ 17.007848199989869, -22.512145998168641 ], [ 17.008076103219985, -22.512180512367085 ], [ 17.008179676447433, -22.512207591823788 ], [ 17.00844110203176, -22.512266725134122 ], [ 17.008535302938249, -22.512284484841082 ], [ 17.00866813770001, -22.512418460099973 ], [ 17.008682562176066, -22.512504177346102 ], [ 17.008747579671869, -22.512568936747154 ], [ 17.0088391285, -22.51262968409997 ], [ 17.008946889482434, -22.512756322869841 ], [ 17.009056, -22.51283 ], [ 17.009075622821129, -22.5130035983839 ], [ 17.009066293666883, -22.513211205437415 ], [ 17.009035330758639, -22.513327647100219 ], [ 17.008999004614569, -22.513411541440863 ], [ 17.008792189900031, -22.513255393099985 ], [ 17.008520790014224, -22.513301694878571 ], [ 17.008349007378538, -22.513405791819054 ], [ 17.008232506226907, -22.513467014796593 ], [ 17.0080917409332, -22.51355053038133 ], [ 17.007975052202038, -22.513612706387104 ], [ 17.007872024600026, -22.513651186599976 ], [ 17.007769970074499, -22.513686026158574 ], [ 17.007759593610263, -22.513772297018779 ], [ 17.007751962242416, -22.513835744865712 ], [ 17.00765291916592, -22.513877333366736 ], [ 17.007562880005437, -22.513948033789756 ], [ 17.007778973990504, -22.514110228741067 ], [ 17.007792495934833, -22.514278947002492 ], [ 17.007781293977658, -22.514468168009735 ], [ 17.007668372545325, -22.514449511722184 ], [ 17.007531366299258, -22.514426300407255 ], [ 17.007441327138839, -22.514343123723041 ], [ 17.007385065982991, -22.514321468246777 ], [ 17.007270252734013, -22.514301535362232 ], [ 17.007153201825435, -22.514301535362225 ], [ 17.006964119588492, -22.514197564405318 ], [ 17.006836540187201, -22.514161191394745 ], [ 17.006689500149118, -22.514122705267933 ], [ 17.00648093073481, -22.514078662026513 ], [ 17.006356355255441, -22.514068640310178 ], [ 17.006176276934536, -22.514018734176506 ], [ 17.006041971491811, -22.513963116816409 ], [ 17.005915163369231, -22.513910604158518 ], [ 17.005811261074825, -22.5139016754562 ], [ 17.005651611457239, -22.513880595953278 ], [ 17.005478473441066, -22.513856539117839 ], [ 17.005374928406553, -22.513856539117832 ], [ 17.005253375539954, -22.513756726679414 ], [ 17.005167420886419, -22.513728707565821 ], [ 17.00508146623288, -22.513700688446626 ], [ 17.005018, -22.51368 ], [ 17.005050787428914, -22.513565419304278 ], [ 17.005086803093146, -22.513411541440853 ], [ 17.005064293303043, -22.513261822274185 ], [ 17.005059791344991, -22.51315785053529 ], [ 17.005068795261064, -22.513033084345427 ], [ 17.005113814841238, -22.51292911243446 ], [ 17.005122818757314, -22.512750280564664 ], [ 17.005118316799294, -22.512471635097199 ], [ 17.005091305051135, -22.512296961532719 ], [ 17.005100308967211, -22.512151400060343 ], [ 17.005154332463459, -22.512009997340449 ], [ 17.005154332463459, -22.511827005370581 ], [ 17.005118316799294, -22.511664807740274 ], [ 17.005118316799294, -22.511485974234908 ], [ 17.005158834421483, -22.511327935130716 ], [ 17.005127320715303, -22.511169895845843 ], [ 17.005122818757314, -22.511020174251396 ] ] ] } },
{ "type": "Feature", "properties": { "Settlement": "Kahumba Kandola H", "Town": "WINDHOEK", "Extension": null, "Region": null, "LA ARea": null, "Block_Code": "None", "TOWN_1": null, "EXTENSIO_1": null, "LA Area_1": null, "Set_Ext": null, "Id": "0", "Constituen": "Samora Machel", "Upgrading_": null, "Area_sqm": 97102.0, "Area_Ha": 0.0, "No_Structu": 0.0, "No_HHs": 0.0, "No_Taps": 0.0, "No_Toilets": 0.0, "OBJECTID": null, "layer": "Samora_Machel", "path": "E:/UN-HABITAT 2022/NAMIMBIA_2025/ANALYTICS - NOV 2025/20251103 NamibiaData WalvisBay/Windhoek_Informal_Settlements_merged_polygons/merged_polygons - Copy/Samora_Machel.shp" }, "geometry": { "type": "Polygon", "coordinates": [ [ [ 17.0076484172079, -22.516726115899527 ], [ 17.00741431539068, -22.516771862293307 ], [ 17.007229735111757, -22.516800973626911 ], [ 17.007054158748943, -22.516834243714989 ], [ 17.006869578470017, -22.51695068896003 ], [ 17.006662488400959, -22.51707545161382 ], [ 17.006563445324463, -22.51719189665565 ], [ 17.006486912038113, -22.517316659091623 ], [ 17.006347351339365, -22.517333294074632 ], [ 17.005897155537141, -22.51739151649916 ], [ 17.005428951902804, -22.517391516499163 ], [ 17.005176842253565, -22.517416468959347 ], [ 17.005190348127627, -22.517304182853099 ], [ 17.005122818757314, -22.517100404131011 ], [ 17.005086803093146, -22.516879990072958 ], [ 17.005064293302976, -22.516697004550153 ], [ 17.005019273722802, -22.5165764003231 ], [ 17.005010269806728, -22.516430843357227 ], [ 17.005010269806728, -22.516272809906464 ], [ 17.005028277638807, -22.516168840432382 ], [ 17.005073297219049, -22.515940107314083 ], [ 17.005032779596831, -22.515732167787171 ], [ 17.00497425414256, -22.515607403920921 ], [ 17.004902222814223, -22.515432734318864 ], [ 17.004798677779711, -22.515253905688148 ], [ 17.004722144493325, -22.515070918012523 ], [ 17.004600591626726, -22.514833865436149 ], [ 17.004600591626726, -22.514734053703478 ], [ 17.004762662115478, -22.514584335969264 ], [ 17.00480768169572, -22.514488682887507 ], [ 17.004897720856203, -22.514297376525455 ], [ 17.004929234562319, -22.514064481466374 ], [ 17.004933736520339, -22.513893968763618 ], [ 17.005018, -22.51368 ], [ 17.005253375539954, -22.513756726679414 ], [ 17.005374928406553, -22.513856539117832 ], [ 17.005478473441066, -22.513856539117839 ], [ 17.00559102239162, -22.513869015667566 ], [ 17.005721579174292, -22.513893968763618 ], [ 17.005915163369231, -22.513910604158518 ], [ 17.006176276934536, -22.514018734176506 ], [ 17.006293327843114, -22.514068640310192 ], [ 17.006401374835683, -22.514068640310178 ], [ 17.006599460988632, -22.514093593370205 ], [ 17.006689500149118, -22.514122705267933 ], [ 17.006959617630436, -22.514193405565386 ], [ 17.006964119588492, -22.514197564405318 ], [ 17.007040652874846, -22.514272423502163 ], [ 17.007153201825435, -22.514301535362225 ], [ 17.00733328014627, -22.514301535362229 ], [ 17.007441327138839, -22.514343123723041 ], [ 17.007531366299258, -22.514426300407255 ], [ 17.007603397627658, -22.514438776905543 ], [ 17.007781293977658, -22.514468168009735 ], [ 17.007774472032484, -22.514717418407692 ], [ 17.0077509553829, -22.514863281077535 ], [ 17.007738456368319, -22.515041806314539 ], [ 17.007751962242416, -22.515145776636377 ], [ 17.007792479864602, -22.515278858534199 ], [ 17.007808026483477, -22.515342687923653 ], [ 17.007832997486759, -22.515445210726345 ], [ 17.007700437754007, -22.515511336531706 ], [ 17.007597669564607, -22.515554057174445 ], [ 17.007549374131408, -22.515574133537505 ], [ 17.007509298345898, -22.515693558291506 ], [ 17.007549374131408, -22.51586940791006 ], [ 17.007562880005437, -22.515977536395738 ], [ 17.007589704879873, -22.516191486167486 ], [ 17.00761082425436, -22.516359477417293 ], [ 17.007625907417765, -22.516576400323093 ], [ 17.0076484172079, -22.516726115899527 ] ] ] } },
{ "type": "Feature", "properties": { "Settlement": "Peter Nanyemba A", "Town": "WINDHOEK", "Extension": null, "Region": null, "LA ARea": null, "Block_Code": "None", "TOWN_1": null, "EXTENSIO_1": null, "LA Area_1": null, "Set_Ext": null, "Id": "0", "Constituen": "Samora Machel", "Upgrading_": null, "Area_sqm": 93403.0, "Area_Ha": 0.0, "No_Structu": 0.0, "No_HHs": 0.0, "No_Taps": 0.0, "No_Toilets": 0.0, "OBJECTID": null, "layer": "Samora_Machel", "path": "E:/UN-HABITAT 2022/NAMIMBIA_2025/ANALYTICS - NOV 2025/20251103 NamibiaData WalvisBay/Windhoek_Informal_Settlements_merged_polygons/merged_polygons - Copy/Samora_Machel.shp" }, "geometry": { "type": "Polygon", "coordinates": [ [ [ 17.017985983090899, -22.504969001641733 ], [ 17.018084597007565, -22.505209786125089 ], [ 17.018220074452291, -22.505483161914412 ], [ 17.018448246990804, -22.505940982808962 ], [ 17.018665723941641, -22.506392214869457 ], [ 17.018883200892347, -22.506843445457491 ], [ 17.019087011258822, -22.507270246757226 ], [ 17.019291415824569, -22.507733551114161 ], [ 17.019025214529652, -22.507801619396009 ], [ 17.01897292498958, -22.507790640643126 ], [ 17.018901621071276, -22.507775270387636 ], [ 17.018761390031987, -22.507748921374198 ], [ 17.018723361275516, -22.50770281058881 ], [ 17.018656810951779, -22.50768744032354 ], [ 17.018552707231102, -22.507690733951961 ], [ 17.018427925374112, -22.507670972180264 ], [ 17.018256795970235, -22.507644623147023 ], [ 17.018046449411283, -22.507634742258325 ], [ 17.017843233244179, -22.507588631434693 ], [ 17.017693495015788, -22.507506290640151 ], [ 17.017586539138367, -22.507460179773698 ], [ 17.017440366105902, -22.507427243431213 ], [ 17.017322714640667, -22.507394307080833 ], [ 17.017169411216351, -22.507348196177034 ], [ 17.016987586224797, -22.507285617068796 ], [ 17.016848543584079, -22.5071966888137 ], [ 17.016713066139388, -22.50714728420272 ], [ 17.016595414674157, -22.507153871485254 ], [ 17.016484893600843, -22.507193395173456 ], [ 17.016292373021482, -22.507213157013343 ], [ 17.016235329886914, -22.507269148877679 ], [ 17.016103417638078, -22.507292204344676 ], [ 17.015953443242541, -22.507341422001282 ], [ 17.015830100000027, -22.5073819 ], [ 17.015721493854723, -22.507468012590142 ], [ 17.015545701861065, -22.507607395969401 ], [ 17.015433652149113, -22.507654448116597 ], [ 17.015196312661494, -22.507758902882848 ], [ 17.014953879339384, -22.507963107590381 ], [ 17.014818699890501, -22.507995912233444 ], [ 17.014411969560385, -22.508028980012334 ], [ 17.014041189185296, -22.508094852402898 ], [ 17.013984754360688, -22.508206918804454 ], [ 17.013733258870463, -22.50817380348742 ], [ 17.01338743486675, -22.508206739652088 ], [ 17.013280478989362, -22.508150748167505 ], [ 17.013308455201287, -22.508055187804491 ], [ 17.01349014363208, -22.507957919796613 ], [ 17.013894814704493, -22.507674537448644 ], [ 17.014214309020616, -22.507586153251523 ], [ 17.014263050219803, -22.507554633279582 ], [ 17.0143781651058, -22.507432970333245 ], [ 17.014457402876499, -22.50735244786765 ], [ 17.014768082532001, -22.507101782441641 ], [ 17.015067533710905, -22.506847351331938 ], [ 17.015138075536107, -22.506722444175402 ], [ 17.015191306645132, -22.506596164712708 ], [ 17.015226009252373, -22.506495978740713 ], [ 17.015283383930161, -22.506241800573513 ], [ 17.015336942131309, -22.506093363215591 ], [ 17.016442310991739, -22.505827948242892 ], [ 17.016407845420758, -22.505658131104575 ], [ 17.016369005968343, -22.505267768998543 ], [ 17.016688940198119, -22.505230822814983 ], [ 17.016924436073602, -22.505194759196041 ], [ 17.01709500945956, -22.50516072119013 ], [ 17.017269139201776, -22.505125973502867 ], [ 17.017498960372475, -22.505077856636635 ], [ 17.017683115562438, -22.505036695913368 ], [ 17.017822544848425, -22.505005531916439 ], [ 17.017985983090899, -22.504969001641733 ] ] ] } },
{ "type": "Feature", "properties": { "Settlement": "Peter Nanyemba B", "Town": "WINDHOEK", "Extension": null, "Region": null, "LA ARea": null, "Block_Code": "None", "TOWN_1": null, "EXTENSIO_1": null, "LA Area_1": null, "Set_Ext": null, "Id": "0", "Constituen": "Samora Machel", "Upgrading_": null, "Area_sqm": 85720.0, "Area_Ha": 0.0, "No_Structu": 0.0, "No_HHs": 0.0, "No_Taps": 0.0, "No_Toilets": 0.0, "OBJECTID": null, "layer": "Samora_Machel", "path": "E:/UN-HABITAT 2022/NAMIMBIA_2025/ANALYTICS - NOV 2025/20251103 NamibiaData WalvisBay/Windhoek_Informal_Settlements_merged_polygons/merged_polygons - Copy/Samora_Machel.shp" }, "geometry": { "type": "Polygon", "coordinates": [ [ [ 17.019291415824569, -22.507733551114161 ], [ 17.019476211812737, -22.508138941152996 ], [ 17.019699630756683, -22.508573698005247 ], [ 17.020046643159006, -22.509170937512764 ], [ 17.019609312460215, -22.509372944409321 ], [ 17.019376386327131, -22.509443207608534 ], [ 17.019219517706958, -22.509517862218615 ], [ 17.019105431437652, -22.509583733899831 ], [ 17.018920041250137, -22.509640822664903 ], [ 17.018882012493702, -22.509719868608343 ], [ 17.018710883089859, -22.50972426004828 ], [ 17.018492217740448, -22.509733042927802 ], [ 17.018297320363803, -22.50971986860835 ], [ 17.01805488704159, -22.509763783001802 ], [ 17.017936047177816, -22.509838437438773 ], [ 17.01775541058484, -22.509873568924512 ], [ 17.017555759613629, -22.509851611746967 ], [ 17.017463268700045, -22.50979484059998 ], [ 17.017448236763936, -22.509711428942332 ], [ 17.01743502170001, -22.509638099000018 ], [ 17.017349693900041, -22.509540868900025 ], [ 17.017265791100009, -22.509436346600001 ], [ 17.017148863500008, -22.509390246100011 ], [ 17.016844851899982, -22.50929192639996 ], [ 17.01687075200007, -22.509205844299956 ], [ 17.016918780300017, -22.509043151499988 ], [ 17.016986170800035, -22.508960170700007 ], [ 17.017105529100018, -22.508889594999978 ], [ 17.017072420600009, -22.508800076299977 ], [ 17.017057752200021, -22.508620954999966 ], [ 17.017038128137525, -22.50850186926769 ], [ 17.017007984188801, -22.508357854120106 ], [ 17.016663904396744, -22.508311946634894 ], [ 17.016372114570057, -22.50831460065185 ], [ 17.016134434842478, -22.508358515491661 ], [ 17.016016307721792, -22.508364928876279 ], [ 17.015788135183282, -22.508371516100727 ], [ 17.015545701861065, -22.508305643841926 ], [ 17.015346060096938, -22.508226782744334 ], [ 17.015203443053313, -22.508285882158166 ], [ 17.014975270514832, -22.508351754426396 ], [ 17.014732837192618, -22.508351754426396 ], [ 17.014447621519505, -22.508345167200996 ], [ 17.01429075289926, -22.508299056614337 ], [ 17.014198057805473, -22.50825294601233 ], [ 17.014105362711749, -22.508279294929647 ], [ 17.013998406834329, -22.508193660929962 ], [ 17.013998406834329, -22.50817389923024 ], [ 17.014041189185264, -22.50809485240292 ], [ 17.014141014670869, -22.50806191621156 ], [ 17.014262231331958, -22.50804874173285 ], [ 17.014411969560385, -22.508028980012362 ], [ 17.014554577396925, -22.508035567252833 ], [ 17.01481127150274, -22.507989456562921 ], [ 17.014953879339348, -22.507963107590381 ], [ 17.015103617567707, -22.507857711649962 ], [ 17.015196312661494, -22.507758902882848 ], [ 17.015388833240891, -22.507673268560875 ], [ 17.015545701861065, -22.507607395969426 ], [ 17.015830100000027, -22.5073819 ], [ 17.016103417638046, -22.507292204344697 ], [ 17.016172845219003, -22.507280069874607 ], [ 17.016235329886879, -22.507269148877715 ], [ 17.016292373021482, -22.507213157013375 ], [ 17.016368109521721, -22.507205382818338 ], [ 17.016484893600843, -22.507193395173484 ], [ 17.016595414674157, -22.507153871485254 ], [ 17.016713066139356, -22.507147284202759 ], [ 17.016768007965865, -22.507167319861512 ], [ 17.016848543584079, -22.5071966888137 ], [ 17.016987586224765, -22.507285617068828 ], [ 17.017049685209216, -22.507306989816417 ], [ 17.017169411216351, -22.507348196177034 ], [ 17.017322714640667, -22.507394307080833 ], [ 17.017440366105866, -22.507427243431213 ], [ 17.017586539138367, -22.507460179773734 ], [ 17.017693495015788, -22.507506290640151 ], [ 17.01779383132871, -22.507561465411719 ], [ 17.017843233244147, -22.507588631434722 ], [ 17.01792765004614, -22.507607786055608 ], [ 17.018046449411251, -22.507634742258325 ], [ 17.018127145543627, -22.507638532905176 ], [ 17.018256795970235, -22.507644623147055 ], [ 17.018427925374077, -22.5076709721803 ], [ 17.018552707231102, -22.507690733951961 ], [ 17.018656810951779, -22.50768744032354 ], [ 17.018761390031951, -22.507748921374237 ], [ 17.018833333390695, -22.507762439327323 ], [ 17.018901621071244, -22.507775270387665 ], [ 17.019025214529616, -22.507801619396009 ], [ 17.019114420544824, -22.507778809216997 ], [ 17.019196813837141, -22.507757741063205 ], [ 17.019291415824569, -22.507733551114161 ] ] ] } },
{ "type": "Feature", "properties": { "Settlement": "Peter Nanyemba C", "Town": "WINDHOEK", "Extension": null, "Region": null, "LA ARea": null, "Block_Code": "None", "TOWN_1": null, "EXTENSIO_1": null, "LA Area_1": null, "Set_Ext": null, "Id": "0", "Constituen": "Samora Machel", "Upgrading_": null, "Area_sqm": 51023.0, "Area_Ha": 0.0, "No_Structu": 0.0, "No_HHs": 0.0, "No_Taps": 0.0, "No_Toilets": 0.0, "OBJECTID": null, "layer": "Samora_Machel", "path": "E:/UN-HABITAT 2022/NAMIMBIA_2025/ANALYTICS - NOV 2025/20251103 NamibiaData WalvisBay/Windhoek_Informal_Settlements_merged_polygons/merged_polygons - Copy/Samora_Machel.shp" }, "geometry": { "type": "Polygon", "coordinates": [ [ [ 17.020046643159006, -22.509170937512764 ], [ 17.020219751194752, -22.509410914877499 ], [ 17.020324330274924, -22.509560224092127 ], [ 17.020476445300599, -22.509784187611775 ], [ 17.020609545948073, -22.509990585043877 ], [ 17.020790182541049, -22.510161850764291 ], [ 17.020970819134028, -22.51040777040205 ], [ 17.021032615863199, -22.510460467410336 ], [ 17.020823457702917, -22.510719560742441 ], [ 17.020633313920808, -22.510961087987567 ], [ 17.020419402165931, -22.511189440631366 ], [ 17.02002010022354, -22.51160223099162 ], [ 17.01978717409046, -22.511834973949306 ], [ 17.019701609388555, -22.511927192748661 ], [ 17.019606537497484, -22.511843756694709 ], [ 17.019497204822777, -22.511795451587844 ], [ 17.019406886526344, -22.511777886090297 ], [ 17.019259525095162, -22.511712015454453 ], [ 17.019245264311497, -22.511589056850241 ], [ 17.019226249933293, -22.51149683782532 ], [ 17.01917396039326, -22.511457315367277 ], [ 17.019078888502218, -22.511439749826696 ], [ 17.018960048638412, -22.511391444578685 ], [ 17.018922019881977, -22.511268485689346 ], [ 17.018860223152807, -22.511167483662778 ], [ 17.018750890478067, -22.511106004132181 ], [ 17.018679586559831, -22.511040133176191 ], [ 17.018627297019727, -22.510969870788553 ], [ 17.018598775452425, -22.510899608365264 ], [ 17.018608282641527, -22.510789823257259 ], [ 17.018503703561386, -22.510710777925574 ], [ 17.018346834941141, -22.510653689602321 ], [ 17.018280284617404, -22.510592209843253 ], [ 17.018275531022837, -22.510442901743115 ], [ 17.018242255860969, -22.510377030471261 ], [ 17.0182089806991, -22.510280419215668 ], [ 17.018242255860969, -22.510157459338199 ], [ 17.018256516644673, -22.510021325060606 ], [ 17.018346834941141, -22.509867624908651 ], [ 17.018396153533885, -22.509726549353918 ], [ 17.01857513049324, -22.509729712666701 ], [ 17.018710883089859, -22.50972426004828 ], [ 17.018882012493702, -22.509719868608343 ], [ 17.018920041250137, -22.509640822664903 ], [ 17.018993630123379, -22.509618161824928 ], [ 17.019105431437652, -22.509583733899831 ], [ 17.019196058514783, -22.509531407202882 ], [ 17.019336855684799, -22.509462020455135 ], [ 17.019428639318395, -22.509427445265509 ], [ 17.019609312460215, -22.509372944409321 ], [ 17.019776992704561, -22.509295491464407 ], [ 17.01995002354623, -22.509215566987169 ], [ 17.020046643159006, -22.509170937512764 ] ] ] } },
{ "type": "Feature", "properties": { "Settlement": "Peter Nanyemba D", "Town": "WINDHOEK", "Extension": null, "Region": null, "LA ARea": null, "Block_Code": "None", "TOWN_1": null, "EXTENSIO_1": null, "LA Area_1": null, "Set_Ext": null, "Id": "0", "Constituen": "Samora Machel", "Upgrading_": null, "Area_sqm": 35521.0, "Area_Ha": 0.0, "No_Structu": 0.0, "No_HHs": 0.0, "No_Taps": 0.0, "No_Toilets": 0.0, "OBJECTID": null, "layer": "Samora_Machel", "path": "E:/UN-HABITAT 2022/NAMIMBIA_2025/ANALYTICS - NOV 2025/20251103 NamibiaData WalvisBay/Windhoek_Informal_Settlements_merged_polygons/merged_polygons - Copy/Samora_Machel.shp" }, "geometry": { "type": "Polygon", "coordinates": [ [ [ 17.016918780300017, -22.509043151499988 ], [ 17.016870752000035, -22.509205844299949 ], [ 17.016844851899982, -22.50929192639996 ], [ 17.016958175200045, -22.509351605499969 ], [ 17.017148863500008, -22.509390246100011 ], [ 17.017265791100009, -22.509436346600001 ], [ 17.017349693900041, -22.509540868900025 ], [ 17.01743502170001, -22.509638099000018 ], [ 17.017463268700045, -22.50979484059998 ], [ 17.017389799554138, -22.509840393489473 ], [ 17.01728449781012, -22.509851590177643 ], [ 17.017142582455641, -22.50987603317316 ], [ 17.016970248773614, -22.509895223173679 ], [ 17.016799094149722, -22.509911891958819 ], [ 17.016666837432343, -22.509926266136493 ], [ 17.016576519135839, -22.509957006167504 ], [ 17.016411941126453, -22.50998431218008 ], [ 17.016400392905645, -22.509850957183691 ], [ 17.016351312967263, -22.509808283557661 ], [ 17.016267588366393, -22.509765609918414 ], [ 17.016140557937593, -22.50972026916234 ], [ 17.016042398060726, -22.509634921816449 ], [ 17.015912480576741, -22.509600249442173 ], [ 17.015820094810252, -22.509568244165841 ], [ 17.015710386712612, -22.509536238882063 ], [ 17.015618000946201, -22.50947489540091 ], [ 17.015436116468599, -22.509336205690918 ], [ 17.015297537818928, -22.509261526558713 ], [ 17.01511565334129, -22.509210851410291 ], [ 17.014974187636426, -22.509114835288674 ], [ 17.014800964324369, -22.509005483513402 ], [ 17.014685482116377, -22.508914801487887 ], [ 17.014572886963542, -22.508709433151235 ], [ 17.014471840031451, -22.508589412553533 ], [ 17.014370793099456, -22.508490728872964 ], [ 17.014197569787367, -22.508397379380554 ], [ 17.01409363580018, -22.508277358511965 ], [ 17.014171586290594, -22.508253354325756 ], [ 17.014266859112208, -22.508269357117083 ], [ 17.014391002485844, -22.508336035394088 ], [ 17.0145064846939, -22.508378709474496 ], [ 17.014688369171537, -22.50836270669593 ], [ 17.014953978250006, -22.508336035394084 ], [ 17.015164733279676, -22.508317365479741 ], [ 17.015251344935734, -22.508272024248733 ], [ 17.015392810640535, -22.508269357117083 ], [ 17.015649758553426, -22.508333368263639 ], [ 17.015805659534255, -22.508368040955613 ], [ 17.016001979287957, -22.508370708085408 ], [ 17.016134434842478, -22.508358515491661 ], [ 17.016264925832822, -22.508334405355793 ], [ 17.016403501573759, -22.508313760186141 ], [ 17.016559438907827, -22.508309584572974 ], [ 17.016634606555741, -22.508307571770658 ], [ 17.016803323516982, -22.508323594563343 ], [ 17.01695185938118, -22.508349178134566 ], [ 17.017044192386237, -22.508351725169398 ], [ 17.017038128137525, -22.50850186926769 ], [ 17.017057752200021, -22.508620954999966 ], [ 17.017072420600009, -22.508800076299977 ], [ 17.017105529100018, -22.508889594999978 ], [ 17.016986170800035, -22.508960170700007 ], [ 17.016918780300017, -22.509043151499988 ] ] ] } },
{ "type": "Feature", "properties": { "Settlement": "Peter Nanyemba E", "Town": "WINDHOEK", "Extension": null, "Region": null, "LA ARea": null, "Block_Code": "None", "TOWN_1": null, "EXTENSIO_1": null, "LA Area_1": null, "Set_Ext": null, "Id": "0", "Constituen": "Samora Machel", "Upgrading_": null, "Area_sqm": 28015.0, "Area_Ha": 0.0, "No_Structu": 0.0, "No_HHs": 0.0, "No_Taps": 0.0, "No_Toilets": 0.0, "OBJECTID": null, "layer": "Samora_Machel", "path": "E:/UN-HABITAT 2022/NAMIMBIA_2025/ANALYTICS - NOV 2025/20251103 NamibiaData WalvisBay/Windhoek_Informal_Settlements_merged_polygons/merged_polygons - Copy/Samora_Machel.shp" }, "geometry": { "type": "Polygon", "coordinates": [ [ [ 17.018627297019862, -22.510969870788532 ], [ 17.018750890478145, -22.511106004132159 ], [ 17.018860223152785, -22.511167483662749 ], [ 17.018922019881984, -22.511268485689243 ], [ 17.018960048638462, -22.511391444578695 ], [ 17.019078888502296, -22.511439749826707 ], [ 17.019173960393289, -22.511457315367235 ], [ 17.01923497588831, -22.51153915838113 ], [ 17.019236694313349, -22.511630697729966 ], [ 17.019259525095265, -22.5117120154544 ], [ 17.019406886526383, -22.511777886090215 ], [ 17.019606537497509, -22.511843756694649 ], [ 17.019701609388505, -22.511927192748601 ], [ 17.019599805271184, -22.512029746776474 ], [ 17.019347864759879, -22.511950702153797 ], [ 17.01913870659962, -22.511928745306072 ], [ 17.018915287655659, -22.511876048857459 ], [ 17.018763172629974, -22.511849700625596 ], [ 17.018672854333488, -22.511770655899966 ], [ 17.018558768064167, -22.511638914589913 ], [ 17.018454188984038, -22.511507173154481 ], [ 17.018245030823721, -22.511327126323007 ], [ 17.018050133447105, -22.511204167376437 ], [ 17.01791227920512, -22.511133905072196 ], [ 17.017755410584982, -22.511094382510358 ], [ 17.017512977262697, -22.511054859937133 ], [ 17.017403644588001, -22.51100655455468 ], [ 17.017341847858859, -22.510923117945136 ], [ 17.017280051129717, -22.510760635982077 ], [ 17.017146950482243, -22.510615719475421 ], [ 17.017023357023731, -22.510563022526355 ], [ 17.016875995592784, -22.510492759896231 ], [ 17.016766662917973, -22.510426888648109 ], [ 17.016600287108648, -22.510400540140029 ], [ 17.01657651913581, -22.510163403341558 ], [ 17.01657651913581, -22.50995700616744 ], [ 17.016666837432467, -22.5099262661364 ], [ 17.016909270754581, -22.509899917533001 ], [ 17.01708040015842, -22.509886743229401 ], [ 17.017360862237012, -22.509838437438763 ], [ 17.017555759613685, -22.509851611746964 ], [ 17.017669925596635, -22.509864167472699 ], [ 17.01783398989852, -22.50985828626342 ], [ 17.017936047177955, -22.509838437438756 ], [ 17.018054887041615, -22.509763783001802 ], [ 17.018115293419271, -22.509752840986494 ], [ 17.018220488477994, -22.509733785944434 ], [ 17.018297320363899, -22.509719868608268 ], [ 17.018396153534013, -22.5097265493539 ], [ 17.018346834941212, -22.509867624908626 ], [ 17.018256516644726, -22.510021325060624 ], [ 17.018242255861082, -22.510157459338128 ], [ 17.018208980699058, -22.510280419215682 ], [ 17.01827553102288, -22.510442901743033 ], [ 17.01828028461739, -22.510592209843253 ], [ 17.01833241361328, -22.510654235295302 ], [ 17.018434565030702, -22.510685616725198 ], [ 17.01850370356135, -22.510710777925507 ], [ 17.018608282641537, -22.510789823257259 ], [ 17.018598775452517, -22.510899608365261 ], [ 17.018627297019862, -22.510969870788532 ] ] ] } },
{ "type": "Feature", "properties": { "Settlement": "Peter Nanyemba F", "Town": "WINDHOEK", "Extension": null, "Region": null, "LA ARea": null, "Block_Code": "None", "TOWN_1": null, "EXTENSIO_1": null, "LA Area_1": null, "Set_Ext": null, "Id": "0", "Constituen": "Samora Machel", "Upgrading_": null, "Area_sqm": 52541.0, "Area_Ha": 0.0, "No_Structu": 0.0, "No_HHs": 0.0, "No_Taps": 0.0, "No_Toilets": 0.0, "OBJECTID": null, "layer": "Samora_Machel", "path": "E:/UN-HABITAT 2022/NAMIMBIA_2025/ANALYTICS - NOV 2025/20251103 NamibiaData WalvisBay/Windhoek_Informal_Settlements_merged_polygons/merged_polygons - Copy/Samora_Machel.shp" }, "geometry": { "type": "Polygon", "coordinates": [ [ [ 17.019599805271145, -22.512029746776605 ], [ 17.019150192420454, -22.512484895605184 ], [ 17.01875564407263, -22.512871334060176 ], [ 17.018351588535712, -22.513275336744382 ], [ 17.017942779404152, -22.513683729562086 ], [ 17.017533970272662, -22.514061382061747 ], [ 17.017467419948925, -22.513955990770263 ], [ 17.017429391192557, -22.513833034162008 ], [ 17.017410376814357, -22.513727642696463 ], [ 17.017424637597991, -22.51356077271172 ], [ 17.017396116030689, -22.513385119878507 ], [ 17.017353333679687, -22.513191901504161 ], [ 17.017315304923251, -22.513020639537544 ], [ 17.01730104413965, -22.512880116739773 ], [ 17.017248754599514, -22.512735202454977 ], [ 17.017167943492147, -22.512550765872763 ], [ 17.017068118006538, -22.512309241404932 ], [ 17.017011074871935, -22.512058933783848 ], [ 17.016944524548197, -22.511848148067241 ], [ 17.016892235008125, -22.511681275813661 ], [ 17.016854206251722, -22.511536360272135 ], [ 17.016801916711657, -22.511387053191644 ], [ 17.016740119982419, -22.511281659861268 ], [ 17.016683076847812, -22.511154309479931 ], [ 17.016640294496877, -22.511013784785028 ], [ 17.016611772929508, -22.510882042753856 ], [ 17.016607019335009, -22.51073273496668 ], [ 17.016602265740445, -22.510614166903213 ], [ 17.016600287108574, -22.510400540140068 ], [ 17.016667371402811, -22.510411164107403 ], [ 17.016766662917949, -22.510426888648098 ], [ 17.016875995592656, -22.510492759896213 ], [ 17.017023357023763, -22.510563022526348 ], [ 17.017146950482136, -22.510615719475474 ], [ 17.017207281930705, -22.510681406798799 ], [ 17.017280051129614, -22.510760635982077 ], [ 17.017300636506196, -22.510814761075011 ], [ 17.017341847858784, -22.510923117945136 ], [ 17.017403644587951, -22.511006554554733 ], [ 17.017469695732888, -22.511035737285805 ], [ 17.017577793037617, -22.511065426498195 ], [ 17.01775541058484, -22.511094382510375 ], [ 17.017912279205049, -22.511133905072175 ], [ 17.017972901666681, -22.511164803464432 ], [ 17.018093158444373, -22.511231311457419 ], [ 17.018245030823699, -22.511327126323007 ], [ 17.018355931434588, -22.511422591447015 ], [ 17.018454188984013, -22.511507173154534 ], [ 17.018558768064185, -22.51163891458998 ], [ 17.018672854333424, -22.511770655899966 ], [ 17.0187631726299, -22.511849700625664 ], [ 17.018815293317399, -22.511858728583523 ], [ 17.01891528765557, -22.51187604885752 ], [ 17.01913870659952, -22.511928745306125 ], [ 17.019248943592714, -22.511940317682559 ], [ 17.019347864759865, -22.511950702153857 ], [ 17.019509876807838, -22.512001532337706 ], [ 17.019599805271145, -22.512029746776605 ] ] ] } },
{ "type": "Feature", "properties": { "Settlement": "Peter Nanyemba G", "Town": "WINDHOEK", "Extension": null, "Region": null, "LA ARea": null, "Block_Code": "None", "TOWN_1": null, "EXTENSIO_1": null, "LA Area_1": null, "Set_Ext": null, "Id": "0", "Constituen": "Samora Machel", "Upgrading_": null, "Area_sqm": 33621.0, "Area_Ha": 0.0, "No_Structu": 0.0, "No_HHs": 0.0, "No_Taps": 0.0, "No_Toilets": 0.0, "OBJECTID": null, "layer": "Samora_Machel", "path": "E:/UN-HABITAT 2022/NAMIMBIA_2025/ANALYTICS - NOV 2025/20251103 NamibiaData WalvisBay/Windhoek_Informal_Settlements_merged_polygons/merged_polygons - Copy/Samora_Machel.shp" }, "geometry": { "type": "Polygon", "coordinates": [ [ [ 17.015630230300005, -22.512442264699978 ], [ 17.015738958501455, -22.51238952793743 ], [ 17.015802867443412, -22.512321406143542 ], [ 17.015871692457747, -22.512280533051143 ], [ 17.015945433544562, -22.512248742859747 ], [ 17.016004426414039, -22.51215791370133 ], [ 17.016083083573299, -22.512098874716301 ], [ 17.016161740732564, -22.511985338135794 ], [ 17.01620598538463, -22.511899050272302 ], [ 17.016250230036725, -22.511794596470722 ], [ 17.01624531396428, -22.511703767013888 ], [ 17.016294474688788, -22.5115993130647 ], [ 17.016358383630678, -22.511503941998757 ], [ 17.016432124717532, -22.511372238989946 ], [ 17.016486201514521, -22.511281409255602 ], [ 17.016555026528856, -22.511190579461573 ], [ 17.016594355108502, -22.511058876154259 ], [ 17.016609571900037, -22.51104969530002 ], [ 17.016663180122837, -22.511036168674764 ], [ 17.01669759263001, -22.511131540063467 ], [ 17.016707424774904, -22.511226911386352 ], [ 17.016771333716857, -22.511331365616886 ], [ 17.016805746223991, -22.511417653834702 ], [ 17.016849990876121, -22.511549356800248 ], [ 17.016889319455704, -22.511635644882062 ], [ 17.016923731962905, -22.511721932910028 ], [ 17.016953228397657, -22.511844552646515 ], [ 17.016987640904794, -22.511962630808561 ], [ 17.017002389122169, -22.512085250331577 ], [ 17.017031885556921, -22.512207869745875 ], [ 17.017056465919193, -22.512298698871454 ], [ 17.017105626643708, -22.512416776645605 ], [ 17.017164619513146, -22.512571185890312 ], [ 17.017213780237725, -22.512702887756902 ], [ 17.017302269541887, -22.512893628168747 ], [ 17.017312101686745, -22.513002622571673 ], [ 17.017341598121501, -22.513120699744487 ], [ 17.017385842773564, -22.513266025357211 ], [ 17.017390758846016, -22.513356853787602 ], [ 17.017430087425659, -22.51353396905516 ], [ 17.017430087425659, -22.513670211414304 ], [ 17.017430087425659, -22.513761039579101 ], [ 17.017435003498139, -22.513820077854209 ], [ 17.017479382065364, -22.513915349274512 ], [ 17.017567737454364, -22.514033523715369 ], [ 17.017012221267098, -22.514469497216215 ], [ 17.016977286000021, -22.51438678239996 ], [ 17.016877038400015, -22.514310590899978 ], [ 17.016894235528184, -22.514206096723893 ], [ 17.016889319455704, -22.514083479082121 ], [ 17.016805746223991, -22.514038065113073 ], [ 17.016736921209656, -22.513951778530881 ], [ 17.016658264050392, -22.513883657506874 ], [ 17.016623851543191, -22.51383370206797 ], [ 17.016574690818679, -22.513770122392256 ], [ 17.016520614021651, -22.513683835642766 ], [ 17.016456705079769, -22.513615714486754 ], [ 17.016397712210324, -22.513529427640886 ], [ 17.016314138978615, -22.513474930657882 ], [ 17.016235481819351, -22.513415892235365 ], [ 17.01620598538463, -22.513356853787606 ], [ 17.016181405022323, -22.513297815314669 ], [ 17.016146992515189, -22.513184279718896 ], [ 17.016092915718168, -22.513079826888404 ], [ 17.016033922848724, -22.512993539708056 ], [ 17.015920853182255, -22.512920876777553 ], [ 17.015861860312853, -22.512870920990682 ], [ 17.015842196022991, -22.512789175118684 ], [ 17.015842196022991, -22.512693804873582 ], [ 17.015832363878097, -22.512607517452256 ], [ 17.015724210284144, -22.512525771424503 ], [ 17.015630230300005, -22.512442264699978 ] ] ] } },
{ "type": "Feature", "properties": { "Settlement": "Peter Nanyemba H", "Town": "WINDHOEK", "Extension": null, "Region": null, "LA ARea": null, "Block_Code": "None", "TOWN_1": null, "EXTENSIO_1": null, "LA Area_1": null, "Set_Ext": null, "Id": "0", "Constituen": "Samora Machel", "Upgrading_": null, "Area_sqm": 22315.0, "Area_Ha": 0.0, "No_Structu": 0.0, "No_HHs": 0.0, "No_Taps": 0.0, "No_Toilets": 0.0, "OBJECTID": null, "layer": "Samora_Machel", "path": "E:/UN-HABITAT 2022/NAMIMBIA_2025/ANALYTICS - NOV 2025/20251103 NamibiaData WalvisBay/Windhoek_Informal_Settlements_merged_polygons/merged_polygons - Copy/Samora_Machel.shp" }, "geometry": { "type": "Polygon", "coordinates": [ [ [ 17.017012221267098, -22.514469497216215 ], [ 17.016832074650257, -22.514576476049879 ], [ 17.016765836731658, -22.514550252016047 ], [ 17.0167185239326, -22.514489062584296 ], [ 17.016671211133573, -22.514436614478448 ], [ 17.016633360894353, -22.514362312961005 ], [ 17.016524541456633, -22.514235563221558 ], [ 17.016439378418422, -22.514139408169225 ], [ 17.016448840978189, -22.514060735803895 ], [ 17.016373140499756, -22.513995175465308 ], [ 17.016259589782099, -22.513933985787908 ], [ 17.016051413466425, -22.513759157988808 ], [ 17.01583377459098, -22.513544993633701 ], [ 17.015677642354198, -22.513475062343812 ], [ 17.01555936035664, -22.51344446739332 ], [ 17.015455272198821, -22.51331771681226 ], [ 17.015341721481132, -22.513282751114257 ], [ 17.015247095883083, -22.513383277472155 ], [ 17.015138276445359, -22.513392018891153 ], [ 17.015038919567409, -22.513409501727459 ], [ 17.014939562689456, -22.513483803756948 ], [ 17.014863862211019, -22.513505657287496 ], [ 17.014821280691898, -22.513501286581626 ], [ 17.014707729974305, -22.513579959265368 ], [ 17.014594179256612, -22.513663002605124 ], [ 17.014494822378698, -22.513772270081446 ], [ 17.014416535011335, -22.513742873950918 ], [ 17.014406702866474, -22.513665670004503 ], [ 17.014450947518537, -22.513552134710814 ], [ 17.014559101112521, -22.513429516488959 ], [ 17.014686918996297, -22.513352312367537 ], [ 17.014790156517837, -22.513234235392506 ], [ 17.014829485097518, -22.513125241172258 ], [ 17.014873729749613, -22.513057119740903 ], [ 17.014903226184295, -22.512988998275993 ], [ 17.014898310111853, -22.512948125380944 ], [ 17.01485406545979, -22.512861838118422 ], [ 17.014785240445384, -22.512784633679953 ], [ 17.014755744010699, -22.51265747333429 ], [ 17.014726247575947, -22.512589351672478 ], [ 17.01471641543105, -22.512462191147208 ], [ 17.014750827938254, -22.512330489051337 ], [ 17.014775408300526, -22.512230577032867 ], [ 17.014795072590317, -22.512157913701326 ], [ 17.014922890474125, -22.512107957638715 ], [ 17.015016295850767, -22.512048918632395 ], [ 17.015065456575279, -22.511994421065683 ], [ 17.015144113734539, -22.512048918632406 ], [ 17.015247351256079, -22.512098874716312 ], [ 17.015296511980655, -22.512162455160635 ], [ 17.015409581647056, -22.512244201403231 ], [ 17.015547231675793, -22.512344113411917 ], [ 17.015630230300005, -22.512442264699978 ], [ 17.015724210284144, -22.512525771424503 ], [ 17.015832363878097, -22.512607517452256 ], [ 17.015842196022991, -22.512693804873582 ], [ 17.015842196022991, -22.512789175118684 ], [ 17.015861860312853, -22.512870920990682 ], [ 17.015920853182255, -22.512920876777553 ], [ 17.016033922848724, -22.512993539708056 ], [ 17.016092915718168, -22.513079826888404 ], [ 17.016146992515189, -22.513184279718896 ], [ 17.01620598538463, -22.513356853787606 ], [ 17.016235481819351, -22.513415892235365 ], [ 17.016314138978615, -22.513474930657882 ], [ 17.016456705079769, -22.513615714486754 ], [ 17.016520614021651, -22.513683835642766 ], [ 17.016574690818679, -22.513770122392256 ], [ 17.016658264050392, -22.513883657506874 ], [ 17.016736921209656, -22.513951778530881 ], [ 17.016805746223991, -22.514038065113073 ], [ 17.016889319455704, -22.514083479082121 ], [ 17.016894235528184, -22.514206096723893 ], [ 17.016877038400015, -22.514310590899978 ], [ 17.016917254365975, -22.514341156372613 ], [ 17.016977286000021, -22.51438678239996 ], [ 17.017012221267098, -22.514469497216215 ] ] ] } },
{ "type": "Feature", "properties": { "Settlement": "Peter Nanyemba I", "Town": "WINDHOEK", "Extension": null, "Region": null, "LA ARea": null, "Block_Code": "None", "TOWN_1": null, "EXTENSIO_1": null, "LA Area_1": null, "Set_Ext": null, "Id": "0", "Constituen": "Samora Machel", "Upgrading_": null, "Area_sqm": 47667.0, "Area_Ha": 0.0, "No_Structu": 0.0, "No_HHs": 0.0, "No_Taps": 0.0, "No_Toilets": 0.0, "OBJECTID": null, "layer": "Samora_Machel", "path": "E:/UN-HABITAT 2022/NAMIMBIA_2025/ANALYTICS - NOV 2025/20251103 NamibiaData WalvisBay/Windhoek_Informal_Settlements_merged_polygons/merged_polygons - Copy/Samora_Machel.shp" }, "geometry": { "type": "Polygon", "coordinates": [ [ [ 17.015630230300005, -22.512442264699978 ], [ 17.015547231675793, -22.512344113411917 ], [ 17.015462774481524, -22.512282810941954 ], [ 17.015409581647056, -22.512244201403231 ], [ 17.015296511980655, -22.512162455160635 ], [ 17.015247351256079, -22.512098874716312 ], [ 17.015144113734539, -22.512048918632406 ], [ 17.015065456575279, -22.511994421065683 ], [ 17.015031044068142, -22.51187180146211 ], [ 17.014967135126188, -22.511753723222498 ], [ 17.014898310111853, -22.511662893738844 ], [ 17.014863897604656, -22.511585688630724 ], [ 17.01485406545979, -22.511490317555371 ], [ 17.014849149387341, -22.511390404929653 ], [ 17.014849149387341, -22.511304116694781 ], [ 17.014849149387341, -22.511195120952678 ], [ 17.014834401169963, -22.511095208113659 ], [ 17.014809820807692, -22.510968046214028 ], [ 17.014819652952589, -22.510840884197492 ], [ 17.014824569025038, -22.510727346583838 ], [ 17.014863897604656, -22.510631974916322 ], [ 17.014878645822026, -22.510495729562916 ], [ 17.014878645822026, -22.510409440769628 ], [ 17.014873729749613, -22.51028681976025 ], [ 17.014863897604656, -22.51014149101567 ], [ 17.014849149387341, -22.510009786708938 ], [ 17.014903226184298, -22.509891706878964 ], [ 17.014967135126188, -22.509787251560763 ], [ 17.01499663156094, -22.509673713081856 ], [ 17.015011379778322, -22.509569257598898 ], [ 17.014986799416018, -22.509482968227431 ], [ 17.014976967271117, -22.509373971049577 ], [ 17.015026127995693, -22.509314930875707 ], [ 17.015080204792653, -22.509178684224363 ], [ 17.015232603038701, -22.509251349121762 ], [ 17.01534567270517, -22.509319472428434 ], [ 17.015439078081808, -22.509387595701522 ], [ 17.015576728110478, -22.509455718940991 ], [ 17.015675049559569, -22.509505675961961 ], [ 17.015768454936211, -22.509551091419883 ], [ 17.015842196023058, -22.509587423775518 ], [ 17.015940517472082, -22.509632839206649 ], [ 17.01604375499365, -22.509664629999495 ], [ 17.016151908587638, -22.509728211563395 ], [ 17.016250230036725, -22.5097600023343 ], [ 17.016358383630678, -22.509796334635009 ], [ 17.016402628282805, -22.509859916138328 ], [ 17.016402628282805, -22.509946205274584 ], [ 17.016540278311478, -22.509991620587812 ], [ 17.016584522963608, -22.510055202001265 ], [ 17.016584522963608, -22.510209613883731 ], [ 17.016599271180919, -22.510359484075245 ], [ 17.016589439036057, -22.510486646534567 ], [ 17.016599271180919, -22.510627433406711 ], [ 17.016623851543191, -22.510768220135514 ], [ 17.016604187253435, -22.510904465220367 ], [ 17.016609571900037, -22.51104969530002 ], [ 17.016577971821746, -22.511113740420171 ], [ 17.016555026528856, -22.511190579461573 ], [ 17.016527080801538, -22.511227460022752 ], [ 17.016486201514521, -22.511281409255602 ], [ 17.016432124717532, -22.511372238989946 ], [ 17.016358383630678, -22.511503941998757 ], [ 17.016294474688788, -22.5115993130647 ], [ 17.016265322144712, -22.511661254764288 ], [ 17.01624531396428, -22.511703767013888 ], [ 17.016250230036725, -22.511794596470722 ], [ 17.01620598538463, -22.511899050272302 ], [ 17.016161740732564, -22.511985338135794 ], [ 17.016083083573299, -22.512098874716301 ], [ 17.016004426414039, -22.51215791370133 ], [ 17.015945433544562, -22.512248742859747 ], [ 17.015871692457747, -22.512280533051143 ], [ 17.015802867443412, -22.512321406143542 ], [ 17.015738958501455, -22.51238952793743 ], [ 17.015630230300005, -22.512442264699978 ] ] ] } },
{ "type": "Feature", "properties": { "Settlement": "Peter Nanyemba J", "Town": "WINDHOEK", "Extension": null, "Region": null, "LA ARea": null, "Block_Code": "None", "TOWN_1": null, "EXTENSIO_1": null, "LA Area_1": null, "Set_Ext": null, "Id": "0", "Constituen": "Samora Machel", "Upgrading_": null, "Area_sqm": 54575.0, "Area_Ha": 0.0, "No_Structu": 0.0, "No_HHs": 0.0, "No_Taps": 0.0, "No_Toilets": 0.0, "OBJECTID": null, "layer": "Samora_Machel", "path": "E:/UN-HABITAT 2022/NAMIMBIA_2025/ANALYTICS - NOV 2025/20251103 NamibiaData WalvisBay/Windhoek_Informal_Settlements_merged_polygons/merged_polygons - Copy/Samora_Machel.shp" }, "geometry": { "type": "Polygon", "coordinates": [ [ [ 17.015336942131309, -22.506093363215641 ], [ 17.015257704360607, -22.506312971829189 ], [ 17.015226009252341, -22.506495978740745 ], [ 17.015162619035774, -22.506678985410076 ], [ 17.015067533710873, -22.506847351331984 ], [ 17.01496452460901, -22.506949834836224 ], [ 17.014837744175871, -22.507044998022177 ], [ 17.014703039965671, -22.507154801616931 ], [ 17.014544564424266, -22.507271925355152 ], [ 17.014457402876467, -22.507352447867682 ], [ 17.014378165105764, -22.507432970333245 ], [ 17.014338546220429, -22.50749885231571 ], [ 17.014267232226761, -22.507564734266737 ], [ 17.014211765787262, -22.507608655549994 ], [ 17.014045366468828, -22.507637936397732 ], [ 17.013894814704461, -22.50767453744869 ], [ 17.013791805602558, -22.50775505972674 ], [ 17.013625406284056, -22.507864862757607 ], [ 17.013459006965618, -22.507974665701248 ], [ 17.013308455201287, -22.508055187804523 ], [ 17.013189598545186, -22.508157670413549 ], [ 17.013110360774483, -22.508194271326964 ], [ 17.01301527544965, -22.508274793302327 ], [ 17.012943961456049, -22.50837727574859 ], [ 17.012833028577013, -22.508450477449443 ], [ 17.012761714583412, -22.508457797617414 ], [ 17.012698324366845, -22.508377275748593 ], [ 17.012587391487877, -22.508289433656444 ], [ 17.012563620156648, -22.508179630962776 ], [ 17.012571543933682, -22.508077148370006 ], [ 17.012603239042011, -22.507967345507698 ], [ 17.01262701037318, -22.507850222358542 ], [ 17.012611162819045, -22.507718458697116 ], [ 17.012571543933682, -22.507615975762548 ], [ 17.012555696379579, -22.507491532096971 ], [ 17.012539848825444, -22.507359768093746 ], [ 17.012492306162976, -22.507206043264564 ], [ 17.012468534831779, -22.507074278989318 ], [ 17.012428915946408, -22.506913233593469 ], [ 17.012373449506942, -22.506693625933213 ], [ 17.01240514461524, -22.506503299012206 ], [ 17.012381373284043, -22.506364213788835 ], [ 17.012373449506942, -22.506254409566356 ], [ 17.012397220838142, -22.506129964675466 ], [ 17.012468534831779, -22.50598355877808 ], [ 17.012492306162976, -22.50591035577127 ], [ 17.012460611054745, -22.505763949641331 ], [ 17.012431109299982, -22.505630124399985 ], [ 17.012410097789335, -22.505507017013912 ], [ 17.012345781500017, -22.505312534000016 ], [ 17.012508153717111, -22.50528812864869 ], [ 17.012666629258579, -22.505346691320753 ], [ 17.012793409691682, -22.505332050655081 ], [ 17.012975656564279, -22.50534669132076 ], [ 17.013197522322287, -22.505419894625948 ], [ 17.013276760092992, -22.505529699511111 ], [ 17.013371845417822, -22.505734668396759 ], [ 17.013506549627987, -22.505903035468435 ], [ 17.01359371117579, -22.506042121155641 ], [ 17.013672948946493, -22.506122644384249 ], [ 17.013775958048424, -22.506144605256633 ], [ 17.013902738481562, -22.506115324092718 ], [ 17.01401367136053, -22.506181206702905 ], [ 17.014172146901927, -22.506312971829189 ], [ 17.014306851112167, -22.506452057104088 ], [ 17.014417783991131, -22.506539900363496 ], [ 17.014615878417903, -22.506510619283191 ], [ 17.014718887519802, -22.506510619283194 ], [ 17.014877363061206, -22.506422776005206 ], [ 17.014980372163137, -22.506254409566342 ], [ 17.015027914825538, -22.506064082040783 ], [ 17.015336942131309, -22.506093363215641 ] ] ] } },
{ "type": "Feature", "properties": { "Settlement": "Peter Nanyemba K", "Town": "WINDHOEK", "Extension": null, "Region": null, "LA ARea": null, "Block_Code": "None", "TOWN_1": null, "EXTENSIO_1": null, "LA Area_1": null, "Set_Ext": null, "Id": "0", "Constituen": "Samora Machel", "Upgrading_": null, "Area_sqm": 22077.0, "Area_Ha": 0.0, "No_Structu": 0.0, "No_HHs": 0.0, "No_Taps": 0.0, "No_Toilets": 0.0, "OBJECTID": null, "layer": "Samora_Machel", "path": "E:/UN-HABITAT 2022/NAMIMBIA_2025/ANALYTICS - NOV 2025/20251103 NamibiaData WalvisBay/Windhoek_Informal_Settlements_merged_polygons/merged_polygons - Copy/Samora_Machel.shp" }, "geometry": { "type": "Polygon", "coordinates": [ [ [ 17.011509172466113, -22.505505819688942 ], [ 17.011658770355933, -22.505483845654968 ], [ 17.011755090131661, -22.505478902080352 ], [ 17.011898875499369, -22.505466023128808 ], [ 17.01197983627501, -22.505469014930647 ], [ 17.01216712472775, -22.505384974129587 ], [ 17.012345781500017, -22.505312534000016 ], [ 17.01236372201792, -22.505366783518898 ], [ 17.012410097789335, -22.505507017013912 ], [ 17.012431109299982, -22.505630124399985 ], [ 17.012472828702936, -22.505820385453234 ], [ 17.012492306162976, -22.50591035577127 ], [ 17.012397220838142, -22.506129964675466 ], [ 17.012373449506942, -22.506254409566356 ], [ 17.01240514461524, -22.506503299012206 ], [ 17.012386048419998, -22.506617970368154 ], [ 17.012373449506942, -22.506693625933213 ], [ 17.012468534831779, -22.507074278989318 ], [ 17.012539848825444, -22.507359768093746 ], [ 17.012571543933682, -22.507615975762548 ], [ 17.012611162819045, -22.507718458697116 ], [ 17.012616046031347, -22.507904244513668 ], [ 17.012563620156648, -22.508179630962776 ], [ 17.012587391487877, -22.508289433656444 ], [ 17.012698324366845, -22.508377275748593 ], [ 17.012761714583412, -22.508457797617414 ], [ 17.012669225417, -22.508535893742312 ], [ 17.012527072318068, -22.508581352123063 ], [ 17.012434126061059, -22.508636912345963 ], [ 17.012433, -22.508398 ], [ 17.012416017525439, -22.50828015847593 ], [ 17.012399443745796, -22.508171757412974 ], [ 17.012422170002427, -22.507993341547582 ], [ 17.012422170002427, -22.507841834891067 ], [ 17.012350866084123, -22.50763104274499 ], [ 17.012302964693063, -22.507586790064988 ], [ 17.012164396447584, -22.507462778884545 ], [ 17.01201573766819, -22.507321441197828 ], [ 17.011944433749886, -22.507202870208957 ], [ 17.011858869047945, -22.507117235542669 ], [ 17.011780434737858, -22.507005251668243 ], [ 17.011762402202557, -22.506913626882529 ], [ 17.011697142182122, -22.506781396318132 ], [ 17.011573653374825, -22.506603426431074 ], [ 17.011459567105526, -22.50640580703368 ], [ 17.011388263187285, -22.506280647935913 ], [ 17.011366839346259, -22.50616189498837 ], [ 17.011345480836283, -22.50604350407156 ], [ 17.011376968990945, -22.505922295725028 ], [ 17.011423744801036, -22.505776840376111 ], [ 17.011466939295822, -22.505644604323713 ], [ 17.011509172466113, -22.505505819688942 ] ] ] } },
{ "type": "Feature", "properties": { "Settlement": "Peter Nanyemba L", "Town": "WINDHOEK", "Extension": null, "Region": null, "LA ARea": null, "Block_Code": "None", "TOWN_1": null, "EXTENSIO_1": null, "LA Area_1": null, "Set_Ext": null, "Id": "0", "Constituen": "Samora Machel", "Upgrading_": null, "Area_sqm": 69516.0, "Area_Ha": 0.0, "No_Structu": 0.0, "No_HHs": 0.0, "No_Taps": 0.0, "No_Toilets": 0.0, "OBJECTID": null, "layer": "Samora_Machel", "path": "E:/UN-HABITAT 2022/NAMIMBIA_2025/ANALYTICS - NOV 2025/20251103 NamibiaData WalvisBay/Windhoek_Informal_Settlements_merged_polygons/merged_polygons - Copy/Samora_Machel.shp" }, "geometry": { "type": "Polygon", "coordinates": [ [ [ 17.01409363580018, -22.508277358511965 ], [ 17.01402097695393, -22.508329675658658 ], [ 17.01396402076389, -22.508370686278766 ], [ 17.013872324587975, -22.508381275164915 ], [ 17.013811905738216, -22.508388252209226 ], [ 17.013631269145204, -22.508414601100821 ], [ 17.013528128304998, -22.508439386835114 ], [ 17.013547100382088, -22.508556232412833 ], [ 17.013553424407707, -22.508708131516276 ], [ 17.013583800983195, -22.508789980535543 ], [ 17.013629312715892, -22.508912610815024 ], [ 17.013648284792914, -22.509046982760985 ], [ 17.013635636741544, -22.509210565823345 ], [ 17.013578720510477, -22.509321568505374 ], [ 17.013604016613183, -22.509426728858809 ], [ 17.013641960767227, -22.509520204661378 ], [ 17.013648284792914, -22.509660418246742 ], [ 17.013724173101068, -22.50981815836024 ], [ 17.013761033232608, -22.509944150345628 ], [ 17.013810642717672, -22.510098699149591 ], [ 17.01383800556323, -22.510174533509762 ], [ 17.013869625691619, -22.510361484040484 ], [ 17.013913893871351, -22.510472485798527 ], [ 17.013907569845731, -22.51060685622847 ], [ 17.013863301665939, -22.510729542159087 ], [ 17.013862603026041, -22.510878434344065 ], [ 17.013866591904197, -22.510990624916236 ], [ 17.013866591904197, -22.511142150103666 ], [ 17.013877286024574, -22.511209329210729 ], [ 17.013893929038641, -22.511313878448728 ], [ 17.013899396465511, -22.511435098328491 ], [ 17.013959538161203, -22.511546216458328 ], [ 17.013992342722485, -22.511672486951923 ], [ 17.014024132964803, -22.511754716977887 ], [ 17.014046246965297, -22.511899851274396 ], [ 17.0140452522392, -22.512010871156615 ], [ 17.013855742974744, -22.511956162232007 ], [ 17.013701766697313, -22.511874098804512 ], [ 17.013583323407058, -22.511874098804505 ], [ 17.013502308711676, -22.51184007998571 ], [ 17.013387891978095, -22.511792035328323 ], [ 17.013222071371697, -22.511737326317114 ], [ 17.013056250765231, -22.511726384512297 ], [ 17.012973730297208, -22.511689679967105 ], [ 17.012843732528662, -22.511620541145305 ], [ 17.012730531716951, -22.511545844607415 ], [ 17.012541022452464, -22.511463780936353 ], [ 17.012341179804086, -22.511435098328491 ], [ 17.012177156997645, -22.511323980109449 ], [ 17.012133417582557, -22.511137099266762 ], [ 17.012100613021243, -22.510965370702177 ], [ 17.012018601618042, -22.510748184270859 ], [ 17.011974862202958, -22.510541099216269 ], [ 17.011925655361068, -22.510349166449675 ], [ 17.011832709104059, -22.5100612668002 ], [ 17.011772567408332, -22.509743061226935 ], [ 17.011706958285771, -22.509500618393819 ], [ 17.011663218870684, -22.509268276946514 ], [ 17.011597609748122, -22.50905108784923 ], [ 17.011592142321252, -22.508889458532142 ], [ 17.011783502262105, -22.508828847489539 ], [ 17.01190378565353, -22.508808643802759 ], [ 17.01213888500946, -22.508727829026142 ], [ 17.012302907815936, -22.508697523472691 ], [ 17.012434126061059, -22.508636912345963 ], [ 17.012527072318068, -22.508581352123063 ], [ 17.012669225417, -22.508535893742312 ], [ 17.012833028577013, -22.508450477449443 ], [ 17.012943961456049, -22.50837727574859 ], [ 17.012980396173823, -22.508324916903717 ], [ 17.01301527544965, -22.508274793302327 ], [ 17.013110360774483, -22.508194271326964 ], [ 17.013189598545186, -22.508157670413549 ], [ 17.013294739772896, -22.50809475666005 ], [ 17.013280478989294, -22.508150748167505 ], [ 17.013387434866722, -22.50820673965212 ], [ 17.013554999074636, -22.508206739652113 ], [ 17.013733258870431, -22.50817380348742 ], [ 17.013847345139602, -22.50817380348742 ], [ 17.013984754360653, -22.508206918804454 ], [ 17.01409363580018, -22.508277358511965 ] ] ] } },
{ "type": "Feature", "properties": { "Settlement": "Peter Nanyemba M", "Town": "WINDHOEK", "Extension": null, "Region": null, "LA ARea": null, "Block_Code": "None", "TOWN_1": null, "EXTENSIO_1": null, "LA Area_1": null, "Set_Ext": null, "Id": "0", "Constituen": "Samora Machel", "Upgrading_": null, "Area_sqm": 44783.0, "Area_Ha": 0.0, "No_Structu": 0.0, "No_HHs": 0.0, "No_Taps": 0.0, "No_Toilets": 0.0, "OBJECTID": null, "layer": "Samora_Machel", "path": "E:/UN-HABITAT 2022/NAMIMBIA_2025/ANALYTICS - NOV 2025/20251103 NamibiaData WalvisBay/Windhoek_Informal_Settlements_merged_polygons/merged_polygons - Copy/Samora_Machel.shp" }, "geometry": { "type": "Polygon", "coordinates": [ [ [ 17.015080204792653, -22.509178684224363 ], [ 17.015026127995693, -22.509314930875707 ], [ 17.014976967271117, -22.509373971049577 ], [ 17.014986799416018, -22.509482968227431 ], [ 17.01499663156094, -22.509673713081856 ], [ 17.014967135126188, -22.509787251560763 ], [ 17.014903226184298, -22.509891706878964 ], [ 17.014849149387341, -22.510009786708938 ], [ 17.014863897604656, -22.51014149101567 ], [ 17.014873729749613, -22.51028681976025 ], [ 17.014878645822026, -22.510409440769628 ], [ 17.014863897604656, -22.510631974916322 ], [ 17.014824569025038, -22.510727346583838 ], [ 17.014809820807692, -22.510968046214028 ], [ 17.014849149387341, -22.511195120952678 ], [ 17.014849149387341, -22.511304116694781 ], [ 17.01485406545979, -22.511490317555371 ], [ 17.014898310111853, -22.511662893738844 ], [ 17.014967135126188, -22.511753723222498 ], [ 17.015031044068142, -22.51187180146211 ], [ 17.015065456575279, -22.511994421065683 ], [ 17.015016295850767, -22.512048918632395 ], [ 17.014922890474125, -22.512107957638715 ], [ 17.014795072590317, -22.512157913701326 ], [ 17.014761834145478, -22.512049167390938 ], [ 17.014690768171278, -22.512049167390948 ], [ 17.01450125890679, -22.512076521837574 ], [ 17.014370971287512, -22.512136701601023 ], [ 17.0140452522392, -22.512010871156615 ], [ 17.014047016991341, -22.511813909767888 ], [ 17.013992342722485, -22.511672486951923 ], [ 17.013959538161203, -22.511546216458328 ], [ 17.013899396465511, -22.511435098328491 ], [ 17.013893929038641, -22.511313878448728 ], [ 17.013866591904197, -22.511142150103666 ], [ 17.013866591904197, -22.510990624916236 ], [ 17.013862603026041, -22.510878434344065 ], [ 17.013863301665939, -22.510729542159087 ], [ 17.013907569845731, -22.51060685622847 ], [ 17.013913893871351, -22.510472485798527 ], [ 17.013869625691619, -22.510361484040484 ], [ 17.01383800556323, -22.510174533509762 ], [ 17.01378741335785, -22.510034320445794 ], [ 17.013724173101068, -22.50981815836024 ], [ 17.013648284792914, -22.509660418246742 ], [ 17.013641960767227, -22.509520204661378 ], [ 17.013604016613183, -22.509426728858809 ], [ 17.013578720510477, -22.509321568505374 ], [ 17.013635636741544, -22.509210565823345 ], [ 17.013648284792914, -22.509046982760985 ], [ 17.013629312715892, -22.508912610815024 ], [ 17.013553424407707, -22.508708131516276 ], [ 17.013547100382088, -22.508556232412833 ], [ 17.013528128304998, -22.508439386835114 ], [ 17.013631269145204, -22.508414601100821 ], [ 17.013811905738216, -22.508388252209226 ], [ 17.01396402076389, -22.508370686278766 ], [ 17.01409363580018, -22.508277358511965 ], [ 17.014197569787367, -22.508397379380554 ], [ 17.014370793099456, -22.508490728872964 ], [ 17.014471840031451, -22.508589412553533 ], [ 17.014572886963542, -22.508709433151235 ], [ 17.014685482116377, -22.508914801487887 ], [ 17.014800964324369, -22.509005483513402 ], [ 17.014974187636426, -22.509114835288674 ], [ 17.015080204792653, -22.509178684224363 ] ] ] } },
{ "type": "Feature", "properties": { "Settlement": "Peter Nanyemba N", "Town": "WINDHOEK", "Extension": null, "Region": null, "LA ARea": null, "Block_Code": "None", "TOWN_1": null, "EXTENSIO_1": null, "LA Area_1": null, "Set_Ext": null, "Id": "0", "Constituen": "Samora Machel", "Upgrading_": null, "Area_sqm": 20501.0, "Area_Ha": 0.0, "No_Structu": 0.0, "No_HHs": 0.0, "No_Taps": 0.0, "No_Toilets": 0.0, "OBJECTID": null, "layer": "Samora_Machel", "path": "E:/UN-HABITAT 2022/NAMIMBIA_2025/ANALYTICS - NOV 2025/20251103 NamibiaData WalvisBay/Windhoek_Informal_Settlements_merged_polygons/merged_polygons - Copy/Samora_Machel.shp" }, "geometry": { "type": "Polygon", "coordinates": [ [ [ 17.014795072590317, -22.512157913701326 ], [ 17.014775408300526, -22.512230577032867 ], [ 17.01471641543105, -22.512462191147208 ], [ 17.014726247575947, -22.512589351672478 ], [ 17.014755744010699, -22.51265747333429 ], [ 17.014785240445384, -22.512784633679953 ], [ 17.01485406545979, -22.512861838118422 ], [ 17.014898310111853, -22.512948125380944 ], [ 17.014873729749613, -22.513057119740903 ], [ 17.014829485097518, -22.513125241172258 ], [ 17.014807366636358, -22.513186539720703 ], [ 17.014749912116855, -22.513280264571655 ], [ 17.014686918996297, -22.513352312367537 ], [ 17.014559101112521, -22.513429516488959 ], [ 17.014450947518537, -22.513552134710814 ], [ 17.014353204793938, -22.513515358098488 ], [ 17.014335438300396, -22.513422353926 ], [ 17.014264372326224, -22.513345762207557 ], [ 17.014258450161744, -22.513236345393295 ], [ 17.014145929035941, -22.513121457645063 ], [ 17.013991952758573, -22.51295733212492 ], [ 17.013849820810233, -22.512815089849784 ], [ 17.013725455355434, -22.512694730887297 ], [ 17.013612934229631, -22.512574371819976 ], [ 17.013518179597405, -22.512464954395181 ], [ 17.013387891978095, -22.512361007761349 ], [ 17.013257604358749, -22.512284415454847 ], [ 17.01312139457492, -22.512202352222193 ], [ 17.012937807474948, -22.512065580059584 ], [ 17.012712765223409, -22.511857686113185 ], [ 17.012594321933094, -22.511781093527826 ], [ 17.012546944617014, -22.511688088188546 ], [ 17.012511411629895, -22.511606024601896 ], [ 17.012505489465415, -22.511523960966599 ], [ 17.012541022452464, -22.511463780936353 ], [ 17.012730531716951, -22.511545844607415 ], [ 17.012896352323349, -22.511655262759724 ], [ 17.013056250765231, -22.511726384512297 ], [ 17.013222071371697, -22.511737326317114 ], [ 17.013387891978095, -22.511792035328323 ], [ 17.013583323407058, -22.511874098804505 ], [ 17.013701766697313, -22.511874098804512 ], [ 17.013855742974744, -22.511956162232007 ], [ 17.0140452522392, -22.512010871156615 ], [ 17.014199228516567, -22.512092934502949 ], [ 17.014370971287512, -22.512136701601023 ], [ 17.01450125890679, -22.512076521837574 ], [ 17.014690768171278, -22.512049167390948 ], [ 17.014761834145478, -22.512049167390938 ], [ 17.014795072590317, -22.512157913701326 ] ] ] } },
{ "type": "Feature", "properties": { "Settlement": "Peter Nanyemba O", "Town": "WINDHOEK", "Extension": null, "Region": null, "LA ARea": null, "Block_Code": "None", "TOWN_1": null, "EXTENSIO_1": null, "LA Area_1": null, "Set_Ext": null, "Id": "0", "Constituen": "Samora Machel", "Upgrading_": null, "Area_sqm": 129566.0, "Area_Ha": 0.0, "No_Structu": 0.0, "No_HHs": 0.0, "No_Taps": 0.0, "No_Toilets": 0.0, "OBJECTID": null, "layer": "Samora_Machel", "path": "E:/UN-HABITAT 2022/NAMIMBIA_2025/ANALYTICS - NOV 2025/20251103 NamibiaData WalvisBay/Windhoek_Informal_Settlements_merged_polygons/merged_polygons - Copy/Samora_Machel.shp" }, "geometry": { "type": "Polygon", "coordinates": [ [ [ 17.011345480836283, -22.50604350407156 ], [ 17.011388263187285, -22.506280647935913 ], [ 17.011459567105526, -22.50640580703368 ], [ 17.011573653374825, -22.506603426431074 ], [ 17.011751913170521, -22.506860331225514 ], [ 17.011780434737858, -22.507005251668243 ], [ 17.011858869047945, -22.507117235542669 ], [ 17.011944433749886, -22.507202870208957 ], [ 17.01201573766819, -22.507321441197828 ], [ 17.012108432761973, -22.507413663007782 ], [ 17.012251040598517, -22.507538821080018 ], [ 17.012350866084123, -22.50763104274499 ], [ 17.012422170002427, -22.507841834891067 ], [ 17.012422170002427, -22.507993341547582 ], [ 17.012386518043243, -22.508092150147171 ], [ 17.012407909218727, -22.508223894836771 ], [ 17.012433, -22.508398 ], [ 17.012434126061059, -22.508636912345963 ], [ 17.012210391827541, -22.508714617122184 ], [ 17.012009306970945, -22.508772371137145 ], [ 17.011783502262105, -22.508828847489539 ], [ 17.011592142321252, -22.508889458532142 ], [ 17.01156497779008, -22.508957094694242 ], [ 17.011458, -22.50887 ], [ 17.011215896741259, -22.508888735416402 ], [ 17.01101043369767, -22.508904635389158 ], [ 17.010747950008827, -22.50893261473556 ], [ 17.010525848425953, -22.508988573411436 ], [ 17.010334033422581, -22.509053858504689 ], [ 17.010128684247363, -22.509027175171088 ], [ 17.009994924032721, -22.508960976802662 ], [ 17.009899925783365, -22.508913961838569 ], [ 17.009788874991926, -22.50874608565238 ], [ 17.009647207003376, -22.508759173239511 ], [ 17.009486009197115, -22.508774065030909 ], [ 17.00908242619408, -22.508948012200154 ], [ 17.008914587740261, -22.509051380481207 ], [ 17.008628801549676, -22.508790395571722 ], [ 17.008536106455885, -22.508579604871731 ], [ 17.0084719329294, -22.508401749968638 ], [ 17.008329325092859, -22.508171196976019 ], [ 17.00821523882362, -22.508039452236162 ], [ 17.008193847648133, -22.507887945630198 ], [ 17.008122543729829, -22.507782549632498 ], [ 17.008058370203344, -22.507677153554411 ], [ 17.008015587852412, -22.507545408343834 ], [ 17.007972805501435, -22.507374139382446 ], [ 17.007922892758618, -22.507235806604939 ], [ 17.007872980015801, -22.507090886403926 ], [ 17.0078587192322, -22.506978902508148 ], [ 17.007837328056713, -22.506866918521652 ], [ 17.007723241787406, -22.506748347143041 ], [ 17.007630546693683, -22.506623188355313 ], [ 17.007587764342681, -22.506438743619519 ], [ 17.007815936881197, -22.506372870439947 ], [ 17.008179586864465, -22.506214774681052 ], [ 17.008507584888584, -22.506188425370333 ], [ 17.009085146626667, -22.50612913940283 ], [ 17.009249145638695, -22.506148901394795 ], [ 17.009534361311847, -22.506102790075726 ], [ 17.009840968160479, -22.50600398005459 ], [ 17.01003348873984, -22.505911757304478 ], [ 17.010240270102901, -22.505977630703704 ], [ 17.010447051465931, -22.506023742064492 ], [ 17.010660963220776, -22.505990805379763 ], [ 17.010775049490015, -22.505911757304492 ], [ 17.011038873987648, -22.505727311619822 ], [ 17.011074525946832, -22.505661438101345 ], [ 17.011110177905952, -22.505569215122801 ], [ 17.011231394567009, -22.50547699208273 ], [ 17.011333, -22.505297 ], [ 17.011515805500022, -22.505476903199963 ], [ 17.011452436713704, -22.505694374864461 ], [ 17.011388263187285, -22.505878820593136 ], [ 17.011345480836283, -22.50604350407156 ] ] ] } },
{ "type": "Feature", "properties": { "Settlement": "Peter Nanyemba P", "Town": "WINDHOEK", "Extension": null, "Region": null, "LA ARea": null, "Block_Code": "None", "TOWN_1": null, "EXTENSIO_1": null, "LA Area_1": null, "Set_Ext": null, "Id": "0", "Constituen": "Samora Machel", "Upgrading_": null, "Area_sqm": 259101.0, "Area_Ha": 0.0, "No_Structu": 0.0, "No_HHs": 0.0, "No_Taps": 0.0, "No_Toilets": 0.0, "OBJECTID": null, "layer": "Samora_Machel", "path": "E:/UN-HABITAT 2022/NAMIMBIA_2025/ANALYTICS - NOV 2025/20251103 NamibiaData WalvisBay/Windhoek_Informal_Settlements_merged_polygons/merged_polygons - Copy/Samora_Machel.shp" }, "geometry": { "type": "Polygon", "coordinates": [ [ [ 17.005122818757314, -22.511020174251371 ], [ 17.004981995629684, -22.510942847553142 ], [ 17.004780886597811, -22.510827357812783 ], [ 17.004440865214765, -22.510264303206931 ], [ 17.00426235425585, -22.509761325631121 ], [ 17.004217726516099, -22.509522204502531 ], [ 17.004161033393693, -22.509286093412197 ], [ 17.004082599083574, -22.509016018738183 ], [ 17.004048141105102, -22.508615189565642 ], [ 17.003798225762583, -22.508046240795782 ], [ 17.003485831584445, -22.507567992192659 ], [ 17.003235916241927, -22.507155707586509 ], [ 17.003209139598106, -22.506908336232737 ], [ 17.003084181926834, -22.506660964436417 ], [ 17.002994926447361, -22.50643008369391 ], [ 17.002843192132264, -22.506182711042108 ], [ 17.002546880677084, -22.505469982552878 ], [ 17.003030628639163, -22.505646735444952 ], [ 17.003521533776247, -22.505836388586019 ], [ 17.003923183433859, -22.505935337947719 ], [ 17.004440865214765, -22.505877617495337 ], [ 17.004994249187501, -22.50581989701891 ], [ 17.005566828135269, -22.505745353913241 ], [ 17.006051329173808, -22.505659645809978 ], [ 17.006320888586089, -22.505590765090123 ], [ 17.006547503379672, -22.505655182400137 ], [ 17.006760611116984, -22.505724668674354 ], [ 17.006995170804458, -22.505816715556595 ], [ 17.00720756674701, -22.505859738062615 ], [ 17.007584701858175, -22.505864538450727 ], [ 17.00785489641979, -22.505832329848179 ], [ 17.008081511213444, -22.505840381999537 ], [ 17.008430149357423, -22.505912851340483 ], [ 17.008621900336646, -22.505961164213314 ], [ 17.008778681516979, -22.506149727988387 ], [ 17.008507584888619, -22.506188425370333 ], [ 17.008368106311448, -22.506190956804275 ], [ 17.0081795868645, -22.506214774681013 ], [ 17.008046838944665, -22.50627248646903 ], [ 17.007587764342681, -22.50643874361948 ], [ 17.007630546693719, -22.506623188355313 ], [ 17.007723241787442, -22.506748347143009 ], [ 17.007837328056745, -22.50686691852162 ], [ 17.007872980015829, -22.507090886403891 ], [ 17.007922892758618, -22.507235806604903 ], [ 17.007972805501435, -22.507374139382428 ], [ 17.008015587852412, -22.507545408343805 ], [ 17.008122543729829, -22.507782549632477 ], [ 17.008193847648169, -22.507887945630184 ], [ 17.008215238823652, -22.508039452236162 ], [ 17.008329325092891, -22.508171196976019 ], [ 17.008394705301008, -22.508276896703425 ], [ 17.0084719329294, -22.508401749968595 ], [ 17.008536106455921, -22.508579604871731 ], [ 17.008628801549708, -22.508790395571722 ], [ 17.00876505637261, -22.508914825902352 ], [ 17.008914587740261, -22.509051380481182 ], [ 17.008718027977842, -22.509178903344399 ], [ 17.008446169968312, -22.509370957090496 ], [ 17.008402856299334, -22.5094243089478 ], [ 17.008294737070873, -22.509557485330621 ], [ 17.008224068385438, -22.509753339712024 ], [ 17.008143304173501, -22.509967846573208 ], [ 17.008187619738791, -22.510094386147607 ], [ 17.00825435496494, -22.510284943062771 ], [ 17.008345214703343, -22.510480796413557 ], [ 17.008332714827276, -22.51061675692592 ], [ 17.008197656086615, -22.510650028502432 ], [ 17.007951414325955, -22.510687459016481 ], [ 17.007823067273048, -22.510687459016491 ], [ 17.007618832466029, -22.510704487897435 ], [ 17.007459334970957, -22.510724889520397 ], [ 17.007078625032445, -22.510783506648373 ], [ 17.006854090458109, -22.510826332194526 ], [ 17.006578042502884, -22.510888393154307 ], [ 17.006351853297417, -22.510949472330918 ], [ 17.005925, -22.511048 ], [ 17.005676881017632, -22.511007530341594 ], [ 17.005122818757314, -22.511020174251371 ] ] ] } },
{ "type": "Feature", "properties": { "Settlement": "Thlabanelo A", "Town": "WINDHOEK", "Extension": null, "Region": null, "LA ARea": null, "Block_Code": "None", "TOWN_1": null, "EXTENSIO_1": null, "LA Area_1": null, "Set_Ext": null, "Id": "0", "Constituen": "Samora Machel", "Upgrading_": null, "Area_sqm": 194954.0, "Area_Ha": 0.0, "No_Structu": 0.0, "No_HHs": 0.0, "No_Taps": 0.0, "No_Toilets": 0.0, "OBJECTID": null, "layer": "Samora_Machel", "path": "E:/UN-HABITAT 2022/NAMIMBIA_2025/ANALYTICS - NOV 2025/20251103 NamibiaData WalvisBay/Windhoek_Informal_Settlements_merged_polygons/merged_polygons - Copy/Samora_Machel.shp" }, "geometry": { "type": "MultiPolygon", "coordinates": [ [ [ [ 17.006490855555903, -22.517930477100833 ], [ 17.006521951400053, -22.517964094899998 ], [ 17.006556652500041, -22.518055792899919 ], [ 17.006683765832122, -22.518134249484589 ], [ 17.006811807096962, -22.518227183102294 ], [ 17.007058743822011, -22.518294771148586 ], [ 17.007461159225752, -22.51832856515939 ], [ 17.007735533364681, -22.51833701366084 ], [ 17.00815624037773, -22.518353910662029 ], [ 17.008604384804528, -22.518396153156203 ], [ 17.008842175724972, -22.518455292626278 ], [ 17.009134841473141, -22.518505983580418 ], [ 17.009340198700034, -22.518597431499952 ], [ 17.009574389099992, -22.518778815899953 ], [ 17.009680923100078, -22.518908819200007 ], [ 17.009813860100039, -22.51920185049995 ], [ 17.009885573795458, -22.519479836881406 ], [ 17.009961904174144, -22.519761704499864 ], [ 17.010024628673133, -22.519996296323573 ], [ 17.010090911333105, -22.520298360464295 ], [ 17.010091552500025, -22.520462740199978 ], [ 17.009966494500052, -22.520564412699976 ], [ 17.009769352199999, -22.520601795999944 ], [ 17.00946642229918, -22.520637302510295 ], [ 17.009271085658906, -22.520651865328905 ], [ 17.008950723890276, -22.52065948844978 ], [ 17.008485068034251, -22.520670568893877 ], [ 17.008123984600001, -22.520679161 ], [ 17.007745446052848, -22.52067452199411 ], [ 17.007348522141893, -22.520682993888578 ], [ 17.006968539199985, -22.520700534799929 ], [ 17.006383901500065, -22.52080799079997 ], [ 17.0061440960977, -22.520891098354646 ], [ 17.005889532089284, -22.52097932063376 ], [ 17.005597595100042, -22.521133040999938 ], [ 17.005496593200061, -22.521354490899949 ], [ 17.005512770299994, -22.521810382599988 ], [ 17.005490922153619, -22.522316423249965 ], [ 17.005483267348097, -22.522738575553657 ], [ 17.00544957070003, -22.52312592229995 ], [ 17.005439148548174, -22.523498496046759 ], [ 17.005429223429623, -22.523853300784104 ], [ 17.00548701384076, -22.524232232088341 ], [ 17.005535876243016, -22.524551069829812 ], [ 17.005548728600019, -22.524666516099927 ], [ 17.005531394448706, -22.524791517791328 ], [ 17.005467373816302, -22.52477462157724 ], [ 17.005138124849573, -22.524605659323022 ], [ 17.004909479733836, -22.524419800604736 ], [ 17.00477229266432, -22.524250837916643 ], [ 17.004680834618036, -22.52417480463961 ], [ 17.004580230767107, -22.523988945341692 ], [ 17.004543647548552, -22.523862222949791 ], [ 17.004497918525459, -22.523794637626594 ], [ 17.004351585651303, -22.523701707753126 ], [ 17.004260127605018, -22.523718604098381 ], [ 17.003976607661482, -22.523811533960391 ], [ 17.003711379327193, -22.523710155926025 ], [ 17.003574192257744, -22.523727052270306 ], [ 17.003519317429948, -22.523676363231399 ], [ 17.003747962545745, -22.523625674173875 ], [ 17.003921732833685, -22.523507399634052 ], [ 17.004113794730998, -22.5233130912417 ], [ 17.004214398581855, -22.523110334367036 ], [ 17.004214398581855, -22.523008955818089 ], [ 17.004214398581855, -22.522738612657296 ], [ 17.004104648926326, -22.522442924219575 ], [ 17.003976607661482, -22.52222326954185 ], [ 17.003876003810589, -22.521969821402994 ], [ 17.003775399959665, -22.521640338127341 ], [ 17.003720525131865, -22.521395337233667 ], [ 17.003839420592033, -22.521167232562778 ], [ 17.003949170247633, -22.520998265897173 ], [ 17.003958316052241, -22.520820850675896 ], [ 17.003985753466122, -22.520660331946015 ], [ 17.004086357317082, -22.520609641782105 ], [ 17.004260127605018, -22.520508261398437 ], [ 17.004351585651303, -22.520406880940349 ], [ 17.004415606283779, -22.520347742305525 ], [ 17.004488772720819, -22.520297052026873 ], [ 17.004571084962503, -22.520246361729722 ], [ 17.00477229266432, -22.520187223026085 ], [ 17.004891188124525, -22.520102739119945 ], [ 17.004955208756929, -22.519950667958657 ], [ 17.005019229389369, -22.51975635456467 ], [ 17.005000937780125, -22.519646525134124 ], [ 17.005101541631017, -22.519502901900967 ], [ 17.005165562263489, -22.519367726956908 ], [ 17.005147270654213, -22.519207206539132 ], [ 17.005211291286614, -22.519088928217268 ], [ 17.005238728700498, -22.518911510544648 ], [ 17.005302749332902, -22.518683401773693 ], [ 17.005348478356062, -22.518522880561008 ], [ 17.005439936402418, -22.518362359161888 ], [ 17.005760039564439, -22.518244080116965 ], [ 17.005942955657083, -22.518184940556498 ], [ 17.006116725945084, -22.518075109877159 ], [ 17.0063087878423, -22.518015970244392 ], [ 17.006490855555903, -22.517930477100833 ] ] ], [ [ [ 17.006490855555903, -22.517930477100833 ], [ 17.006489185946535, -22.517928672081513 ], [ 17.006496554200062, -22.517927801199974 ], [ 17.006490855555903, -22.517930477100833 ] ] ] ] } },
{ "type": "Feature", "properties": { "Settlement": "Thlabanelo B", "Town": "WINDHOEK", "Extension": null, "Region": null, "LA ARea": null, "Block_Code": "None", "TOWN_1": null, "EXTENSIO_1": null, "LA Area_1": null, "Set_Ext": null, "Id": "0", "Constituen": "Samora Machel", "Upgrading_": null, "Area_sqm": 55869.0, "Area_Ha": 0.0, "No_Structu": 0.0, "No_HHs": 0.0, "No_Taps": 0.0, "No_Toilets": 0.0, "OBJECTID": null, "layer": "Samora_Machel", "path": "E:/UN-HABITAT 2022/NAMIMBIA_2025/ANALYTICS - NOV 2025/20251103 NamibiaData WalvisBay/Windhoek_Informal_Settlements_merged_polygons/merged_polygons - Copy/Samora_Machel.shp" }, "geometry": { "type": "Polygon", "coordinates": [ [ [ 17.0037205251319, -22.521395337233667 ], [ 17.003665650304065, -22.521243267494917 ], [ 17.003634382639341, -22.521074225742403 ], [ 17.003603547340308, -22.520980636215349 ], [ 17.003585927169492, -22.520895184852638 ], [ 17.00356830699857, -22.520817871669493 ], [ 17.003555091870389, -22.52074462756126 ], [ 17.003493421272321, -22.520708005492605 ], [ 17.003343649819893, -22.520695798134241 ], [ 17.003211498538278, -22.520667314293817 ], [ 17.003044106914963, -22.520614415717496 ], [ 17.002837069907134, -22.520581862737409 ], [ 17.002713728710965, -22.52055337887349 ], [ 17.00253752700214, -22.520500480253563 ], [ 17.002383350507007, -22.520467927246607 ], [ 17.002268819396242, -22.520435374231955 ], [ 17.002085158600007, -22.5203834474 ], [ 17.002092702300018, -22.520321337499993 ], [ 17.002140903156423, -22.520306971233051 ], [ 17.002185230751824, -22.520253303389367 ], [ 17.002262367632408, -22.520159912980631 ], [ 17.002375499824268, -22.520077165911562 ], [ 17.002490204687248, -22.520032788615122 ], [ 17.002580853958538, -22.519997717994436 ], [ 17.002722538796373, -22.519983700362733 ], [ 17.002823854778921, -22.519918594097643 ], [ 17.002916360676053, -22.519833142078255 ], [ 17.00299565144504, -22.519735482562723 ], [ 17.003057322043109, -22.519601200616222 ], [ 17.003167448111096, -22.519470987695044 ], [ 17.003317219563563, -22.519352982129202 ], [ 17.003436155716958, -22.519226838137051 ], [ 17.003515446485945, -22.519165800680184 ], [ 17.003643192724788, -22.519096624863128 ], [ 17.003744508707396, -22.518978618977599 ], [ 17.003854634775387, -22.518803644548118 ], [ 17.003920710416157, -22.518697845948402 ], [ 17.003991191099701, -22.518559493811136 ], [ 17.004057266740475, -22.518482179321161 ], [ 17.004132152466688, -22.518351965345559 ], [ 17.004185012979313, -22.518238028016288 ], [ 17.004226902500008, -22.518173139500004 ], [ 17.00437442400003, -22.51820297910001 ], [ 17.004519371613096, -22.518211580442458 ], [ 17.004633150228738, -22.518218332183697 ], [ 17.004769708976379, -22.518226435721207 ], [ 17.004936598200036, -22.518236339099989 ], [ 17.005073055600008, -22.518230639399974 ], [ 17.005163640354109, -22.518191039777125 ], [ 17.005324440868488, -22.518120744920921 ], [ 17.005463261594798, -22.518049984718658 ], [ 17.005546535344131, -22.517998447593857 ], [ 17.005695942632208, -22.517953184282096 ], [ 17.005819283828377, -22.517839246623975 ], [ 17.005975205337986, -22.517744283265476 ], [ 17.006087211386973, -22.517767078339912 ], [ 17.006306201200047, -22.517811209000012 ], [ 17.006373424100016, -22.51783937219998 ], [ 17.006470821800015, -22.517896955799998 ], [ 17.006308243570277, -22.518006083877104 ], [ 17.006105611605122, -22.51808746782994 ], [ 17.00590738468274, -22.518160713346468 ], [ 17.005753208187603, -22.518197336090189 ], [ 17.005590221606926, -22.518294996692664 ], [ 17.005493310667084, -22.51839672641351 ], [ 17.005383184599097, -22.518474040951304 ], [ 17.005339134171916, -22.518644946618164 ], [ 17.005299488787472, -22.518783298669838 ], [ 17.005281868616553, -22.518893166376937 ], [ 17.005255438360255, -22.518990826487666 ], [ 17.005211387933073, -22.51910069402976 ], [ 17.005184957676715, -22.519198353993904 ], [ 17.005206982890336, -22.51931229053142 ], [ 17.005180552634005, -22.519409950345956 ], [ 17.005158527420416, -22.519466918539241 ], [ 17.005105666907792, -22.519532025017128 ], [ 17.005052806395103, -22.519588993160074 ], [ 17.005039591266954, -22.519658168730665 ], [ 17.005039591266954, -22.519739551710558 ], [ 17.004999945882474, -22.519881971810069 ], [ 17.004907439985409, -22.519955216375539 ], [ 17.004867794600894, -22.520101705389916 ], [ 17.00477088366106, -22.520195295512316 ], [ 17.004660757593101, -22.520264470779402 ], [ 17.004568251695968, -22.52028074730778 ], [ 17.004480150841569, -22.520309231227905 ], [ 17.004361214688146, -22.520386544695629 ], [ 17.004290734004599, -22.520451650740284 ], [ 17.004255493662892, -22.52049641112815 ], [ 17.004149772637607, -22.520524895003735 ], [ 17.004061671783216, -22.52059813922839 ], [ 17.004022026398701, -22.52067952165476 ], [ 17.00400440622785, -22.520797526087737 ], [ 17.003969165886076, -22.520903323079935 ], [ 17.003907495288008, -22.521017258211753 ], [ 17.003832609561758, -22.521094571283378 ], [ 17.003828204519021, -22.521171884311777 ], [ 17.003797369220024, -22.521257335503353 ], [ 17.003770938963694, -22.521338717541461 ], [ 17.0037205251319, -22.521395337233667 ] ] ] } },
{ "type": "Feature", "properties": { "Settlement": "Thlabanelo C", "Town": "WINDHOEK", "Extension": null, "Region": null, "LA ARea": null, "Block_Code": "None", "TOWN_1": null, "EXTENSIO_1": null, "LA Area_1": null, "Set_Ext": null, "Id": "0", "Constituen": "Samora Machel", "Upgrading_": null, "Area_sqm": 113726.0, "Area_Ha": 0.0, "No_Structu": 0.0, "No_HHs": 0.0, "No_Taps": 0.0, "No_Toilets": 0.0, "OBJECTID": null, "layer": "Samora_Machel", "path": "E:/UN-HABITAT 2022/NAMIMBIA_2025/ANALYTICS - NOV 2025/20251103 NamibiaData WalvisBay/Windhoek_Informal_Settlements_merged_polygons/merged_polygons - Copy/Samora_Machel.shp" }, "geometry": { "type": "Polygon", "coordinates": [ [ [ 16.997981965499985, -22.519803084399985 ], [ 16.997957909499988, -22.519733766099964 ], [ 16.99797308070001, -22.519698478299969 ], [ 16.99803239601086, -22.519623471470659 ], [ 16.998084762118047, -22.519557252182416 ], [ 16.998146250215541, -22.519479497688305 ], [ 16.998197247250161, -22.519415009586837 ], [ 16.998249683500038, -22.519348701499997 ], [ 16.99829637069999, -22.519294722 ], [ 16.998355295500048, -22.519248034799997 ], [ 16.998460880611852, -22.519195532036953 ], [ 16.998583534700042, -22.519122809199988 ], [ 16.998639609699989, -22.519057933199978 ], [ 16.998676657699995, -22.518983920999975 ], [ 16.998705491400028, -22.518912339600014 ], [ 16.998729547500023, -22.518859701200004 ], [ 16.998761985500028, -22.518806476100011 ], [ 16.998835662399987, -22.5187669136 ], [ 16.998934065900009, -22.518779905499994 ], [ 16.998990224699991, -22.518779905499994 ], [ 16.999107195132595, -22.51874614400138 ], [ 16.999188211084583, -22.5187227601388 ], [ 16.999353462082517, -22.518674959395721 ], [ 16.999457934900004, -22.518644705399986 ], [ 16.999553097636237, -22.518629242707554 ], [ 16.999618364500037, -22.518618637699973 ], [ 16.999779967600023, -22.518610004299987 ], [ 16.999861020600047, -22.518601371 ], [ 16.999932183000041, -22.518583098400008 ], [ 17.000057827700012, -22.518514785899995 ], [ 17.00010610740005, -22.518470110399985 ], [ 17.000138126300037, -22.518418226399973 ], [ 17.000154554800019, -22.518360894199976 ], [ 17.000210363997077, -22.518288217959476 ], [ 17.000264525400009, -22.518216222500016 ], [ 17.000475581699984, -22.518177665799982 ], [ 17.000634903430996, -22.518168967243692 ], [ 17.000736776035865, -22.518151752383044 ], [ 17.000840865100045, -22.518144641099987 ], [ 17.000981207349568, -22.51815206375473 ], [ 17.001081006600039, -22.518167020799968 ], [ 17.001253338500025, -22.518197614700007 ], [ 17.001337157600009, -22.51820423639996 ], [ 17.001481745400024, -22.518193088499981 ], [ 17.001681935193737, -22.518183447266146 ], [ 17.001834120600048, -22.518173642499974 ], [ 17.001904696199983, -22.518163751799968 ], [ 17.002034112800008, -22.518149921699987 ], [ 17.002146933200006, -22.518174899699961 ], [ 17.002300792422311, -22.51820374350023 ], [ 17.002405766399988, -22.518205912799985 ], [ 17.002471815799996, -22.518195100099991 ], [ 17.002587318399996, -22.518171630799991 ], [ 17.002656720600008, -22.518168864799961 ], [ 17.002813323091647, -22.518195666139359 ], [ 17.002924246709789, -22.518211130437365 ], [ 17.003033451922061, -22.518226293471209 ], [ 17.003102889299985, -22.518234914199994 ], [ 17.003323333300031, -22.518282439599968 ], [ 17.003470687200007, -22.518304735399987 ], [ 17.003696053237476, -22.518351965345563 ], [ 17.003806179305467, -22.51839672641351 ], [ 17.003938330587012, -22.518437418280943 ], [ 17.004057266740475, -22.518482179321161 ], [ 17.003920710416157, -22.518697845948402 ], [ 17.003824187632929, -22.518852020685799 ], [ 17.003744508707396, -22.518978618977599 ], [ 17.003643192724788, -22.519096624863128 ], [ 17.003436155716958, -22.519226838137051 ], [ 17.003317219563563, -22.519352982129202 ], [ 17.003249271173004, -22.519406518968232 ], [ 17.003167448111096, -22.519470987695044 ], [ 17.003118028286742, -22.519529421646961 ], [ 17.003035821321006, -22.519648016438122 ], [ 17.00299565144504, -22.519735482562723 ], [ 17.002916360676053, -22.519833142078255 ], [ 17.002823854778921, -22.519918594097643 ], [ 17.002722538796373, -22.519983700362733 ], [ 17.002635594206197, -22.519992302251858 ], [ 17.002490204687248, -22.520032788615122 ], [ 17.002375499824268, -22.520077165911562 ], [ 17.002262367632408, -22.520159912980631 ], [ 17.002185230751824, -22.520253303389367 ], [ 17.002092702300018, -22.520321337499993 ], [ 17.002088259899995, -22.520370706899978 ], [ 17.002085158600007, -22.5203834474 ], [ 17.001967283401726, -22.520374158032638 ], [ 17.001786762799998, -22.520381016699986 ], [ 17.001731190800008, -22.520386381099975 ], [ 17.001388287200015, -22.520341789299998 ], [ 17.001261636600038, -22.52032686959997 ], [ 17.001114775669187, -22.520334860811769 ], [ 17.000984363299999, -22.520341957 ], [ 17.000842464274459, -22.520336032553974 ], [ 17.000680008662219, -22.520329249846728 ], [ 17.000490183215582, -22.520321324417218 ], [ 17.000317582900006, -22.520325444599965 ], [ 17.000246904787922, -22.520419097721806 ], [ 17.000127968634491, -22.520496411128143 ], [ 16.999960577011109, -22.520508618504088 ], [ 16.999832830772267, -22.520504549378874 ], [ 16.999700679490658, -22.520512687629182 ], [ 16.999502452568269, -22.520541171501492 ], [ 16.999392326500285, -22.520561517120921 ], [ 16.999313035731298, -22.520581862737405 ], [ 16.999224934876899, -22.520606277473199 ], [ 16.999057543253549, -22.520638830447556 ], [ 16.998973847441857, -22.520659176052643 ], [ 16.99890336675838, -22.520695798134241 ], [ 16.998819670946688, -22.520557447997284 ], [ 16.998691924707849, -22.52039875208138 ], [ 16.998599418810713, -22.520244125116182 ], [ 16.998493697785431, -22.520113912800834 ], [ 16.998440837272806, -22.520052875735725 ], [ 16.998383571717479, -22.519975562081235 ], [ 16.998308685991194, -22.519886040953658 ], [ 16.998238205307718, -22.519857556946313 ], [ 16.998128079239731, -22.519837211223184 ], [ 16.997981965499985, -22.519803084399985 ] ] ] } },
{ "type": "Feature", "properties": { "Settlement": "Thlabanelo D", "Town": "WINDHOEK", "Extension": null, "Region": null, "LA ARea": null, "Block_Code": "None", "TOWN_1": null, "EXTENSIO_1": null, "LA Area_1": null, "Set_Ext": null, "Id": "0", "Constituen": "Samora Machel", "Upgrading_": null, "Area_sqm": 83529.0, "Area_Ha": 0.0, "No_Structu": 0.0, "No_HHs": 0.0, "No_Taps": 0.0, "No_Toilets": 0.0, "OBJECTID": null, "layer": "Samora_Machel", "path": "E:/UN-HABITAT 2022/NAMIMBIA_2025/ANALYTICS - NOV 2025/20251103 NamibiaData WalvisBay/Windhoek_Informal_Settlements_merged_polygons/merged_polygons - Copy/Samora_Machel.shp" }, "geometry": { "type": "Polygon", "coordinates": [ [ [ 17.004057266740475, -22.518482179321161 ], [ 17.003982267001348, -22.518453953537492 ], [ 17.003877540997525, -22.518418700023418 ], [ 17.003766026101026, -22.518380406025823 ], [ 17.003625783552504, -22.518337238934034 ], [ 17.003421027178263, -22.518297221449881 ], [ 17.003323333300031, -22.518282439599968 ], [ 17.003102889299985, -22.518234914199994 ], [ 17.003033451922061, -22.518226293471209 ], [ 17.002924246709789, -22.518211130437365 ], [ 17.002759157146798, -22.518186396045586 ], [ 17.002587318399996, -22.518171630799991 ], [ 17.00252415396627, -22.51818446536042 ], [ 17.002405766399988, -22.518205912799985 ], [ 17.002300792422311, -22.51820374350023 ], [ 17.002146933200006, -22.518174899699961 ], [ 17.001989024855622, -22.518154740021593 ], [ 17.001834120600048, -22.518173642499974 ], [ 17.001607252462438, -22.518187044021403 ], [ 17.001481745400024, -22.518193088499981 ], [ 17.001417606186354, -22.518198033713588 ], [ 17.001253338500025, -22.518197614700007 ], [ 17.001081006600039, -22.518167020799968 ], [ 17.000778642735838, -22.518148892083058 ], [ 17.000736776035865, -22.518151752383044 ], [ 17.000475581699984, -22.518177665799982 ], [ 17.000404024528851, -22.518190738182245 ], [ 17.00031672451594, -22.51820668653524 ], [ 17.000264525400009, -22.518216222500016 ], [ 17.000246904787922, -22.51817699012269 ], [ 17.000238094702478, -22.51812002139766 ], [ 17.000286550172401, -22.518030499068004 ], [ 17.000308575385954, -22.517936907479566 ], [ 17.000352625813171, -22.517831108216271 ], [ 17.000396676240388, -22.517680547586625 ], [ 17.000467156923865, -22.517550332855684 ], [ 17.000471561966638, -22.517428256434087 ], [ 17.000471561966638, -22.517261418483429 ], [ 17.000484777094783, -22.517131203357604 ], [ 17.000497992222932, -22.517017265021899 ], [ 17.000493587180227, -22.516809734240482 ], [ 17.000497992222932, -22.516659172498155 ], [ 17.000489182137489, -22.516553372256737 ], [ 17.000445131710308, -22.516435364199644 ], [ 17.000475967009308, -22.516333633035071 ], [ 17.000489182137489, -22.516187140026538 ], [ 17.000489182137489, -22.516077270168211 ], [ 17.000611373292863, -22.516062923736147 ], [ 17.000723630889581, -22.516079855756615 ], [ 17.000871375200028, -22.516092415900012 ], [ 17.000951003300013, -22.516089314599963 ], [ 17.001088926075962, -22.516074983234084 ], [ 17.001204962005279, -22.516062926099135 ], [ 17.001313765829572, -22.51605162044137 ], [ 17.001470967948684, -22.516033036562739 ], [ 17.001599882463751, -22.516016300246328 ], [ 17.001727582809931, -22.515999721557289 ], [ 17.001844822454014, -22.515984500926429 ], [ 17.00210728680004, -22.515950426499977 ], [ 17.002260675700015, -22.515971297400007 ], [ 17.002337202400017, -22.516001136999975 ], [ 17.002499902548134, -22.516087466294334 ], [ 17.002675280007011, -22.516189453229995 ], [ 17.002843385600009, -22.516287211299993 ], [ 17.003179183950621, -22.516555026491083 ], [ 17.003298714687837, -22.516646240602526 ], [ 17.00341695920001, -22.516726506899992 ], [ 17.003564396900025, -22.516813846299971 ], [ 17.003615861800011, -22.516852319199977 ], [ 17.00370982290001, -22.516938569000025 ], [ 17.003828911993036, -22.517027570719911 ], [ 17.004013518003351, -22.51713532253363 ], [ 17.004137356684062, -22.517190393735387 ], [ 17.004349529700004, -22.517264625099966 ], [ 17.004494516285895, -22.517314177874223 ], [ 17.00454114, -22.517337296199972 ], [ 17.004559161100001, -22.517373338299972 ], [ 17.004496967400016, -22.517502671100008 ], [ 17.004413316, -22.517582466800011 ], [ 17.004395492104997, -22.517620358309479 ], [ 17.004362312248251, -22.517690894764176 ], [ 17.004309255072059, -22.517803687976247 ], [ 17.004243595001636, -22.517943273306987 ], [ 17.004198906900022, -22.518038274699947 ], [ 17.004226902500008, -22.518173139500004 ], [ 17.004185012979313, -22.518238028016288 ], [ 17.004132152466688, -22.518351965345559 ], [ 17.004057266740475, -22.518482179321161 ] ] ] } },
{ "type": "Feature", "properties": { "Settlement": "Thlabanelo E", "Town": "WINDHOEK", "Extension": null, "Region": null, "LA ARea": null, "Block_Code": "None", "TOWN_1": null, "EXTENSIO_1": null, "LA Area_1": null, "Set_Ext": null, "Id": "0", "Constituen": "Samora Machel", "Upgrading_": null, "Area_sqm": 232804.0, "Area_Ha": 0.0, "No_Structu": 0.0, "No_HHs": 0.0, "No_Taps": 0.0, "No_Toilets": 0.0, "OBJECTID": null, "layer": "Samora_Machel", "path": "E:/UN-HABITAT 2022/NAMIMBIA_2025/ANALYTICS - NOV 2025/20251103 NamibiaData WalvisBay/Windhoek_Informal_Settlements_merged_polygons/merged_polygons - Copy/Samora_Machel.shp" }, "geometry": { "type": "Polygon", "coordinates": [ [ [ 17.002110555799998, -22.5204046536 ], [ 17.002146910128836, -22.520657305086988 ], [ 17.002193054412729, -22.520777886138085 ], [ 17.002199120050602, -22.520917962981301 ], [ 17.002235513878041, -22.521052436617111 ], [ 17.002271907705406, -22.521198116241592 ], [ 17.002308301532846, -22.521315780441572 ], [ 17.002308301532846, -22.521427841491253 ], [ 17.002320432808659, -22.521534299404276 ], [ 17.002326498446529, -22.521612742024555 ], [ 17.002253710791724, -22.52162955115163 ], [ 17.002223382602228, -22.521629551151634 ], [ 17.002166649382808, -22.521593146832547 ], [ 17.002107538300017, -22.521633859700014 ], [ 17.002051325528292, -22.521600780250278 ], [ 17.001970497873916, -22.521553215701829 ], [ 17.00189673340002, -22.521509807600005 ], [ 17.001837724800026, -22.521507125300001 ], [ 17.001764418165767, -22.521499919665686 ], [ 17.001567408400046, -22.521480554699973 ], [ 17.001479602654342, -22.521491378012428 ], [ 17.0013721486281, -22.521562108794782 ], [ 17.001308912871501, -22.521653808869189 ], [ 17.001235568900039, -22.521733855800001 ], [ 17.001134567000022, -22.521770568599973 ], [ 17.000915013845287, -22.521806471701844 ], [ 17.000545905900008, -22.521876348199974 ], [ 17.000415869983403, -22.521883491923134 ], [ 17.000306913086021, -22.521882330054556 ], [ 17.000209707800021, -22.521881293499995 ], [ 17.000148603700019, -22.521792277699976 ], [ 17.000075932600048, -22.521746596299973 ], [ 16.99991678319201, -22.521731499146515 ], [ 16.999791227684806, -22.521704096825331 ], [ 16.999675864400022, -22.521671829700001 ], [ 16.99957275048142, -22.521630201841468 ], [ 16.99944131626652, -22.521577140849846 ], [ 16.999227529776871, -22.52150106430674 ], [ 16.99910564350002, -22.521471334600015 ], [ 16.998947938135963, -22.52148387198201 ], [ 16.998854186400006, -22.521419115399986 ], [ 16.998729959603477, -22.521467935697167 ], [ 16.998634496700006, -22.521575773099972 ], [ 16.998586216900044, -22.521632267199983 ], [ 16.998395965087067, -22.521674375480657 ], [ 16.99817760212261, -22.521584726808143 ], [ 16.997965304796093, -22.521511887218864 ], [ 16.997674154176899, -22.521478268933979 ], [ 16.99752857886725, -22.521539902450044 ], [ 16.997364806643951, -22.521651963317968 ], [ 16.997237428248056, -22.521769627131469 ], [ 16.997152509317434, -22.521909702969293 ], [ 16.997110049852125, -22.52210580890365 ], [ 16.997067590386848, -22.522290708529688 ], [ 16.997025130921539, -22.522486813923276 ], [ 16.996964474542544, -22.522671713039436 ], [ 16.996958408904607, -22.522794978979462 ], [ 16.996928080715108, -22.522963068720422 ], [ 16.996667258285406, -22.523332865430728 ], [ 16.996600536268506, -22.523439321875941 ], [ 16.996418567131453, -22.523573793057952 ], [ 16.996194138529194, -22.523848337981491 ], [ 16.995993972478423, -22.524066852938915 ], [ 16.995854462806715, -22.524173308818629 ], [ 16.995745281324535, -22.524240544068793 ], [ 16.995551180911704, -22.52433019101813 ], [ 16.995435933791587, -22.524363808609166 ], [ 16.995308555395688, -22.524363808609163 ], [ 16.995217570827201, -22.524313382219571 ], [ 16.995120520620798, -22.524251749940657 ], [ 16.995053798603863, -22.524184514695932 ], [ 16.994999207862808, -22.524022029386078 ], [ 16.994999207862808, -22.523842735029351 ], [ 16.995065929879676, -22.523641028599904 ], [ 16.995138717534484, -22.523416909999593 ], [ 16.995199373913515, -22.523243217834242 ], [ 16.995308555395688, -22.522974274695894 ], [ 16.995369211774687, -22.522794978979466 ], [ 16.995472327619026, -22.522565256002832 ], [ 16.995520852722205, -22.522419577819665 ], [ 16.995599706014954, -22.522251487417535 ], [ 16.995660362393913, -22.522150633078123 ], [ 16.995758581899999, -22.522002244399989 ], [ 16.995751792600021, -22.521920688499975 ], [ 16.995767047600051, -22.521813064799989 ], [ 16.995775071207959, -22.521707560966206 ], [ 16.995727084410856, -22.521601535938668 ], [ 16.995714953135035, -22.521472665885664 ], [ 16.995678559307599, -22.521360604872321 ], [ 16.995611837290699, -22.521304574331602 ], [ 16.99556937782539, -22.521293368220704 ], [ 16.995502655808522, -22.521265352939547 ], [ 16.995405605602123, -22.521349398766048 ], [ 16.995302489757819, -22.521444650640852 ], [ 16.995217570827201, -22.521595932895345 ], [ 16.995108389344988, -22.521595932895348 ], [ 16.994926420207968, -22.521590329851865 ], [ 16.994853632553159, -22.521483871982007 ], [ 16.994738385433045, -22.521388620134172 ], [ 16.994598875761334, -22.521332589604793 ], [ 16.994295593866326, -22.521298971276288 ], [ 16.993998377609191, -22.52126535293954 ], [ 16.993798211558488, -22.521259749882674 ], [ 16.99353738912879, -22.521242940710575 ], [ 16.993288697974833, -22.521209322360207 ], [ 16.993027875545138, -22.521203719301038 ], [ 16.99288836587343, -22.521114070323168 ], [ 16.992754921839587, -22.521041230485778 ], [ 16.992706396736409, -22.520985199815552 ], [ 16.992443833481001, -22.520858506132399 ], [ 16.992297640619839, -22.520813491386289 ], [ 16.992118960456207, -22.520738466776841 ], [ 16.991891549338856, -22.520715959386084 ], [ 16.991672260047114, -22.520633432255252 ], [ 16.991703406540527, -22.520402379567553 ], [ 16.991639772744612, -22.520303323238934 ], [ 16.991688503698331, -22.520153273425379 ], [ 16.991867183862002, -22.519965710929295 ], [ 16.991948402118183, -22.519830665774524 ], [ 16.992078351328129, -22.519703123007176 ], [ 16.992224544189291, -22.51958308264793 ], [ 16.992281396968618, -22.51950055484053 ], [ 16.992378858876059, -22.519418026983832 ], [ 16.992557539039726, -22.519350504155312 ], [ 16.992808511901522, -22.519306679386158 ], [ 16.992861460900006, -22.519243759999977 ], [ 16.992980067228164, -22.519231987403817 ], [ 16.993099995336468, -22.519220083609774 ], [ 16.993222888600037, -22.519207885500006 ], [ 16.993290314337301, -22.519211532653362 ], [ 16.99340418910004, -22.5192176923 ], [ 16.993550788600047, -22.519330428899984 ], [ 16.993618430600005, -22.519352054200013 ], [ 16.993714822500021, -22.519438304000015 ], [ 16.9937540498, -22.519485829399997 ], [ 16.99385304253083, -22.519521554986589 ], [ 16.993976086399989, -22.519565960400001 ], [ 16.994204241800013, -22.519576270099968 ], [ 16.994261975156729, -22.519579849500023 ], [ 16.994370667022217, -22.519586588267202 ], [ 16.994491489600005, -22.519584316799953 ], [ 16.994586624199993, -22.519661514100012 ], [ 16.994589893100027, -22.519661094999975 ], [ 16.994688715800024, -22.519631842199953 ], [ 16.994885468731844, -22.519563811724975 ], [ 16.995043055048072, -22.519509323709944 ], [ 16.995270755100019, -22.519430592699972 ], [ 16.995365386800049, -22.519408296799945 ], [ 16.995511818700013, -22.51940469259997 ], [ 16.995756164917616, -22.519456801152511 ], [ 16.996009490405235, -22.519499410167022 ], [ 16.996167612531124, -22.519518953826672 ], [ 16.996320420900012, -22.519538132499946 ], [ 16.996549163, -22.519553219899958 ], [ 16.996772624599988, -22.5196008291 ], [ 16.996875470499997, -22.519607786099979 ], [ 16.996964151, -22.519630081999974 ], [ 16.997132711100033, -22.519666794700001 ], [ 16.997261792400039, -22.519692778599975 ], [ 16.997392717700045, -22.519730664800001 ], [ 16.997541915600042, -22.519742567099975 ], [ 16.997708296400035, -22.519748853500008 ], [ 16.997769819599984, -22.519768802399998 ], [ 16.997981965499985, -22.519803084399985 ], [ 16.998128079239731, -22.519837211223184 ], [ 16.998238205307718, -22.519857556946313 ], [ 16.998308685991194, -22.519886040953658 ], [ 16.998440837272806, -22.520052875735725 ], [ 16.998493697785431, -22.520113912800834 ], [ 16.998599418810713, -22.520244125116182 ], [ 16.998737125836755, -22.520454904319404 ], [ 16.998847432248375, -22.52060333776279 ], [ 16.99890336675838, -22.520695798134241 ], [ 16.999057543253549, -22.520638830447556 ], [ 16.999224934876899, -22.520606277473199 ], [ 16.999392326500285, -22.520561517120921 ], [ 16.99961411028416, -22.520525127041239 ], [ 16.999832830772267, -22.520504549378874 ], [ 16.999960577011109, -22.520508618504088 ], [ 17.000127968634491, -22.520496411128143 ], [ 17.000262198477369, -22.520398832588231 ], [ 17.000317582900006, -22.520325444599965 ], [ 17.000490183215582, -22.520321324417218 ], [ 17.000680008662219, -22.520329249846728 ], [ 17.000899547499728, -22.52033841584371 ], [ 17.001114775669187, -22.520334860811769 ], [ 17.001388287200015, -22.520341789299998 ], [ 17.001731190800008, -22.520386381099975 ], [ 17.001912617035188, -22.520376235016808 ], [ 17.002110555799998, -22.5204046536 ] ] ] } },
{ "type": "Feature", "properties": { "Settlement": "Thlabanelo F", "Town": "WINDHOEK", "Extension": null, "Region": null, "LA ARea": null, "Block_Code": "None", "TOWN_1": null, "EXTENSIO_1": null, "LA Area_1": null, "Set_Ext": null, "Id": "0", "Constituen": "Samora Machel", "Upgrading_": null, "Area_sqm": 101719.0, "Area_Ha": 0.0, "No_Structu": 0.0, "No_HHs": 0.0, "No_Taps": 0.0, "No_Toilets": 0.0, "OBJECTID": null, "layer": "Samora_Machel", "path": "E:/UN-HABITAT 2022/NAMIMBIA_2025/ANALYTICS - NOV 2025/20251103 NamibiaData WalvisBay/Windhoek_Informal_Settlements_merged_polygons/merged_polygons - Copy/Samora_Machel.shp" }, "geometry": { "type": "Polygon", "coordinates": [ [ [ 17.002320432808659, -22.521534299404276 ], [ 17.002514533221422, -22.52152309331202 ], [ 17.002569123962544, -22.52165756635894 ], [ 17.002581255238322, -22.521769627131469 ], [ 17.002599452152076, -22.521926512060258 ], [ 17.002641911617317, -22.522128220992673 ], [ 17.002769290013248, -22.522408371799209 ], [ 17.002829946392279, -22.522565256002824 ], [ 17.002872405857588, -22.522688522037789 ], [ 17.002920930960769, -22.522895832848558 ], [ 17.003005849891387, -22.523075128434108 ], [ 17.003187819028405, -22.523304850563083 ], [ 17.003345525613799, -22.523394498119544 ], [ 17.003400116354925, -22.523534572310034 ], [ 17.003519317429948, -22.523676363231399 ], [ 17.003093463370707, -22.524052931069459 ], [ 17.002807389701584, -22.523934652682367 ], [ 17.002665437258912, -22.52385752074769 ], [ 17.002673787402557, -22.523703256749336 ], [ 17.002576589599997, -22.523655574799964 ], [ 17.002465862037802, -22.523649836793552 ], [ 17.002324881, -22.523661861200008 ], [ 17.002219052871535, -22.523724178051854 ], [ 17.0020959283389, -22.523796679849074 ], [ 17.001995639899992, -22.523855734599994 ], [ 17.001867061500015, -22.523934356899954 ], [ 17.001739730120828, -22.523926447666753 ], [ 17.001627525077247, -22.5239194780108 ], [ 17.001493761633814, -22.523897442994727 ], [ 17.001263652665319, -22.523859536853905 ], [ 17.001044037668635, -22.523817858486293 ], [ 17.000835508393717, -22.523778283946893 ], [ 17.000641627200029, -22.523741489299962 ], [ 17.00039571286597, -22.52363144513086 ], [ 17.000240799493465, -22.523538580375945 ], [ 17.000098269576583, -22.52342920718943 ], [ 16.99993956007156, -22.523292012085189 ], [ 16.99980109, -22.523175459400015 ], [ 16.999688437199985, -22.523117205100011 ], [ 16.999557092799993, -22.523198761 ], [ 16.999429853400194, -22.523210518616541 ], [ 16.999266827500023, -22.523225583099983 ], [ 16.999113438700039, -22.523230193200014 ], [ 16.999040516100024, -22.52332205879998 ], [ 16.998873135358906, -22.523293405633197 ], [ 16.998639190600002, -22.523244190999975 ], [ 16.998129772872872, -22.523113860122908 ], [ 16.998195799036296, -22.522890229857776 ], [ 16.998311046156449, -22.5227221400282 ], [ 16.998359571259627, -22.522542843984624 ], [ 16.998395965086999, -22.522324326616904 ], [ 16.998438424552308, -22.522111411926232 ], [ 16.998438424552308, -22.521909702969282 ], [ 16.998450555828121, -22.52174721498422 ], [ 16.998457451591097, -22.521660766723564 ], [ 16.998586216900044, -22.521632267199983 ], [ 16.998634496700006, -22.521575773099972 ], [ 16.998729959603477, -22.521467935697167 ], [ 16.998854186400006, -22.521419115399986 ], [ 16.998947938135963, -22.52148387198201 ], [ 16.99910564350002, -22.521471334600015 ], [ 16.999227529776871, -22.52150106430674 ], [ 16.999357334876287, -22.521547255833251 ], [ 16.99944131626652, -22.521577140849846 ], [ 16.99957275048142, -22.521630201841468 ], [ 16.999675864400022, -22.521671829700001 ], [ 16.999791227684806, -22.521704096825331 ], [ 16.99991678319201, -22.521731499146515 ], [ 17.000075932600048, -22.521746596299973 ], [ 17.000148603700019, -22.521792277699976 ], [ 17.000181500199123, -22.521840200975479 ], [ 17.000209707800021, -22.521881293499995 ], [ 17.000306913086021, -22.521882330054556 ], [ 17.000415869983403, -22.521883491923134 ], [ 17.000664417025455, -22.521853912646598 ], [ 17.000782176717991, -22.521831619344677 ], [ 17.000972306843302, -22.521797102689803 ], [ 17.001159868593241, -22.521761371820084 ], [ 17.001235568900039, -22.521733855800001 ], [ 17.001308912871501, -22.521653808869189 ], [ 17.0013721486281, -22.521562108794782 ], [ 17.001479602654342, -22.521491378012428 ], [ 17.001567408400046, -22.521480554699973 ], [ 17.001648546732461, -22.521488530147685 ], [ 17.001691169027271, -22.521492719682517 ], [ 17.001764418165767, -22.521499919665686 ], [ 17.00179887430588, -22.521503306512631 ], [ 17.00189673340002, -22.521509807600005 ], [ 17.001970497873916, -22.521553215701829 ], [ 17.002051325528292, -22.521600780250278 ], [ 17.002107538300017, -22.521633859700014 ], [ 17.002166649382808, -22.521593146832547 ], [ 17.002223382602228, -22.521629551151634 ], [ 17.002253710791724, -22.52162955115163 ], [ 17.002326498446529, -22.521612742024555 ], [ 17.002320432808659, -22.521534299404276 ] ] ] } },
{ "type": "Feature", "properties": { "Settlement": "Thlabanelo G", "Town": "WINDHOEK", "Extension": null, "Region": null, "LA ARea": null, "Block_Code": "None", "TOWN_1": null, "EXTENSIO_1": null, "LA Area_1": null, "Set_Ext": null, "Id": "0", "Constituen": "Samora Machel", "Upgrading_": null, "Area_sqm": 130187.0, "Area_Ha": 0.0, "No_Structu": 0.0, "No_HHs": 0.0, "No_Taps": 0.0, "No_Toilets": 0.0, "OBJECTID": null, "layer": "Samora_Machel", "path": "E:/UN-HABITAT 2022/NAMIMBIA_2025/ANALYTICS - NOV 2025/20251103 NamibiaData WalvisBay/Windhoek_Informal_Settlements_merged_polygons/merged_polygons - Copy/Samora_Machel.shp" }, "geometry": { "type": "Polygon", "coordinates": [ [ [ 17.003093463370707, -22.524052931069459 ], [ 17.00293870608871, -22.524187867202482 ], [ 17.002805779900672, -22.524303768239822 ], [ 17.002556992686731, -22.524520690592347 ], [ 17.002342255591753, -22.524695243779714 ], [ 17.002102069844234, -22.524890483133539 ], [ 17.001889772517721, -22.525153819642853 ], [ 17.001762394121755, -22.525271480474157 ], [ 17.001592556260555, -22.525439567202149 ], [ 17.001434849675189, -22.525602050844778 ], [ 17.001204355434922, -22.525820563028443 ], [ 17.001137014964328, -22.525947796098411 ], [ 17.001070911401154, -22.526072692041623 ], [ 17.00086467971251, -22.526207160660505 ], [ 17.000719104402894, -22.526341629148465 ], [ 17.000615988558621, -22.526380849099478 ], [ 17.000282378474051, -22.526431274734435 ], [ 17.000088278061288, -22.526431274734442 ], [ 16.99990024328633, -22.526532125949085 ], [ 16.999651552132445, -22.52656014016231 ], [ 16.999414992254309, -22.526554537320148 ], [ 16.999135972910917, -22.52651531741845 ], [ 16.998790231550533, -22.526431274734442 ], [ 16.998643738728141, -22.526292489183142 ], [ 16.998450555828121, -22.526067089179694 ], [ 16.998373871661901, -22.525947557473042 ], [ 16.998256455415291, -22.525764534296336 ], [ 16.998192398770488, -22.525699447727611 ], [ 16.998081668635582, -22.525531083473602 ], [ 16.997977436071906, -22.525316303621597 ], [ 16.997957026628384, -22.525127779349827 ], [ 16.99794710788241, -22.524813953693261 ], [ 16.997942762172453, -22.524589593657755 ], [ 16.997934976606594, -22.524391823262075 ], [ 16.997905799476058, -22.524041454645126 ], [ 16.997915729620701, -22.523752056331652 ], [ 16.997928910968724, -22.52359620490892 ], [ 16.998039799496187, -22.52334542740266 ], [ 16.998129772872872, -22.523113860122908 ], [ 16.998639190600002, -22.523244190999975 ], [ 16.998873135358906, -22.523293405633197 ], [ 16.999040516100024, -22.52332205879998 ], [ 16.999113438700039, -22.523230193200014 ], [ 16.999266827500023, -22.523225583099983 ], [ 16.999557092799993, -22.523198761 ], [ 16.999688437199985, -22.523117205100011 ], [ 16.99980109, -22.523175459400015 ], [ 16.99993956007156, -22.523292012085189 ], [ 17.000098269576583, -22.52342920718943 ], [ 17.000314397699984, -22.523595057399969 ], [ 17.000641627200029, -22.523741489299962 ], [ 17.000934725653995, -22.523797113330318 ], [ 17.001263652665319, -22.523859536853905 ], [ 17.001627525077247, -22.5239194780108 ], [ 17.001867061500015, -22.523934356899954 ], [ 17.001995639899992, -22.523855734599994 ], [ 17.002219052871535, -22.523724178051854 ], [ 17.002324881, -22.523661861200008 ], [ 17.002465862037802, -22.523649836793552 ], [ 17.002576589599997, -22.523655574799964 ], [ 17.002673787402557, -22.523703256749336 ], [ 17.002665437258912, -22.52385752074769 ], [ 17.002807389701584, -22.523934652682367 ], [ 17.003093463370707, -22.524052931069459 ] ] ] } },
{ "type": "Feature", "properties": { "Settlement": "Babylon A", "Town": "WINDHOEK", "Extension": null, "Region": null, "LA ARea": null, "Block_Code": "None", "TOWN_1": null, "EXTENSIO_1": null, "LA Area_1": null, "Set_Ext": null, "Id": "0", "Constituen": "Tobias Hainyeko", "Upgrading_": null, "Area_sqm": 0.0, "Area_Ha": 0.0, "No_Structu": 0.0, "No_HHs": 0.0, "No_Taps": 0.0, "No_Toilets": 0.0, "OBJECTID": null, "layer": "Tobias_Hainyeko", "path": "E:/UN-HABITAT 2022/NAMIMBIA_2025/ANALYTICS - NOV 2025/20251103 NamibiaData WalvisBay/Windhoek_Informal_Settlements_merged_polygons/merged_polygons - Copy/Tobias_Hainyeko.shp" }, "geometry": { "type": "Polygon", "coordinates": [ [ [ 17.057673118154444, -22.495748446950703 ], [ 17.056044430490022, -22.495862647245204 ], [ 17.054452097461038, -22.495983565101387 ], [ 17.053994029055431, -22.49590967086846 ], [ 17.053317832837628, -22.495741729283331 ], [ 17.052750700525927, -22.495399127817574 ], [ 17.0522708193391, -22.495022936995682 ], [ 17.051521913850546, -22.494458648844912 ], [ 17.051260160475913, -22.494250399064974 ], [ 17.051231076767596, -22.494048866721549 ], [ 17.051318327892474, -22.49388764063541 ], [ 17.051420120871509, -22.493692825530712 ], [ 17.05148555921517, -22.493350218991566 ], [ 17.051572810340048, -22.492947151388826 ], [ 17.051623706829581, -22.492691874633181 ], [ 17.051667332392018, -22.492376136941779 ], [ 17.051812750933493, -22.492073834221802 ], [ 17.052423508807635, -22.492396290432968 ], [ 17.05269253310933, -22.492564236078714 ], [ 17.053194227077348, -22.492806077450489 ], [ 17.053543231576885, -22.493101660775288 ], [ 17.053957674420055, -22.493403961249822 ], [ 17.054088551107334, -22.493323347854563 ], [ 17.054233969648809, -22.493168838715647 ], [ 17.054357575409099, -22.492920280173546 ], [ 17.054582974148321, -22.492685156817469 ], [ 17.054793831033454, -22.492376136941779 ], [ 17.054873811231268, -22.491872298708227 ], [ 17.055004687918618, -22.491328151355447 ], [ 17.055302795928561, -22.49130127982583 ], [ 17.055491840032502, -22.491294561942617 ], [ 17.055775406188324, -22.491341587118349 ], [ 17.055978992146365, -22.491368458640139 ], [ 17.056291642010525, -22.491422201668136 ], [ 17.05660429187466, -22.491462508925434 ], [ 17.056720626707818, -22.491637173571444 ], [ 17.056800606905632, -22.491784966561198 ], [ 17.057200507894677, -22.49176481298095 ], [ 17.058996426881762, -22.49196634865109 ], [ 17.059076407079544, -22.492073834221806 ], [ 17.05855290033028, -22.493121814160826 ], [ 17.057971226164454, -22.494230245843877 ], [ 17.057811265768787, -22.494922171423255 ], [ 17.057913058747857, -22.495546916789266 ], [ 17.057862162258356, -22.495654399578545 ], [ 17.057673118154444, -22.495748446950703 ] ] ] } },
{ "type": "Feature", "properties": { "Settlement": "Ehafo_None", "Town": "WINDHOEK", "Extension": null, "Region": null, "LA ARea": null, "Block_Code": "None", "TOWN_1": null, "EXTENSIO_1": null, "LA Area_1": null, "Set_Ext": null, "Id": "0", "Constituen": "Tobias Hainyeko", "Upgrading_": null, "Area_sqm": 0.0, "Area_Ha": 0.0, "No_Structu": 0.0, "No_HHs": 0.0, "No_Taps": 0.0, "No_Toilets": 0.0, "OBJECTID": null, "layer": "Tobias_Hainyeko", "path": "E:/UN-HABITAT 2022/NAMIMBIA_2025/ANALYTICS - NOV 2025/20251103 NamibiaData WalvisBay/Windhoek_Informal_Settlements_merged_polygons/merged_polygons - Copy/Tobias_Hainyeko.shp" }, "geometry": { "type": "Polygon", "coordinates": [ [ [ 17.055702121276305, -22.501216966562488 ], [ 17.055716555557424, -22.501132917170125 ], [ 17.05575458431386, -22.501042887029552 ], [ 17.055787253868722, -22.500955121474977 ], [ 17.055796, -22.500926 ], [ 17.055908852374856, -22.500925487298147 ], [ 17.056084765337793, -22.500928251186544 ], [ 17.056157318900002, -22.500915136199968 ], [ 17.056234, -22.500922 ], [ 17.056321603124964, -22.500929805435838 ], [ 17.056320262065558, -22.500992382290985 ], [ 17.056315318643591, -22.50101430433854 ], [ 17.056308378079173, -22.501045082887401 ], [ 17.056315508470991, -22.50107362903535 ], [ 17.056315508470991, -22.501089000035709 ], [ 17.056310754876524, -22.501148288163883 ], [ 17.056295, -22.501252 ], [ 17.056276, -22.501261 ], [ 17.055971, -22.501226 ], [ 17.055821134637629, -22.501225143106979 ], [ 17.055702121276305, -22.501216966562488 ] ] ] } },
{ "type": "Feature", "properties": { "Settlement": "Ehafo_None", "Town": "WINDHOEK", "Extension": null, "Region": null, "LA ARea": null, "Block_Code": "None", "TOWN_1": null, "EXTENSIO_1": null, "LA Area_1": null, "Set_Ext": null, "Id": "0", "Constituen": "Tobias Hainyeko", "Upgrading_": null, "Area_sqm": 0.0, "Area_Ha": 0.0, "No_Structu": 0.0, "No_HHs": 0.0, "No_Taps": 0.0, "No_Toilets": 0.0, "OBJECTID": null, "layer": "Tobias_Hainyeko", "path": "E:/UN-HABITAT 2022/NAMIMBIA_2025/ANALYTICS - NOV 2025/20251103 NamibiaData WalvisBay/Windhoek_Informal_Settlements_merged_polygons/merged_polygons - Copy/Tobias_Hainyeko.shp" }, "geometry": { "type": "Polygon", "coordinates": [ [ [ 17.055467262176382, -22.501886785448185 ], [ 17.055525323399998, -22.501954073099995 ], [ 17.055565270474737, -22.501984547434489 ], [ 17.055583829100037, -22.502021128299983 ], [ 17.055577750753585, -22.5020624910787 ], [ 17.055591540400023, -22.502125231499985 ], [ 17.055587, -22.502143 ], [ 17.055773598692092, -22.502226449320073 ], [ 17.055962, -22.502364 ], [ 17.05604930717611, -22.502402116329375 ], [ 17.055949481690504, -22.502544845610096 ], [ 17.055890061758582, -22.502685378911789 ], [ 17.055847279407651, -22.502731491370341 ], [ 17.055779, -22.502703 ], [ 17.055600092490931, -22.502698553901556 ], [ 17.055493136613443, -22.502694162238445 ], [ 17.055424209492454, -22.502700749733027 ], [ 17.055386180736019, -22.502698553901556 ], [ 17.055321, -22.50269 ], [ 17.055146124211124, -22.502509712262334 ], [ 17.054963, -22.502629 ], [ 17.054796735011553, -22.50263707060547 ], [ 17.054566185675792, -22.502608524780111 ], [ 17.054696909525948, -22.502558020613193 ], [ 17.054796735011553, -22.502520691434498 ], [ 17.054860908538007, -22.502435053868759 ], [ 17.054929835658996, -22.502391137147811 ], [ 17.054986878793663, -22.502362591271716 ], [ 17.055105718657437, -22.502312087014982 ], [ 17.055226935318561, -22.502250603547086 ], [ 17.055293485642299, -22.502134224050952 ], [ 17.055360035966036, -22.502028823667967 ], [ 17.055412325506108, -22.501971731760353 ], [ 17.055467262176382, -22.501886785448185 ] ] ] } },
{ "type": "Feature", "properties": { "Settlement": "Ehangano", "Town": "WINDHOEK", "Extension": null, "Region": null, "LA ARea": null, "Block_Code": "None", "TOWN_1": null, "EXTENSIO_1": null, "LA Area_1": null, "Set_Ext": null, "Id": "0", "Constituen": "Tobias Hainyeko", "Upgrading_": null, "Area_sqm": 0.0, "Area_Ha": 0.0, "No_Structu": 0.0, "No_HHs": 0.0, "No_Taps": 0.0, "No_Toilets": 0.0, "OBJECTID": null, "layer": "Tobias_Hainyeko", "path": "E:/UN-HABITAT 2022/NAMIMBIA_2025/ANALYTICS - NOV 2025/20251103 NamibiaData WalvisBay/Windhoek_Informal_Settlements_merged_polygons/merged_polygons - Copy/Tobias_Hainyeko.shp" }, "geometry": { "type": "Polygon", "coordinates": [ [ [ 17.058307575904195, -22.502241058872286 ], [ 17.058517402951772, -22.50193794485747 ], [ 17.058650929254863, -22.501687699065602 ], [ 17.058719599924956, -22.501574912081846 ], [ 17.058773010446174, -22.501458600408462 ], [ 17.058845496153577, -22.501349337838292 ], [ 17.058944687121492, -22.501268272004701 ], [ 17.059024802903362, -22.501095566374659 ], [ 17.059085843499016, -22.500968680468215 ], [ 17.059360526179532, -22.500972205078273 ], [ 17.059856481019406, -22.500979254298191 ], [ 17.060211279481791, -22.500979254298187 ], [ 17.060463071938912, -22.500947532805789 ], [ 17.060733939582278, -22.500954582026964 ], [ 17.060745384693927, -22.500993352736849 ], [ 17.060699604247166, -22.501099090981491 ], [ 17.060638563651512, -22.501166058494583 ], [ 17.060691974172737, -22.501282370413918 ], [ 17.060611858390903, -22.501384583838078 ], [ 17.060680529061052, -22.501437452820959 ], [ 17.060646193725944, -22.501539666130515 ], [ 17.060547002757961, -22.501684174473759 ], [ 17.060516482460137, -22.501758190883784 ], [ 17.060566077944141, -22.501902698998727 ], [ 17.060443996752767, -22.502121223178381 ], [ 17.060299025338058, -22.502336222437609 ], [ 17.06009682836488, -22.502632286444253 ], [ 17.059928966726776, -22.502826137533852 ], [ 17.05973058479082, -22.503005890119574 ], [ 17.059524572780454, -22.503171544256453 ], [ 17.059295670546661, -22.503301952692745 ], [ 17.059196479578681, -22.503361870041111 ], [ 17.058883646525835, -22.502995316444558 ], [ 17.058670004440977, -22.502716876044008 ], [ 17.058483067616731, -22.502512451089341 ], [ 17.058319021015876, -22.502343271587979 ], [ 17.058307575904195, -22.502241058872286 ] ] ] } },
{ "type": "Feature", "properties": { "Settlement": "Kasikili", "Town": "WINDHOEK", "Extension": null, "Region": null, "LA ARea": null, "Block_Code": "None", "TOWN_1": null, "EXTENSIO_1": null, "LA Area_1": null, "Set_Ext": null, "Id": "0", "Constituen": "Tobias Hainyeko", "Upgrading_": null, "Area_sqm": 0.0, "Area_Ha": 0.0, "No_Structu": 0.0, "No_HHs": 0.0, "No_Taps": 0.0, "No_Toilets": 0.0, "OBJECTID": null, "layer": "Tobias_Hainyeko", "path": "E:/UN-HABITAT 2022/NAMIMBIA_2025/ANALYTICS - NOV 2025/20251103 NamibiaData WalvisBay/Windhoek_Informal_Settlements_merged_polygons/merged_polygons - Copy/Tobias_Hainyeko.shp" }, "geometry": { "type": "Polygon", "coordinates": [ [ [ 17.04682482586416, -22.502549665405937 ], [ 17.046937625889122, -22.502563025881351 ], [ 17.046986795130771, -22.502648532893428 ], [ 17.047024395139037, -22.502795497946984 ], [ 17.047024395139037, -22.502867644370646 ], [ 17.046882672030826, -22.502902381524194 ], [ 17.046897133572454, -22.5030520183935 ], [ 17.046917379730786, -22.503169590105781 ], [ 17.046969441280748, -22.503297850041584 ], [ 17.047047533605745, -22.503450158560881 ], [ 17.047111164389015, -22.503586434462239 ], [ 17.047169010555621, -22.50374675888019 ], [ 17.047284702888881, -22.503963196549591 ], [ 17.047371472138796, -22.50410748814101 ], [ 17.047443779847086, -22.504246435457162 ], [ 17.047530549097065, -22.504409431169233 ], [ 17.047709872213602, -22.504681980947232 ], [ 17.047657810663651, -22.504823599737431 ], [ 17.047617318346983, -22.504855664349108 ], [ 17.047377256755471, -22.504754126386786 ], [ 17.047267349038918, -22.50473542201717 ], [ 17.047125625930644, -22.504722061751668 ], [ 17.046891348955842, -22.504652588350005 ], [ 17.046712025839302, -22.504628539856657 ], [ 17.046298425747899, -22.504580442857435 ], [ 17.046356271914529, -22.504225058956031 ], [ 17.046778548930916, -22.504342629671125 ], [ 17.046873995105813, -22.504043358563386 ], [ 17.04698968743908, -22.503687973281874 ], [ 17.046477748864405, -22.503586434462235 ], [ 17.046573195039333, -22.503196310935582 ], [ 17.046697564297613, -22.502867644370646 ], [ 17.046787225855894, -22.502672581731076 ], [ 17.04682482586416, -22.502549665405937 ] ] ] } },
{ "type": "Feature", "properties": { "Settlement": "Kilimandjaro", "Town": "WINDHOEK", "Extension": null, "Region": null, "LA ARea": null, "Block_Code": "None", "TOWN_1": null, "EXTENSIO_1": null, "LA Area_1": null, "Set_Ext": null, "Id": "0", "Constituen": "Tobias Hainyeko", "Upgrading_": null, "Area_sqm": 0.0, "Area_Ha": 0.0, "No_Structu": 0.0, "No_HHs": 0.0, "No_Taps": 0.0, "No_Toilets": 0.0, "OBJECTID": null, "layer": "Tobias_Hainyeko", "path": "E:/UN-HABITAT 2022/NAMIMBIA_2025/ANALYTICS - NOV 2025/20251103 NamibiaData WalvisBay/Windhoek_Informal_Settlements_merged_polygons/merged_polygons - Copy/Tobias_Hainyeko.shp" }, "geometry": { "type": "Polygon", "coordinates": [ [ [ 17.056319034050421, -22.483188778421102 ], [ 17.057023892605724, -22.48337626900118 ], [ 17.05800698480132, -22.483706584197584 ], [ 17.05815593816428, -22.483754755097952 ], [ 17.058148490496116, -22.483933675437942 ], [ 17.058126147491652, -22.484057543230239 ], [ 17.058126147491652, -22.484167647841463 ], [ 17.058163385832444, -22.484339686121107 ], [ 17.058103804487228, -22.484566776322868 ], [ 17.058051670810208, -22.484793866152138 ], [ 17.057977194128696, -22.485014074115682 ], [ 17.057917612783545, -22.485179229858439 ], [ 17.057872926774692, -22.485330622449503 ], [ 17.057843136102029, -22.485440726048083 ], [ 17.058059118478305, -22.485564592491883 ], [ 17.058170833500611, -22.485674695904333 ], [ 17.058275100854612, -22.485963716945466 ], [ 17.058319786863567, -22.486197685917737 ], [ 17.058379368208751, -22.486472943025824 ], [ 17.058438949553935, -22.486748199586515 ], [ 17.058520873903547, -22.487023455599893 ], [ 17.058558112244338, -22.487422575846931 ], [ 17.058580455248695, -22.48775288138793 ], [ 17.05864748426211, -22.488048779432287 ], [ 17.05871451327539, -22.488337795516198 ], [ 17.05884112363389, -22.488647454936284 ], [ 17.059049658342101, -22.48891582587331 ], [ 17.05919861170506, -22.489170433717099 ], [ 17.059310326727292, -22.489314940663316 ], [ 17.059436937085792, -22.489486972545453 ], [ 17.059667814798431, -22.489769104369174 ], [ 17.059794425156895, -22.48994113568677 ], [ 17.059898692510998, -22.490161335461114 ], [ 17.059965721524346, -22.490388416111529 ], [ 17.059928483183558, -22.490787526654842 ], [ 17.05985400650211, -22.491014606277755 ], [ 17.059630576457639, -22.491317378528624 ], [ 17.059489070762812, -22.491516932604551 ], [ 17.059340117399856, -22.491682080587744 ], [ 17.059213507041388, -22.491867871833158 ], [ 17.059076407079544, -22.492073834221806 ], [ 17.058996426881794, -22.491966348651069 ], [ 17.058767035774974, -22.49194060669868 ], [ 17.058493695202049, -22.491909932791806 ], [ 17.058284626360766, -22.491886471366509 ], [ 17.058085571191995, -22.491864133658503 ], [ 17.057853592732091, -22.49183810133767 ], [ 17.057562007663982, -22.491805380033895 ], [ 17.057376739866175, -22.491784589514314 ], [ 17.057200507894677, -22.49176481298095 ], [ 17.057043462317417, -22.491772727516921 ], [ 17.056800606905632, -22.491784966561198 ], [ 17.056720626707818, -22.491637173571405 ], [ 17.056604291874692, -22.491462508925405 ], [ 17.056443754045045, -22.491441812165615 ], [ 17.056208586272092, -22.491407924782813 ], [ 17.055978992146365, -22.491368458640139 ], [ 17.055870209910374, -22.491354100360539 ], [ 17.055775406188324, -22.49134158711832 ], [ 17.055595047840466, -22.491311677404855 ], [ 17.055491840032541, -22.491294561942617 ], [ 17.055302795928561, -22.49130127982583 ], [ 17.05521470104496, -22.49130922072094 ], [ 17.055131389857966, -22.491316730411992 ], [ 17.05500468791865, -22.491328151355411 ], [ 17.054968821357367, -22.491477274340117 ], [ 17.054939556402541, -22.491598949599307 ], [ 17.054902055202835, -22.491754868637369 ], [ 17.054873811231303, -22.491872298708227 ], [ 17.054848002933436, -22.492034879241963 ], [ 17.054823722187241, -22.492187836720561 ], [ 17.054793831033454, -22.492376136941779 ], [ 17.05468947113183, -22.492529080972922 ], [ 17.054582974148353, -22.492685156817437 ], [ 17.054482008727771, -22.492790478345615 ], [ 17.054357575409131, -22.4929202801735 ], [ 17.054282048003344, -22.493072158115016 ], [ 17.054233969648845, -22.493168838715608 ], [ 17.05408855110737, -22.493323347854588 ], [ 17.053957674420086, -22.4934039612498 ], [ 17.053867082747029, -22.493337882457944 ], [ 17.053760349782667, -22.493260029949308 ], [ 17.053543231576917, -22.493101660775288 ], [ 17.053357028585509, -22.492943959450649 ], [ 17.053194227077348, -22.49280607745046 ], [ 17.053020307480011, -22.492722239627611 ], [ 17.052848756586023, -22.492639543586996 ], [ 17.052692533109369, -22.492564236078714 ], [ 17.052506549597556, -22.492448130898111 ], [ 17.052423508807635, -22.492396290432936 ], [ 17.052280496020916, -22.492320785356153 ], [ 17.052149760800038, -22.49225176231084 ], [ 17.052051909898562, -22.492200100867898 ], [ 17.051959673392986, -22.49215140358854 ], [ 17.051812750933529, -22.492073834221802 ], [ 17.051899896919668, -22.491929802192828 ], [ 17.051966925932984, -22.491812822601261 ], [ 17.052048850282631, -22.491682080587736 ], [ 17.052153117636667, -22.491599506620805 ], [ 17.052257384990739, -22.491503170263723 ], [ 17.052436129026322, -22.491420596190032 ], [ 17.052570187052982, -22.49133802206708 ], [ 17.052748931088569, -22.491282972624408 ], [ 17.052994704137433, -22.491227923159823 ], [ 17.053218134181904, -22.491152230110284 ], [ 17.053434116558179, -22.49104213105517 ], [ 17.053568174584878, -22.490952675508428 ], [ 17.053694784943374, -22.490842576294568 ], [ 17.053508593239695, -22.490746239410608 ], [ 17.053292610863352, -22.490553565441452 ], [ 17.053173448173052, -22.490409059788547 ], [ 17.053262820190795, -22.490147572985538 ], [ 17.053352192208571, -22.48998242317111 ], [ 17.053560726916711, -22.489892966939344 ], [ 17.053583069921139, -22.489762223112013 ], [ 17.053486250235196, -22.489624597897176 ], [ 17.053635203598159, -22.489301178103485 ], [ 17.053739470952298, -22.488977757554075 ], [ 17.05395545332857, -22.488647454936281 ], [ 17.054193778709337, -22.48854423520655 ], [ 17.054417208753744, -22.488482303331825 ], [ 17.054491685435256, -22.488282744880063 ], [ 17.054275703059016, -22.488083186140621 ], [ 17.05446934243086, -22.487766644101626 ], [ 17.05435762740856, -22.48758772871594 ], [ 17.05437997041302, -22.487312473824758 ], [ 17.054327836736, -22.487037218386199 ], [ 17.054454447094532, -22.486823895044758 ], [ 17.054730010816058, -22.486080701481065 ], [ 17.055065155882698, -22.485557711025692 ], [ 17.055288585927102, -22.485179229858435 ], [ 17.055929085387962, -22.484883325679586 ], [ 17.056115277091642, -22.484573657838332 ], [ 17.05629402112719, -22.4839612016236 ], [ 17.056189753773086, -22.483507018860717 ], [ 17.056319034050421, -22.483188778421102 ] ] ] } },
{ "type": "Feature", "properties": { "Settlement": "Mayalisa", "Town": "WINDHOEK", "Extension": null, "Region": null, "LA ARea": null, "Block_Code": "None", "TOWN_1": null, "EXTENSIO_1": null, "LA Area_1": null, "Set_Ext": null, "Id": "0", "Constituen": "Tobias Hainyeko", "Upgrading_": null, "Area_sqm": 0.0, "Area_Ha": 0.0, "No_Structu": 0.0, "No_HHs": 0.0, "No_Taps": 0.0, "No_Toilets": 0.0, "OBJECTID": null, "layer": "Tobias_Hainyeko", "path": "E:/UN-HABITAT 2022/NAMIMBIA_2025/ANALYTICS - NOV 2025/20251103 NamibiaData WalvisBay/Windhoek_Informal_Settlements_merged_polygons/merged_polygons - Copy/Tobias_Hainyeko.shp" }, "geometry": { "type": "Polygon", "coordinates": [ [ [ 17.057276017189587, -22.508497350653808 ], [ 17.057542221491357, -22.508397124916506 ], [ 17.057829148947743, -22.508289133266956 ], [ 17.057985010775869, -22.508207321355101 ], [ 17.058275480546524, -22.508217138787089 ], [ 17.058275480546524, -22.508462574360056 ], [ 17.058261311289428, -22.508691647168433 ], [ 17.058133352500018, -22.50869178209998 ], [ 17.057797825000026, -22.508711563399981 ], [ 17.057766309, -22.508750958399972 ], [ 17.057597413700048, -22.508798651399999 ], [ 17.057549492894687, -22.508799791801977 ], [ 17.057428350699986, -22.508802674699997 ], [ 17.057378226899999, -22.50879580159997 ], [ 17.057334905921596, -22.508748451543649 ], [ 17.057276017189587, -22.508497350653808 ] ] ] } },
{ "type": "Feature", "properties": { "Settlement": "Okahandja Park A", "Town": "WINDHOEK", "Extension": null, "Region": null, "LA ARea": null, "Block_Code": "None", "TOWN_1": null, "EXTENSIO_1": null, "LA Area_1": null, "Set_Ext": null, "Id": "0", "Constituen": "Tobias Hainyeko", "Upgrading_": null, "Area_sqm": 0.0, "Area_Ha": 0.0, "No_Structu": 0.0, "No_HHs": 0.0, "No_Taps": 0.0, "No_Toilets": 0.0, "OBJECTID": null, "layer": "Tobias_Hainyeko", "path": "E:/UN-HABITAT 2022/NAMIMBIA_2025/ANALYTICS - NOV 2025/20251103 NamibiaData WalvisBay/Windhoek_Informal_Settlements_merged_polygons/merged_polygons - Copy/Tobias_Hainyeko.shp" }, "geometry": { "type": "Polygon", "coordinates": [ [ [ 17.061675549202608, -22.492971627993423 ], [ 17.061675549202608, -22.493035836788835 ], [ 17.061652714939012, -22.493087203803686 ], [ 17.061663635673774, -22.493111052768402 ], [ 17.061680513172949, -22.493143157137464 ], [ 17.061730152876411, -22.493153247080496 ], [ 17.061751001551862, -22.4931633370228 ], [ 17.061771850227316, -22.493168840627362 ], [ 17.061855244929134, -22.493175261499097 ], [ 17.062007142421727, -22.493180765103197 ], [ 17.062157054326175, -22.493196358646969 ], [ 17.062177903001629, -22.493211952188975 ], [ 17.062257326527167, -22.493256898270815 ], [ 17.062298031084008, -22.493272491806007 ], [ 17.062486661957156, -22.493319272401031 ], [ 17.062547222395377, -22.493328445064854 ], [ 17.062576013423385, -22.493338534994372 ], [ 17.062607782833599, -22.493339452260656 ], [ 17.062657422537061, -22.493344955858234 ], [ 17.062771593855018, -22.493364218448008 ], [ 17.062810312823718, -22.493363301181876 ], [ 17.062839103851729, -22.493370639310672 ], [ 17.062845060616141, -22.493369722044591 ], [ 17.062887750761117, -22.493380729237117 ], [ 17.062888743555188, -22.493390819162812 ], [ 17.062955260757825, -22.49342659252984 ], [ 17.062958239140031, -22.493418337138262 ], [ 17.063033691489291, -22.493441268780302 ], [ 17.063180625011533, -22.493441268780302 ], [ 17.063538030876447, -22.493481628461048 ], [ 17.06372467616146, -22.493558678727961 ], [ 17.063808070863278, -22.493580693082052 ], [ 17.063855724978598, -22.493606376490739 ], [ 17.064097966731492, -22.493635728951951 ], [ 17.064221073196073, -22.493562347787204 ], [ 17.064336237308101, -22.49345227596713 ], [ 17.064447430243852, -22.493331196863888 ], [ 17.064582450237268, -22.493239470200002 ], [ 17.064581131600004, -22.493534535200002 ], [ 17.064553722700005, -22.493857992799999 ], [ 17.064542407200001, -22.4939702265 ], [ 17.064513741100004, -22.494219001399998 ], [ 17.064454145700001, -22.494654860299999 ], [ 17.064269827699999, -22.495574522799991 ], [ 17.0642010123, -22.495883060599997 ], [ 17.064058855199999, -22.496483288699999 ], [ 17.063988782500001, -22.496762657499996 ], [ 17.063828017599999, -22.497424492599997 ], [ 17.063797675099998, -22.497549969700003 ], [ 17.063773199900002, -22.497659856499997 ], [ 17.0636942424, -22.498019104800001 ], [ 17.063678233, -22.498088087900005 ], [ 17.063658032599999, -22.4981464259 ], [ 17.0636321325, -22.498195627700003 ], [ 17.0635982696, -22.498239381200001 ], [ 17.063559712799997, -22.498279446699996 ], [ 17.063514702, -22.498313896400003 ], [ 17.063461393099999, -22.498341640500009 ], [ 17.0634033903, -22.498359158599996 ], [ 17.063337005699999, -22.498365612699999 ], [ 17.063080687100005, -22.498327810300001 ], [ 17.062711967199998, -22.4982085358 ], [ 17.062644828100002, -22.498169057099997 ], [ 17.062594285199999, -22.498134858899999 ], [ 17.062357580299999, -22.497892286599996 ], [ 17.062301924500002, -22.497818777300001 ], [ 17.061997214481014, -22.497521206037181 ], [ 17.061909848602923, -22.497359771957065 ], [ 17.061671578026314, -22.497051579099164 ], [ 17.061504788622688, -22.496838778868025 ], [ 17.061117477700002, -22.496565934299998 ], [ 17.059866059600001, -22.496155137200006 ], [ 17.0593302883, -22.495980542200002 ], [ 17.058827793199999, -22.495838720399991 ], [ 17.0582482684, -22.495744843 ], [ 17.058183057200001, -22.495738472799999 ], [ 17.058121198799999, -22.495728330699997 ], [ 17.058072919, -22.495714584400005 ], [ 17.0580367092, -22.495698994 ], [ 17.0580087136, -22.495681643499996 ], [ 17.057982729700001, -22.495662616599997 ], [ 17.057954231299998, -22.495640739799995 ], [ 17.057927995899998, -22.495616264599992 ], [ 17.057903939900001, -22.495585419199998 ], [ 17.057886673100001, -22.495543593499999 ], [ 17.057875944300001, -22.4954906199 ], [ 17.057839483, -22.4952655658 ], [ 17.0578093082, -22.4949386716 ], [ 17.057892121399998, -22.494469871699998 ], [ 17.0581999049, -22.493777526500004 ], [ 17.058352120199999, -22.493472509100002 ], [ 17.0585174952, -22.493139077 ], [ 17.0587397832, -22.492693997899991 ], [ 17.058941285749242, -22.492300314653857 ], [ 17.059012766922205, -22.49216639270648 ], [ 17.059098147212136, -22.492004952378448 ], [ 17.059187498678341, -22.491878368353131 ], [ 17.059249051910619, -22.49182516633692 ], [ 17.059296706025926, -22.491797648044638 ], [ 17.059355280876002, -22.491752242850428 ], [ 17.059370296886303, -22.491774945449411 ], [ 17.059389718420288, -22.491774587138238 ], [ 17.059412707807947, -22.49177381318605 ], [ 17.059448448394427, -22.491781552707629 ], [ 17.05947525383429, -22.491785680452292 ], [ 17.059504293060805, -22.491788088303299 ], [ 17.059551574878341, -22.491787400345878 ], [ 17.05955418096277, -22.491791184111669 ], [ 17.059597631215748, -22.491816323219634 ], [ 17.059707334960397, -22.491860811116769 ], [ 17.059728680032887, -22.491861728392848 ], [ 17.059755485472753, -22.491867232049199 ], [ 17.059858736055951, -22.491918599497865 ], [ 17.060067222810492, -22.491955290520949 ], [ 17.060158559864856, -22.492002988836422 ], [ 17.060216141920868, -22.492047018036104 ], [ 17.060251882507362, -22.492037845287332 ], [ 17.060316414121854, -22.492064446257121 ], [ 17.060376974560079, -22.492127738199159 ], [ 17.060373003383802, -22.492130490022063 ], [ 17.060373996177873, -22.492159842796365 ], [ 17.06038293132449, -22.492226803789436 ], [ 17.060398816029601, -22.492266246551022 ], [ 17.060404772794016, -22.492268998371184 ], [ 17.060476253967, -22.492320365670707 ], [ 17.060508023377203, -22.492355222041681 ], [ 17.060686726309665, -22.492422182940203 ], [ 17.060740337189408, -22.492450618380463 ], [ 17.060776574172927, -22.492464377462358 ], [ 17.060948823943932, -22.492526751949811 ], [ 17.06100938438216, -22.492616644544036 ], [ 17.060962723060904, -22.49272213067707 ], [ 17.060953787914283, -22.492900081014891 ], [ 17.060978607766017, -22.492995476978059 ], [ 17.061010377176231, -22.492994559709491 ], [ 17.061062995261899, -22.493000063320789 ], [ 17.061179152167995, -22.493002815126356 ], [ 17.061330056866517, -22.492994559709498 ], [ 17.061373739805568, -22.493000063320796 ], [ 17.06142437230309, -22.49300740146883 ], [ 17.061447206566683, -22.493005566931856 ], [ 17.06146309127179, -22.492972545262148 ], [ 17.061497839064216, -22.49295970349959 ], [ 17.06156534906092, -22.492939523584564 ], [ 17.06162789508728, -22.492939523584564 ], [ 17.061668599644122, -22.492928516356947 ], [ 17.061675549202608, -22.492971627993423 ] ] ] } },
{ "type": "Feature", "properties": { "Settlement": "Okahandja Park B", "Town": "WINDHOEK", "Extension": null, "Region": null, "LA ARea": null, "Block_Code": "None", "TOWN_1": null, "EXTENSIO_1": null, "LA Area_1": null, "Set_Ext": null, "Id": "0", "Constituen": "Tobias Hainyeko", "Upgrading_": null, "Area_sqm": 0.0, "Area_Ha": 0.0, "No_Structu": 0.0, "No_HHs": 0.0, "No_Taps": 0.0, "No_Toilets": 0.0, "OBJECTID": null, "layer": "Tobias_Hainyeko", "path": "E:/UN-HABITAT 2022/NAMIMBIA_2025/ANALYTICS - NOV 2025/20251103 NamibiaData WalvisBay/Windhoek_Informal_Settlements_merged_polygons/merged_polygons - Copy/Tobias_Hainyeko.shp" }, "geometry": { "type": "Polygon", "coordinates": [ [ [ 17.062531229102564, -22.498072594295859 ], [ 17.062718867181601, -22.498212931164431 ], [ 17.062939267464909, -22.498282640928579 ], [ 17.06310010010408, -22.49833033706275 ], [ 17.063330428328079, -22.498368860851429 ], [ 17.063411837441734, -22.498357854055758 ], [ 17.063509131260489, -22.498319330264017 ], [ 17.063623302578421, -22.498218434568141 ], [ 17.063559763758008, -22.498526624826443 ], [ 17.063524023171521, -22.498611010134585 ], [ 17.063492253761318, -22.49876877383344 ], [ 17.063452541998558, -22.498937544102805 ], [ 17.063387129500001, -22.499076146599997 ], [ 17.063363492499999, -22.499133395 ], [ 17.063359972099999, -22.499144543 ], [ 17.063332563300001, -22.499308073900004 ], [ 17.063285373199999, -22.499493900700003 ], [ 17.0632824395, -22.499505886800005 ], [ 17.063281433699999, -22.499517034699995 ], [ 17.063263831699999, -22.499579228499996 ], [ 17.063261317100004, -22.499590879300001 ], [ 17.063258718699998, -22.499602865399993 ], [ 17.063233573, -22.499700766100002 ], [ 17.063228962899998, -22.499712249299993 ], [ 17.063225945500001, -22.499725827900004 ], [ 17.063223514699999, -22.499738736099999 ], [ 17.063222341199999, -22.499750470699997 ], [ 17.063218988500001, -22.499761115799988 ], [ 17.063212199100001, -22.499783830699997 ], [ 17.063170122, -22.499967059099998 ], [ 17.0631670207, -22.499977620300001 ], [ 17.063164673700001, -22.499989606399996 ], [ 17.063161404799999, -22.500000670599999 ], [ 17.063156962400001, -22.500011734700003 ], [ 17.063154447799999, -22.500023134099994 ], [ 17.063154112500001, -22.500034365800005 ], [ 17.063146401200001, -22.500064456800008 ], [ 17.063106335699999, -22.500213151799993 ], [ 17.063107090100001, -22.500224718799998 ], [ 17.063080687100005, -22.500339383299995 ], [ 17.063075574100001, -22.500350531199995 ], [ 17.0630734786, -22.500361008599999 ], [ 17.063075490300001, -22.500371402099997 ], [ 17.063075574100001, -22.500381209 ], [ 17.063071886100005, -22.500398727100006 ], [ 17.063066856900001, -22.500403840099999 ], [ 17.063066689300001, -22.500399732999988 ], [ 17.062967866699999, -22.5004222803 ], [ 17.062954623300001, -22.500427728499997 ], [ 17.062807520900002, -22.500452622800005 ], [ 17.0626603346, -22.500426806500002 ], [ 17.062614569400001, -22.500410294200005 ], [ 17.0624306705, -22.500349944499998 ], [ 17.062416337399998, -22.50034458 ], [ 17.062340732700001, -22.500336701099993 ], [ 17.062215758499999, -22.500309879 ], [ 17.062184913100005, -22.500299150099995 ], [ 17.062079468699999, -22.500293450399997 ], [ 17.0620104019, -22.500302586699995 ], [ 17.0619817358, -22.500292444599992 ], [ 17.061935132399999, -22.500271238399996 ], [ 17.061925241699999, -22.5002678018 ], [ 17.061844021100001, -22.500301078 ], [ 17.061723321700001, -22.5002976414 ], [ 17.061511678599999, -22.5003212783 ], [ 17.061470188200001, -22.500329073500005 ], [ 17.0612916537, -22.500327229500002 ], [ 17.061261478799999, -22.500316835900005 ], [ 17.061112113299998, -22.500320021099995 ], [ 17.061019744700001, -22.500311387699998 ], [ 17.060872893799999, -22.500293366600001 ], [ 17.060697376699999, -22.500310968599997 ], [ 17.060674578, -22.50031381849999 ], [ 17.0606624242, -22.500317003599996 ], [ 17.060651527699999, -22.5003194343 ], [ 17.0606371947, -22.500321026900007 ], [ 17.0606125519, -22.500335024699996 ], [ 17.060601655399999, -22.500342652199997 ], [ 17.060588747299999, -22.500348184300002 ], [ 17.060536947100001, -22.500347178399991 ], [ 17.060214730291541, -22.500333445195434 ], [ 17.059960078612857, -22.500327253960918 ], [ 17.059750102667273, -22.500380911317599 ], [ 17.059432904962243, -22.500354082641849 ], [ 17.058906848204956, -22.500325706152235 ], [ 17.058509234180345, -22.500296813720468 ], [ 17.058142893168899, -22.500321578662351 ], [ 17.057910579356765, -22.500338088621159 ], [ 17.057749746717594, -22.500259666299314 ], [ 17.0573163921065, -22.500197753908562 ], [ 17.057119818880846, -22.500222518868192 ], [ 17.056914310508571, -22.500185371427094 ], [ 17.056695399416366, -22.500230773853751 ], [ 17.0565045811, -22.500176606699998 ], [ 17.0564635936, -22.499919282299995 ], [ 17.056444734300001, -22.499304553500007 ], [ 17.056356221400002, -22.498651603199995 ], [ 17.056337948900001, -22.498609861399988 ], [ 17.056323532, -22.498570466400004 ], [ 17.056317916099999, -22.498532831699993 ], [ 17.056320346900002, -22.498493101399998 ], [ 17.056335015199998, -22.498450102300005 ], [ 17.056361753499999, -22.498408025100002 ], [ 17.0564025734, -22.498362846700005 ], [ 17.057029707400002, -22.4979686458 ], [ 17.0572151989, -22.497837636599993 ], [ 17.057681232699998, -22.4973426014 ], [ 17.0577512216, -22.497223075499999 ], [ 17.057963367599999, -22.496506506600003 ], [ 17.057978455, -22.496255636199997 ], [ 17.057940549327729, -22.496050993804694 ], [ 17.057891902418348, -22.495791412291208 ], [ 17.057903505699034, -22.495585890804879 ], [ 17.057929194245563, -22.495616848035723 ], [ 17.057954510494319, -22.495641613815437 ], [ 17.057986155805271, -22.495665003714411 ], [ 17.058016001676972, -22.495684781934742 ], [ 17.058039580536107, -22.495700432524455 ], [ 17.058072901187046, -22.49571436326767 ], [ 17.058103615753559, -22.495723650429031 ], [ 17.058181301889451, -22.49573706521657 ], [ 17.058281077693383, -22.495750823971658 ], [ 17.058464853182763, -22.495780276303268 ], [ 17.058830092813512, -22.495834523035665 ], [ 17.059175585149504, -22.495937254968286 ], [ 17.059870540997768, -22.496153725576587 ], [ 17.061121461524653, -22.496575658839649 ], [ 17.061506665623408, -22.496836156124793 ], [ 17.06188392736961, -22.497331466511156 ], [ 17.062002069863816, -22.497526838453652 ], [ 17.062266153086156, -22.497774492632065 ], [ 17.062531229102564, -22.498072594295859 ] ] ] } },
{ "type": "Feature", "properties": { "Settlement": "Okahandja Park C", "Town": "WINDHOEK", "Extension": null, "Region": null, "LA ARea": null, "Block_Code": "None", "TOWN_1": null, "EXTENSIO_1": null, "LA Area_1": null, "Set_Ext": null, "Id": "0", "Constituen": "Tobias Hainyeko", "Upgrading_": null, "Area_sqm": 0.0, "Area_Ha": 0.0, "No_Structu": 0.0, "No_HHs": 0.0, "No_Taps": 0.0, "No_Toilets": 0.0, "OBJECTID": null, "layer": "Tobias_Hainyeko", "path": "E:/UN-HABITAT 2022/NAMIMBIA_2025/ANALYTICS - NOV 2025/20251103 NamibiaData WalvisBay/Windhoek_Informal_Settlements_merged_polygons/merged_polygons - Copy/Tobias_Hainyeko.shp" }, "geometry": { "type": "Polygon", "coordinates": [ [ [ 17.056271818577056, -22.498362262715609 ], [ 17.056373075019408, -22.498572749745474 ], [ 17.056423703240633, -22.498806623847432 ], [ 17.056474331461789, -22.499075578575862 ], [ 17.056474331461789, -22.499344532781407 ], [ 17.056493317044755, -22.499625180090533 ], [ 17.056505974100009, -22.499853205609895 ], [ 17.056493317044755, -22.500022762803699 ], [ 17.056537616738268, -22.500157239051006 ], [ 17.056480659989433, -22.500227400519467 ], [ 17.056413805100039, -22.500244332499978 ], [ 17.056337362200036, -22.500262437399986 ], [ 17.056231129007273, -22.500245881919675 ], [ 17.056127646899998, -22.500231675799977 ], [ 17.056052964200024, -22.500243326600014 ], [ 17.055955566500021, -22.500316500699977 ], [ 17.055811737271572, -22.500344446435935 ], [ 17.055719364400037, -22.5003392994 ], [ 17.055553151300018, -22.500322787099972 ], [ 17.055409820800033, -22.500285990499982 ], [ 17.055291468300027, -22.500251373300003 ], [ 17.055158447499991, -22.500225557 ], [ 17.055059373400042, -22.500218683899998 ], [ 17.054955354, -22.500282554 ], [ 17.054796936000017, -22.500313147899991 ], [ 17.054711026868819, -22.500285475723974 ], [ 17.054647570500002, -22.500265035799991 ], [ 17.054550424199981, -22.500271154599979 ], [ 17.054451105442812, -22.500195742391277 ], [ 17.054353449500038, -22.500150203700002 ], [ 17.054359987399994, -22.500091027500005 ], [ 17.054431736500021, -22.50007007269998 ], [ 17.054555788599984, -22.499985415499982 ], [ 17.054688055100044, -22.499885587 ], [ 17.054817136400054, -22.49980914409997 ], [ 17.054897328709711, -22.49973946008582 ], [ 17.05494378690004, -22.499699089699984 ], [ 17.055071359500037, -22.499587107399993 ], [ 17.055052667900039, -22.499473029699981 ], [ 17.054939009200005, -22.49939449129997 ], [ 17.054784447, -22.499287873499988 ], [ 17.054668525200011, -22.499220399199992 ], [ 17.054616306000018, -22.499136328700015 ], [ 17.05454497600001, -22.499029627099976 ], [ 17.054505573320039, -22.49897592692918 ], [ 17.054873875262281, -22.498861275438028 ], [ 17.055385824706235, -22.498718921105517 ], [ 17.055797179003374, -22.498555209171897 ], [ 17.056104910022764, -22.498430112996971 ], [ 17.056271818577056, -22.498362262715609 ] ] ] } },
{ "type": "Feature", "properties": { "Settlement": "Okahandja Park D", "Town": "WINDHOEK", "Extension": null, "Region": null, "LA ARea": null, "Block_Code": "None", "TOWN_1": null, "EXTENSIO_1": null, "LA Area_1": null, "Set_Ext": null, "Id": "0", "Constituen": "Tobias Hainyeko", "Upgrading_": null, "Area_sqm": 0.0, "Area_Ha": 0.0, "No_Structu": 0.0, "No_HHs": 0.0, "No_Taps": 0.0, "No_Toilets": 0.0, "OBJECTID": null, "layer": "Tobias_Hainyeko", "path": "E:/UN-HABITAT 2022/NAMIMBIA_2025/ANALYTICS - NOV 2025/20251103 NamibiaData WalvisBay/Windhoek_Informal_Settlements_merged_polygons/merged_polygons - Copy/Tobias_Hainyeko.shp" }, "geometry": { "type": "MultiPolygon", "coordinates": [ [ [ [ 17.062647060095006, -22.491668772278203 ], [ 17.062620024095136, -22.491681001711466 ], [ 17.06277585483679, -22.491596722179711 ], [ 17.062647060095006, -22.491668772278203 ] ] ], [ [ [ 17.062647060095006, -22.491668772278203 ], [ 17.06295498424009, -22.491529486146515 ], [ 17.063186042353447, -22.491442758678364 ], [ 17.063514743301663, -22.491338473166802 ], [ 17.063900363097229, -22.491208750604883 ], [ 17.064086041067473, -22.49104826359806 ], [ 17.064206020690836, -22.490955562114298 ], [ 17.064284372301476, -22.490897977412455 ], [ 17.064377445080353, -22.490813640730408 ], [ 17.064581526522407, -22.490682087746983 ], [ 17.06461901780002, -22.490647137199957 ], [ 17.064632261200043, -22.490716371700007 ], [ 17.064632596399999, -22.490759706099983 ], [ 17.064627567300011, -22.490779822699988 ], [ 17.064626896800011, -22.490824246799978 ], [ 17.06463326700003, -22.490846961700004 ], [ 17.064634021400032, -22.490869592899983 ], [ 17.064632093500041, -22.49091083179998 ], [ 17.064634775700007, -22.491008564799962 ], [ 17.064639302, -22.491026921200007 ], [ 17.064621280899999, -22.491145692800014 ], [ 17.064624130700043, -22.491176286699989 ], [ 17.06461507829999, -22.491320204000015 ], [ 17.064617509000016, -22.4914849084 ], [ 17.064615162099997, -22.491597980299954 ], [ 17.064614575400032, -22.491726642499966 ], [ 17.064603511199991, -22.491881539999984 ], [ 17.064600074700046, -22.491901740400003 ], [ 17.064599571699993, -22.491931077099984 ], [ 17.064599068800003, -22.491985559500019 ], [ 17.064608121300012, -22.491984805099964 ], [ 17.064603259800005, -22.492127381299998 ], [ 17.064603176, -22.492295522199996 ], [ 17.064602505400003, -22.492325361799963 ], [ 17.064606780200013, -22.492345981299955 ], [ 17.064602840699983, -22.49238638209998 ], [ 17.064602002500013, -22.492459891399992 ], [ 17.064605103800034, -22.492481348999988 ], [ 17.064599990800048, -22.492500208300008 ], [ 17.064602086299981, -22.492521079300005 ], [ 17.064593117700003, -22.492687040900016 ], [ 17.06459663810001, -22.492707576599976 ], [ 17.064590183999989, -22.492756945999989 ], [ 17.064592782399984, -22.492873705900006 ], [ 17.064592531000038, -22.492968169999955 ], [ 17.064596135199984, -22.4929876998 ], [ 17.064595716099998, -22.493107560999984 ], [ 17.064577611199997, -22.493246533 ], [ 17.064561937000025, -22.493257848500001 ], [ 17.064543915900028, -22.493270253800016 ], [ 17.064509298700042, -22.493293639299996 ], [ 17.064476944500004, -22.493312330899993 ], [ 17.064446266700017, -22.493325574300009 ], [ 17.06438264809999, -22.493395982299987 ], [ 17.064323974800043, -22.493472173800008 ], [ 17.064235964800009, -22.493555825200005 ], [ 17.064128089700024, -22.49363293869995 ], [ 17.064051311500009, -22.493642745499997 ], [ 17.063946202399993, -22.493620030599981 ], [ 17.063839668400043, -22.493592789399973 ], [ 17.063736822499997, -22.493569487699975 ], [ 17.063643029000012, -22.493535121900006 ], [ 17.063560802499996, -22.493494721099999 ], [ 17.063450748100035, -22.493463037499978 ], [ 17.063403977100013, -22.493461612599972 ], [ 17.063370030400026, -22.493448704499983 ], [ 17.063301634, -22.493443088599992 ], [ 17.063245391500043, -22.493443842999977 ], [ 17.063191663500042, -22.49343931669997 ], [ 17.063101055100049, -22.493436047800007 ], [ 17.063027126700046, -22.493447866299974 ], [ 17.062957808400036, -22.493419367799973 ], [ 17.062953701200033, -22.493426576299996 ], [ 17.062943978200021, -22.493423642600021 ], [ 17.062944481100011, -22.493423642600018 ], [ 17.062887819500027, -22.493389779699989 ], [ 17.062886226899984, -22.493389612099964 ], [ 17.062886059300041, -22.493388773900008 ], [ 17.062889160599997, -22.493380894899996 ], [ 17.062885724000026, -22.493382487400009 ], [ 17.062883544700018, -22.493383493299998 ], [ 17.062844065900027, -22.493368238199956 ], [ 17.062839791200044, -22.493371507200006 ], [ 17.062836354600009, -22.49336916019999 ], [ 17.062806598800037, -22.493362789999967 ], [ 17.062772652100051, -22.493364969299982 ], [ 17.062657652400009, -22.493343176299948 ], [ 17.062577772900042, -22.493339488299974 ], [ 17.062550950800009, -22.493328591799983 ], [ 17.062534857500047, -22.493328675599951 ], [ 17.0624305867, -22.493308810499972 ], [ 17.062320699899985, -22.49327938999998 ], [ 17.062234450100004, -22.493249466599959 ], [ 17.062157755699996, -22.493198504699986 ], [ 17.062044683799982, -22.49318291429995 ], [ 17.061938568899983, -22.493176795499995 ], [ 17.061841590300006, -22.493174029499976 ], [ 17.061752490700044, -22.49316489320001 ], [ 17.061731619800042, -22.493152990899976 ], [ 17.061676969800029, -22.493141759200018 ], [ 17.061651656400009, -22.493085851899984 ], [ 17.061675880100012, -22.493034806099985 ], [ 17.061676718299982, -22.493018377600016 ], [ 17.061672192100026, -22.493016114500012 ], [ 17.061674539000045, -22.493011839700007 ], [ 17.061676047700022, -22.493007061999972 ], [ 17.061678897599993, -22.492985855799997 ], [ 17.06166878240613, -22.492931072005014 ], [ 17.061671940600082, -22.492930451399999 ], [ 17.061669677500035, -22.4929285236 ], [ 17.061668420200039, -22.492929110299993 ], [ 17.06166878240613, -22.492931072005014 ], [ 17.061633551500041, -22.492937995099997 ], [ 17.061556270300041, -22.492940509699956 ], [ 17.061460046099999, -22.492975294600001 ], [ 17.061444958700047, -22.493004547400016 ], [ 17.061432637300001, -22.493006894399969 ], [ 17.061329120800032, -22.492995411200006 ], [ 17.061301292900051, -22.493002871100014 ], [ 17.061204230400037, -22.493002116699987 ], [ 17.061101468299999, -22.493001697599997 ], [ 17.061062995261942, -22.493000063320757 ], [ 17.061031458646664, -22.492949166667877 ], [ 17.061040950806802, -22.492861466046243 ], [ 17.061031458646664, -22.492773765369076 ], [ 17.061064681207039, -22.492659754405672 ], [ 17.061116888087518, -22.492563283517065 ], [ 17.061153146714076, -22.492504176869719 ], [ 17.061453710776711, -22.492318182543183 ], [ 17.061569865922859, -22.492242870718627 ], [ 17.061683510511031, -22.492169186631614 ], [ 17.061748116733909, -22.492111623462279 ], [ 17.061887338006891, -22.492071465698395 ], [ 17.062178015002122, -22.49196496538001 ], [ 17.062441753614415, -22.491783624344048 ], [ 17.062647060095006, -22.491668772278203 ] ] ] ] } },
{ "type": "Feature", "properties": { "Settlement": "Okahandja Park E", "Town": "WINDHOEK", "Extension": null, "Region": null, "LA ARea": null, "Block_Code": "None", "TOWN_1": null, "EXTENSIO_1": null, "LA Area_1": null, "Set_Ext": null, "Id": "0", "Constituen": "Tobias Hainyeko", "Upgrading_": null, "Area_sqm": 0.0, "Area_Ha": 0.0, "No_Structu": 0.0, "No_HHs": 0.0, "No_Taps": 0.0, "No_Toilets": 0.0, "OBJECTID": null, "layer": "Tobias_Hainyeko", "path": "E:/UN-HABITAT 2022/NAMIMBIA_2025/ANALYTICS - NOV 2025/20251103 NamibiaData WalvisBay/Windhoek_Informal_Settlements_merged_polygons/merged_polygons - Copy/Tobias_Hainyeko.shp" }, "geometry": { "type": "Polygon", "coordinates": [ [ [ 17.064590725763384, -22.490682685715395 ], [ 17.064491085790959, -22.490564320839646 ], [ 17.064202841584965, -22.490304575340755 ], [ 17.064079318258347, -22.490195044049283 ], [ 17.063949716429338, -22.490084752592203 ], [ 17.063804281695187, -22.489956055297942 ], [ 17.063615677461655, -22.489748915611376 ], [ 17.06356209491048, -22.489658151849532 ], [ 17.063487568925634, -22.489531911797634 ], [ 17.06335815694721, -22.489438497606514 ], [ 17.063259820417183, -22.489367514742547 ], [ 17.063067372927538, -22.489244414099794 ], [ 17.062875728158065, -22.489181018174772 ], [ 17.062747386273159, -22.489170238018655 ], [ 17.062519637764712, -22.489282028196701 ], [ 17.062495197771465, -22.489361062929586 ], [ 17.062064140747843, -22.489170238018655 ], [ 17.061907563648262, -22.489170238018655 ], [ 17.06175810368962, -22.489222845172495 ], [ 17.061565940885636, -22.489275452306408 ], [ 17.06143071520874, -22.489235996957845 ], [ 17.061466300913207, -22.489137358537313 ], [ 17.061544589462947, -22.489025568242393 ], [ 17.061701166562496, -22.488920353764723 ], [ 17.061864860802952, -22.488788835555081 ], [ 17.061971617916321, -22.488584982083189 ], [ 17.062085492170532, -22.488387704243873 ], [ 17.062170897861179, -22.488216729888997 ], [ 17.062242069270045, -22.488065483168189 ], [ 17.062355943524288, -22.487887932459046 ], [ 17.062370177806066, -22.48776956519303 ], [ 17.062462700637621, -22.487624893952731 ], [ 17.062555223469179, -22.487499950487074 ], [ 17.062896846231872, -22.487480222561171 ], [ 17.06298225192252, -22.487407886808668 ], [ 17.062989369063427, -22.487302671101244 ], [ 17.063024954767826, -22.487098815440412 ], [ 17.063188649008318, -22.48713827139817 ], [ 17.063288288980743, -22.487217183280038 ], [ 17.063580091757188, -22.487269791176232 ], [ 17.063914597378975, -22.487335551018372 ], [ 17.064163697310047, -22.487309247085264 ], [ 17.064298922986982, -22.48730267110124 ], [ 17.064441265804714, -22.487348702983066 ], [ 17.064597842904295, -22.487434190723032 ], [ 17.06487541139899, -22.487480222561182 ], [ 17.06511739418919, -22.487394734849602 ], [ 17.065238385584305, -22.48745391865555 ], [ 17.065416314106507, -22.487624893952731 ], [ 17.065572891206092, -22.487920812237217 ], [ 17.065644062614989, -22.488085211010727 ], [ 17.06553018836075, -22.48840085610858 ], [ 17.065587125487838, -22.488565254311897 ], [ 17.06511739418919, -22.489341211195615 ], [ 17.06481847427187, -22.490051405208188 ], [ 17.064718834299409, -22.490564320839642 ], [ 17.064590725763384, -22.490682685715395 ] ] ] } },
{ "type": "Feature", "properties": { "Settlement": "Okahandja Park F", "Town": "WINDHOEK", "Extension": null, "Region": null, "LA ARea": null, "Block_Code": "None", "TOWN_1": null, "EXTENSIO_1": null, "LA Area_1": null, "Set_Ext": null, "Id": "0", "Constituen": "Tobias Hainyeko", "Upgrading_": null, "Area_sqm": 0.0, "Area_Ha": 0.0, "No_Structu": 0.0, "No_HHs": 0.0, "No_Taps": 0.0, "No_Toilets": 0.0, "OBJECTID": null, "layer": "Tobias_Hainyeko", "path": "E:/UN-HABITAT 2022/NAMIMBIA_2025/ANALYTICS - NOV 2025/20251103 NamibiaData WalvisBay/Windhoek_Informal_Settlements_merged_polygons/merged_polygons - Copy/Tobias_Hainyeko.shp" }, "geometry": { "type": "Polygon", "coordinates": [ [ [ 17.05931692436479, -22.491754540814107 ], [ 17.059615844282074, -22.49134684230706 ], [ 17.059879178494928, -22.490991749080308 ], [ 17.059955589805977, -22.490592271822884 ], [ 17.059922782574233, -22.490242947733506 ], [ 17.05979442515693, -22.48994113568677 ], [ 17.06018211259866, -22.489859740875229 ], [ 17.060795056625945, -22.489755093280511 ], [ 17.061068216464168, -22.489576576612702 ], [ 17.061301401691907, -22.489410371232239 ], [ 17.061430715208775, -22.489235996957845 ], [ 17.061565940885668, -22.48927545230638 ], [ 17.06175810368962, -22.489222845172495 ], [ 17.061907563648294, -22.489170238018634 ], [ 17.062064140747879, -22.489170238018623 ], [ 17.062249837027345, -22.489252444056262 ], [ 17.062495197771465, -22.489361062929543 ], [ 17.062519637764744, -22.489282028196701 ], [ 17.062747386273159, -22.489170238018623 ], [ 17.062982251922516, -22.489189965703716 ], [ 17.063259820417219, -22.489367514742543 ], [ 17.063487568925634, -22.489531911797602 ], [ 17.063615677461691, -22.48974891561134 ], [ 17.063715317434085, -22.489873857046721 ], [ 17.063871894533602, -22.49001852593625 ], [ 17.064142345887426, -22.490248680676014 ], [ 17.064334508691378, -22.490426228356636 ], [ 17.064491085790959, -22.490564320839646 ], [ 17.064590725763384, -22.490682685715395 ], [ 17.064434148663906, -22.490787898853263 ], [ 17.064120994464805, -22.491018052313542 ], [ 17.063900363097229, -22.491208750604883 ], [ 17.063637028884312, -22.491300811754989 ], [ 17.063231351853659, -22.491425751789265 ], [ 17.06277585483679, -22.491596722179711 ], [ 17.062484052060313, -22.491754540814107 ], [ 17.062178015002122, -22.49196496538001 ], [ 17.061765220830527, -22.492116207839207 ], [ 17.06135954379987, -22.492379237809146 ], [ 17.061153146714076, -22.492504176869719 ], [ 17.060975218191878, -22.492484449657166 ], [ 17.060761703965202, -22.492431843743148 ], [ 17.060498369752285, -22.49229375312375 ], [ 17.060441432625229, -22.49213593510424 ], [ 17.060249269821149, -22.491991268428304 ], [ 17.059943232762954, -22.49187948043874 ], [ 17.059573141436733, -22.491826874294745 ], [ 17.05931692436479, -22.491754540814107 ] ] ] } },
{ "type": "Feature", "properties": { "Settlement": "Okandundu", "Town": "WINDHOEK", "Extension": null, "Region": null, "LA ARea": null, "Block_Code": "None", "TOWN_1": null, "EXTENSIO_1": null, "LA Area_1": null, "Set_Ext": null, "Id": "0", "Constituen": "Tobias Hainyeko", "Upgrading_": null, "Area_sqm": 0.0, "Area_Ha": 0.0, "No_Structu": 0.0, "No_HHs": 0.0, "No_Taps": 0.0, "No_Toilets": 0.0, "OBJECTID": null, "layer": "Tobias_Hainyeko", "path": "E:/UN-HABITAT 2022/NAMIMBIA_2025/ANALYTICS - NOV 2025/20251103 NamibiaData WalvisBay/Windhoek_Informal_Settlements_merged_polygons/merged_polygons - Copy/Tobias_Hainyeko.shp" }, "geometry": { "type": "Polygon", "coordinates": [ [ [ 17.052090200000034, -22.502734599999961 ], [ 17.052640841372831, -22.502741205139685 ], [ 17.052981625130052, -22.502740628314054 ], [ 17.053203201226097, -22.502760311539934 ], [ 17.053514259976392, -22.502740628314051 ], [ 17.053782707938943, -22.502740628314051 ], [ 17.054017067271378, -22.502732755022951 ], [ 17.054238643367462, -22.502795741339529 ], [ 17.054562485354079, -22.503087052680641 ], [ 17.054911893813273, -22.503382300035462 ], [ 17.055078075885319, -22.503649990425675 ], [ 17.055176080697073, -22.503842884650361 ], [ 17.055342262769116, -22.50410663754257 ], [ 17.055376351399296, -22.504185369651694 ], [ 17.055069553727783, -22.504275911521798 ], [ 17.054694578795946, -22.504382199728461 ], [ 17.054319603864105, -22.504527853804881 ], [ 17.0540298505077, -22.504626268634535 ], [ 17.05373583607248, -22.504736493160639 ], [ 17.053480171346248, -22.504803415151468 ], [ 17.053169112595953, -22.504846717598888 ], [ 17.053015713760228, -22.504858527354912 ], [ 17.052956058657408, -22.504866400525049 ], [ 17.052883620318298, -22.504582966118161 ], [ 17.052760049033932, -22.504366453332612 ], [ 17.052589605883103, -22.504185369651694 ], [ 17.052448990283636, -22.504027905388625 ], [ 17.052265763896486, -22.503854694492144 ], [ 17.052133670454587, -22.503614560844976 ], [ 17.052082537509371, -22.503366553525762 ], [ 17.052078276430585, -22.503012256584029 ], [ 17.052090200000034, -22.502734599999961 ] ] ] } },
{ "type": "Feature", "properties": { "Settlement": "Okatunda", "Town": "WINDHOEK", "Extension": null, "Region": null, "LA ARea": null, "Block_Code": "None", "TOWN_1": null, "EXTENSIO_1": null, "LA Area_1": null, "Set_Ext": null, "Id": "0", "Constituen": "Tobias Hainyeko", "Upgrading_": null, "Area_sqm": 0.0, "Area_Ha": 0.0, "No_Structu": 0.0, "No_HHs": 0.0, "No_Taps": 0.0, "No_Toilets": 0.0, "OBJECTID": null, "layer": "Tobias_Hainyeko", "path": "E:/UN-HABITAT 2022/NAMIMBIA_2025/ANALYTICS - NOV 2025/20251103 NamibiaData WalvisBay/Windhoek_Informal_Settlements_merged_polygons/merged_polygons - Copy/Tobias_Hainyeko.shp" }, "geometry": { "type": "Polygon", "coordinates": [ [ [ 17.050693039017531, -22.50082914074973 ], [ 17.051057379038721, -22.500844440942913 ], [ 17.051388597239821, -22.500864841197991 ], [ 17.051957188484952, -22.500905641699148 ], [ 17.052100716372113, -22.500920941883962 ], [ 17.05209519606877, -22.501563548117907 ], [ 17.052106236675421, -22.502042950824109 ], [ 17.052106236675421, -22.50266515185865 ], [ 17.052100716372113, -22.502731451803914 ], [ 17.052096482502026, -22.502959195589447 ], [ 17.052096482502023, -22.503287744363533 ], [ 17.052087701596793, -22.503466214975447 ], [ 17.052149167933372, -22.503632516929233 ], [ 17.052236976985537, -22.503774481853512 ], [ 17.052359909658584, -22.503944839570288 ], [ 17.052353, -22.504003299999969 ], [ 17.052120690443331, -22.504204803265171 ], [ 17.051957100000035, -22.504346699999967 ], [ 17.051717881927939, -22.50454594012918 ], [ 17.051516942757566, -22.504768232243027 ], [ 17.051424743252802, -22.504853410515594 ], [ 17.051257906053603, -22.504833129979257 ], [ 17.051099849759641, -22.504869634942526 ], [ 17.050832032150478, -22.504865578835954 ], [ 17.050836422603076, -22.504565426621056 ], [ 17.050827641697847, -22.504468079816824 ], [ 17.050691537667003, -22.504496472641812 ], [ 17.050590557256978, -22.504451855342843 ], [ 17.05054665273083, -22.504407238029408 ], [ 17.050498357752147, -22.50436667682294 ], [ 17.050428110510378, -22.50428149825062 ], [ 17.05035347281601, -22.504184151246548 ], [ 17.050401767794753, -22.504143589974653 ], [ 17.050240374142742, -22.503914645481416 ], [ 17.050102366558995, -22.503975844879086 ], [ 17.049920196548399, -22.504098243593138 ], [ 17.049726985931116, -22.504103343537167 ], [ 17.049500653493737, -22.504144143082993 ], [ 17.049351605303269, -22.504133943197644 ], [ 17.049329524089796, -22.504082943759744 ], [ 17.049379206819985, -22.503792246604895 ], [ 17.049594498650709, -22.503195550530474 ], [ 17.049787709267957, -22.502802851709383 ], [ 17.049925716851742, -22.502496851855035 ], [ 17.050118927469057, -22.502206151366305 ], [ 17.050218292929376, -22.501940950387549 ], [ 17.050317658389652, -22.501721649194032 ], [ 17.050417023849963, -22.501527847849925 ], [ 17.050521909613654, -22.501252445472698 ], [ 17.050588153253905, -22.50102804313028 ], [ 17.050615754770625, -22.500829140749726 ], [ 17.050693039017531, -22.50082914074973 ] ] ] } },
{ "type": "Feature", "properties": { "Settlement": "Omukwanangombe A", "Town": "WINDHOEK", "Extension": null, "Region": null, "LA ARea": null, "Block_Code": "None", "TOWN_1": null, "EXTENSIO_1": null, "LA Area_1": null, "Set_Ext": null, "Id": "0", "Constituen": "Tobias Hainyeko", "Upgrading_": null, "Area_sqm": 0.0, "Area_Ha": 0.0, "No_Structu": 0.0, "No_HHs": 0.0, "No_Taps": 0.0, "No_Toilets": 0.0, "OBJECTID": null, "layer": "Tobias_Hainyeko", "path": "E:/UN-HABITAT 2022/NAMIMBIA_2025/ANALYTICS - NOV 2025/20251103 NamibiaData WalvisBay/Windhoek_Informal_Settlements_merged_polygons/merged_polygons - Copy/Tobias_Hainyeko.shp" }, "geometry": { "type": "Polygon", "coordinates": [ [ [ 17.044136161000047, -22.496515056099966 ], [ 17.044140435799992, -22.496527461300001 ], [ 17.044078577300027, -22.496437104399948 ], [ 17.043798286500014, -22.496040137499961 ], [ 17.043566945900004, -22.495696563300008 ], [ 17.04348010939999, -22.49541652389998 ], [ 17.04333837139999, -22.495040427899976 ], [ 17.043237956200038, -22.494624685499996 ], [ 17.043223120299999, -22.494563330000013 ], [ 17.043163776399986, -22.494137277799936 ], [ 17.04316109420002, -22.49412126839999 ], [ 17.04315749, -22.494117412699968 ], [ 17.043131254600041, -22.493926305299969 ], [ 17.043123291800011, -22.493878947600017 ], [ 17.042989684300043, -22.493341499899955 ], [ 17.042922545200049, -22.493118960399986 ], [ 17.042743340099989, -22.492668349299972 ], [ 17.042546784500033, -22.492298372099995 ], [ 17.04249280500002, -22.491918336599955 ], [ 17.042657593300028, -22.491647182 ], [ 17.042926233299994, -22.49125432219995 ], [ 17.043089512700035, -22.490857690599967 ], [ 17.043097056400047, -22.490818044199933 ], [ 17.043114239299999, -22.490781415299988 ], [ 17.04312915910004, -22.490770854099974 ], [ 17.043040143300054, -22.490733219300019 ], [ 17.042936710600017, -22.490560468300004 ], [ 17.042927490499995, -22.490534484399994 ], [ 17.042835122000042, -22.490327954299982 ], [ 17.042799498900038, -22.490076329599997 ], [ 17.042742921, -22.489854376799961 ], [ 17.04268374480003, -22.489724289599998 ], [ 17.042684247699988, -22.489678021499994 ], [ 17.042628256600043, -22.489583138399961 ], [ 17.042646613000048, -22.489557657400013 ], [ 17.042781896899999, -22.489609792799953 ], [ 17.042829506099995, -22.489607362100003 ], [ 17.042911229700049, -22.48963041229997 ], [ 17.04299923959999, -22.489603590199994 ], [ 17.043119519900028, -22.489589341000013 ], [ 17.043170565700027, -22.489597387599961 ], [ 17.043261341799994, -22.489531924900003 ], [ 17.043345077000051, -22.489542067100004 ], [ 17.043353961799994, -22.489546006499971 ], [ 17.043398553500008, -22.489592442299969 ], [ 17.043403582599993, -22.489598728699995 ], [ 17.043566275399996, -22.489552460599999 ], [ 17.043672641700049, -22.48957467269998 ], [ 17.043695272899999, -22.489574505 ], [ 17.043810607899989, -22.489530416199948 ], [ 17.043908843800033, -22.489509880500012 ], [ 17.043923512100061, -22.489493451999977 ], [ 17.044008923700034, -22.4894626066 ], [ 17.044033147400039, -22.489445004600029 ], [ 17.044073548200039, -22.489440646 ], [ 17.044098777700025, -22.489423966 ], [ 17.044138926999988, -22.489411477 ], [ 17.044252585600031, -22.489369651300002 ], [ 17.044342355800051, -22.489343918899973 ], [ 17.044410249199991, -22.489331262199968 ], [ 17.044460792099994, -22.489281725099996 ], [ 17.044504797100082, -22.489241072899969 ], [ 17.04452667390003, -22.48920503070001 ], [ 17.044606469599994, -22.489180304099953 ], [ 17.044729013000048, -22.489183154000013 ], [ 17.044746531200008, -22.489194553299981 ], [ 17.044815598100037, -22.489136802 ], [ 17.044861530900018, -22.489039655799974 ], [ 17.044884581099996, -22.488948628299987 ], [ 17.044925065700042, -22.488905545299975 ], [ 17.044961107899997, -22.488895654699981 ], [ 17.044991785700049, -22.488843100099981 ], [ 17.045105863400011, -22.488843435399961 ], [ 17.045125225600039, -22.488851817299974 ], [ 17.045144168700013, -22.48884418979998 ], [ 17.045183060700012, -22.488832538900013 ], [ 17.045198902499997, -22.488832958 ], [ 17.045232933000023, -22.488836143199983 ], [ 17.045259755100016, -22.488843016300009 ], [ 17.045289678500005, -22.488848548399947 ], [ 17.045340472799996, -22.488836227000021 ], [ 17.045382047099988, -22.488794401300005 ], [ 17.045427309300003, -22.488757772399964 ], [ 17.045432338500017, -22.488738829299997 ], [ 17.045443402600036, -22.488721562499997 ], [ 17.045478858100022, -22.488765986600008 ], [ 17.045563180000013, -22.488884087699958 ], [ 17.045616656500037, -22.488942090399998 ], [ 17.045660913, -22.4889921304 ], [ 17.045701900500031, -22.489033788399997 ], [ 17.045716317400043, -22.489071423199956 ], [ 17.0457409602, -22.489098831999975 ], [ 17.045814469500016, -22.489271918300005 ], [ 17.045862665400008, -22.48941047119995 ], [ 17.045893091699988, -22.489527147300013 ], [ 17.045901557400008, -22.48961758799997 ], [ 17.045878004300004, -22.489833170499978 ], [ 17.045830814199995, -22.4899838772 ], [ 17.045788066500037, -22.490151766699945 ], [ 17.045750096400027, -22.490351255999986 ], [ 17.045747917100016, -22.49039593149995 ], [ 17.045730231300038, -22.490450832999986 ], [ 17.045697625700026, -22.490584608200002 ], [ 17.045666948000026, -22.49073179439997 ], [ 17.0455870684, -22.490857271499962 ], [ 17.045461088400046, -22.490941006700005 ], [ 17.045340221400011, -22.49103697949997 ], [ 17.045261012400047, -22.491158181799985 ], [ 17.045194963, -22.491225991399958 ], [ 17.045188928000044, -22.491332273900007 ], [ 17.045193538099994, -22.491363035500015 ], [ 17.045263191699988, -22.491465965299977 ], [ 17.045299485299992, -22.491526147399959 ], [ 17.045349776700025, -22.49164517039997 ], [ 17.045362936300041, -22.491693953100004 ], [ 17.045350363500045, -22.491709375800017 ], [ 17.045331168899999, -22.49172924090001 ], [ 17.045268472300016, -22.491898806800005 ], [ 17.04526863990003, -22.492020847299994 ], [ 17.045329492500048, -22.492114892200007 ], [ 17.045478355100038, -22.492203907999961 ], [ 17.045526634900032, -22.492207931399996 ], [ 17.045536190300005, -22.492209775399932 ], [ 17.045557312700051, -22.492229975799944 ], [ 17.045562174200025, -22.492241207499983 ], [ 17.045564102, -22.492242548599968 ], [ 17.045570388400005, -22.492243973500017 ], [ 17.045569047300006, -22.492244727899983 ], [ 17.045257240499996, -22.492228634700009 ], [ 17.045228323000021, -22.492283787599998 ], [ 17.045240434177245, -22.492333139974104 ], [ 17.045260760900007, -22.492415970199978 ], [ 17.045278111500028, -22.492532478599966 ], [ 17.045325385400009, -22.492631971799995 ], [ 17.045376850300034, -22.492741104199958 ], [ 17.045363020200007, -22.49283833429995 ], [ 17.045260341800017, -22.493024580200004 ], [ 17.045098654899991, -22.493083588799994 ], [ 17.044988013799998, -22.493185847999957 ], [ 17.044974776562729, -22.493331766543861 ], [ 17.044937582346783, -22.493417191180768 ], [ 17.044865302700043, -22.493525482700019 ], [ 17.044864380699995, -22.493564877700003 ], [ 17.044701687999986, -22.493777107399961 ], [ 17.044646535100046, -22.493894286499994 ], [ 17.044647570199214, -22.493942356625965 ], [ 17.044641801370652, -22.494112873494373 ], [ 17.044577887300004, -22.494314890399988 ], [ 17.044553579800038, -22.494477415499951 ], [ 17.044558525100047, -22.494591660799991 ], [ 17.044535055800011, -22.494748067099966 ], [ 17.044519716899984, -22.494958117599971 ], [ 17.044479064600008, -22.49498519119998 ], [ 17.044459132603013, -22.495032784502701 ], [ 17.04441594890001, -22.495135897799972 ], [ 17.044360209300002, -22.49516649169999 ], [ 17.044300381518909, -22.495371621215988 ], [ 17.044281720870991, -22.495494061036208 ], [ 17.044293237900014, -22.495666136999962 ], [ 17.044264990800013, -22.495732773099981 ], [ 17.044270020000027, -22.495817262699966 ], [ 17.044241437700041, -22.495876187500016 ], [ 17.04417211930004, -22.495937794399978 ], [ 17.044115793000039, -22.49592865819999 ], [ 17.044132322954042, -22.496046168601087 ], [ 17.044168766600002, -22.496230909599998 ], [ 17.044198879935813, -22.49634006568596 ], [ 17.044229367700048, -22.496393602299989 ], [ 17.044136161000047, -22.496515056099966 ] ] ] } },
{ "type": "Feature", "properties": { "Settlement": "Omukwanangombe B", "Town": "WINDHOEK", "Extension": null, "Region": null, "LA ARea": null, "Block_Code": "None", "TOWN_1": null, "EXTENSIO_1": null, "LA Area_1": null, "Set_Ext": null, "Id": "0", "Constituen": "Tobias Hainyeko", "Upgrading_": null, "Area_sqm": 0.0, "Area_Ha": 0.0, "No_Structu": 0.0, "No_HHs": 0.0, "No_Taps": 0.0, "No_Toilets": 0.0, "OBJECTID": null, "layer": "Tobias_Hainyeko", "path": "E:/UN-HABITAT 2022/NAMIMBIA_2025/ANALYTICS - NOV 2025/20251103 NamibiaData WalvisBay/Windhoek_Informal_Settlements_merged_polygons/merged_polygons - Copy/Tobias_Hainyeko.shp" }, "geometry": { "type": "Polygon", "coordinates": [ [ [ 17.045621, -22.492376 ], [ 17.045572148600026, -22.492396021299989 ], [ 17.045498304100089, -22.492435164700002 ], [ 17.045507771627786, -22.492507371958023 ], [ 17.045513391380201, -22.49255023285577 ], [ 17.04552881420004, -22.492635324599902 ], [ 17.045549211490432, -22.492711968142252 ], [ 17.045583243360841, -22.492839844007804 ], [ 17.045559475388075, -22.492955133330113 ], [ 17.045559475388075, -22.493059442634159 ], [ 17.04554582275852, -22.493163508241906 ], [ 17.045521730445778, -22.493408488807553 ], [ 17.045467367433076, -22.49368813962559 ], [ 17.045434693531025, -22.493965283283799 ], [ 17.045442247459697, -22.494059502781877 ], [ 17.045422809544707, -22.494239779279447 ], [ 17.045441177726186, -22.494529282667024 ], [ 17.045457700657387, -22.494698579833393 ], [ 17.045470345490241, -22.494783279744585 ], [ 17.045445730005738, -22.494856295440506 ], [ 17.045384186542986, -22.495038848606658 ], [ 17.045303942692367, -22.495217030474176 ], [ 17.045174511709483, -22.495451268350642 ], [ 17.045091202916801, -22.495613701002259 ], [ 17.045011221788229, -22.495822382223395 ], [ 17.044941508096304, -22.495969091530348 ], [ 17.044884109118588, -22.496224140574235 ], [ 17.044870204177965, -22.496408278501406 ], [ 17.044859749906344, -22.496598233558821 ], [ 17.044852378198375, -22.496732177999402 ], [ 17.044816726239358, -22.496825504832643 ], [ 17.044723, -22.496854 ], [ 17.04468, -22.496955 ], [ 17.044614264700051, -22.49698293399997 ], [ 17.044542944069367, -22.496959160445989 ], [ 17.044437490400039, -22.496924009199986 ], [ 17.044380318785503, -22.496839938937303 ], [ 17.044291938909737, -22.4967099771516 ], [ 17.044235821800065, -22.49662745739996 ], [ 17.044131, -22.49653 ], [ 17.044229367700048, -22.496393602299989 ], [ 17.044195001900075, -22.49633828179995 ], [ 17.044161558200042, -22.496212804699969 ], [ 17.044140085333474, -22.496081610512256 ], [ 17.044112524000077, -22.495980039199981 ], [ 17.044124845399988, -22.495926311200012 ], [ 17.04417211930004, -22.495937794399978 ], [ 17.044241437700041, -22.495876187500016 ], [ 17.044270020000027, -22.495817262699966 ], [ 17.04425778240002, -22.495733443599971 ], [ 17.044264990800013, -22.495732773099981 ], [ 17.044293237900014, -22.495666136999962 ], [ 17.044289968900053, -22.495574438899958 ], [ 17.044284391601717, -22.495520087577788 ], [ 17.044277144600049, -22.495449464799972 ], [ 17.044292708529788, -22.495397325703141 ], [ 17.04432408330004, -22.49529222029992 ], [ 17.044360209300102, -22.49516649169993 ], [ 17.04441594890001, -22.495135897799972 ], [ 17.044479064600008, -22.49498519119998 ], [ 17.044519716899984, -22.494958117599971 ], [ 17.044531451500042, -22.494805315499999 ], [ 17.044545936150882, -22.494675557271854 ], [ 17.04457084649999, -22.49453994449998 ], [ 17.044556513400082, -22.494435254500008 ], [ 17.044562129299994, -22.494339700800008 ], [ 17.044620886400047, -22.494175247799969 ], [ 17.044649044137241, -22.494010806455062 ], [ 17.044646535100046, -22.493894286499994 ], [ 17.044701687999986, -22.493777107399961 ], [ 17.044795816800022, -22.493672920399991 ], [ 17.044864380699995, -22.493564877700003 ], [ 17.044865302700043, -22.493525482700019 ], [ 17.044960018200047, -22.493383577099937 ], [ 17.044999580800074, -22.493244688999958 ], [ 17.044988013800065, -22.493185847999957 ], [ 17.045098654899991, -22.49308358879993 ], [ 17.045260341800084, -22.49302458019995 ], [ 17.045339047900022, -22.492891056499971 ], [ 17.045376850300034, -22.492741104199958 ], [ 17.045325385400009, -22.492631971799995 ], [ 17.045278111500028, -22.492532478599966 ], [ 17.045260760900071, -22.492415970199975 ], [ 17.045241782315308, -22.492338633560472 ], [ 17.045228323000021, -22.492283787599998 ], [ 17.045269981000061, -22.49221840869993 ], [ 17.045567, -22.492245 ], [ 17.045621, -22.492376 ] ] ] } },
{ "type": "Feature", "properties": { "Settlement": "Omuramba", "Town": "WINDHOEK", "Extension": null, "Region": null, "LA ARea": null, "Block_Code": "None", "TOWN_1": null, "EXTENSIO_1": null, "LA Area_1": null, "Set_Ext": null, "Id": "0", "Constituen": "Tobias Hainyeko", "Upgrading_": null, "Area_sqm": 0.0, "Area_Ha": 0.0, "No_Structu": 0.0, "No_HHs": 0.0, "No_Taps": 0.0, "No_Toilets": 0.0, "OBJECTID": null, "layer": "Tobias_Hainyeko", "path": "E:/UN-HABITAT 2022/NAMIMBIA_2025/ANALYTICS - NOV 2025/20251103 NamibiaData WalvisBay/Windhoek_Informal_Settlements_merged_polygons/merged_polygons - Copy/Tobias_Hainyeko.shp" }, "geometry": { "type": "Polygon", "coordinates": [ [ [ 17.051714906073226, -22.509511684457898 ], [ 17.05190927987837, -22.509186755794442 ], [ 17.052325795175101, -22.509246611131964 ], [ 17.052589588196366, -22.509250886512241 ], [ 17.052862637113094, -22.509302191064968 ], [ 17.052955196067884, -22.508058050293542 ], [ 17.053010731440793, -22.50792551230068 ], [ 17.05289040479953, -22.507805800456016 ], [ 17.053177337559465, -22.507566376455749 ], [ 17.053330059834934, -22.507301299400407 ], [ 17.053389736374768, -22.507131248538542 ], [ 17.05361226478815, -22.507232267841797 ], [ 17.053684703127292, -22.507236204359341 ], [ 17.053791230096582, -22.507047251390791 ], [ 17.05388389124235, -22.506910285924633 ], [ 17.053919062459666, -22.50685829816404 ], [ 17.054153421792098, -22.506889790386445 ], [ 17.054232038779347, -22.506964762244465 ], [ 17.054285515233961, -22.507015759204251 ], [ 17.054306820627819, -22.507133854866765 ], [ 17.054359181503173, -22.507201155922818 ], [ 17.054404825439541, -22.50725982346226 ], [ 17.054519874566395, -22.507255886945405 ], [ 17.054651968008294, -22.507188966141431 ], [ 17.054696147740184, -22.507237943686917 ], [ 17.054779800371374, -22.507330680746776 ], [ 17.054783235425671, -22.507472316913624 ], [ 17.054690676470813, -22.507536448426542 ], [ 17.054639769045703, -22.507621957064206 ], [ 17.054593489568258, -22.50770319022098 ], [ 17.054389859867644, -22.50776732162679 ], [ 17.054158462480626, -22.507822902154473 ], [ 17.053913181250302, -22.507985368184158 ], [ 17.053778970765837, -22.508139283194122 ], [ 17.053635504385838, -22.508310299670899 ], [ 17.053561457221953, -22.5085368961768 ], [ 17.053492038005835, -22.508789144680627 ], [ 17.053445758528426, -22.508998638850827 ], [ 17.053427246737453, -22.509293640307536 ], [ 17.053547573378751, -22.509545887430626 ], [ 17.053667900020013, -22.509819510908311 ], [ 17.05369103975875, -22.509900742773926 ], [ 17.053765086922567, -22.510041829585088 ], [ 17.053718807445158, -22.510200017656729 ], [ 17.053589224908428, -22.510529219279466 ], [ 17.05313105808202, -22.51038813296574 ], [ 17.052621983830502, -22.510140162731968 ], [ 17.052219352377044, -22.50985371380488 ], [ 17.051714906073226, -22.509511684457898 ] ] ] } },
{ "type": "Feature", "properties": { "Settlement": "Omuthiya", "Town": "WINDHOEK", "Extension": null, "Region": null, "LA ARea": null, "Block_Code": "None", "TOWN_1": null, "EXTENSIO_1": null, "LA Area_1": null, "Set_Ext": null, "Id": "0", "Constituen": "Tobias Hainyeko", "Upgrading_": null, "Area_sqm": 0.0, "Area_Ha": 0.0, "No_Structu": 0.0, "No_HHs": 0.0, "No_Taps": 0.0, "No_Toilets": 0.0, "OBJECTID": null, "layer": "Tobias_Hainyeko", "path": "E:/UN-HABITAT 2022/NAMIMBIA_2025/ANALYTICS - NOV 2025/20251103 NamibiaData WalvisBay/Windhoek_Informal_Settlements_merged_polygons/merged_polygons - Copy/Tobias_Hainyeko.shp" }, "geometry": { "type": "Polygon", "coordinates": [ [ [ 17.052977364051266, -22.504854590769668 ], [ 17.053296944959101, -22.504819161497533 ], [ 17.053637831260758, -22.504767985866245 ], [ 17.053829579805441, -22.504697127268564 ], [ 17.054042633744022, -22.504614458858654 ], [ 17.054434652990931, -22.50448848785344 ], [ 17.054754233898766, -22.504378263129659 ], [ 17.05471162311105, -22.504771922453951 ], [ 17.054588051826656, -22.504988434604616 ], [ 17.054421869754613, -22.505303360764152 ], [ 17.054285515233929, -22.50560647651535 ], [ 17.054328126021641, -22.505748192742566 ], [ 17.054357953573071, -22.505988322684825 ], [ 17.054345170336749, -22.50616940400489 ], [ 17.054323864942891, -22.5063504850878 ], [ 17.054285515233929, -22.506570931303408 ], [ 17.054153421792062, -22.506889790386445 ], [ 17.053919062459627, -22.50685829816404 ], [ 17.053791230096547, -22.507047251390791 ], [ 17.053684703127256, -22.507236204359341 ], [ 17.053612264788114, -22.5072322678418 ], [ 17.053505737818892, -22.507181093103494 ], [ 17.053322511431741, -22.507102362699957 ], [ 17.053233028777491, -22.507000013108343 ], [ 17.052832487373077, -22.506925219128082 ], [ 17.052206108793733, -22.50686223469225 ], [ 17.052167759084767, -22.506767757984743 ], [ 17.052504384307714, -22.506322929286103 ], [ 17.052725960403755, -22.506043434416007 ], [ 17.05293049218476, -22.505752129302305 ], [ 17.052939014342304, -22.505397838472149 ], [ 17.052926231106046, -22.505027800413764 ], [ 17.052977364051266, -22.504854590769668 ] ] ] } },
{ "type": "Feature", "properties": { "Settlement": "Onangolo", "Town": "WINDHOEK", "Extension": null, "Region": null, "LA ARea": null, "Block_Code": "None", "TOWN_1": null, "EXTENSIO_1": null, "LA Area_1": null, "Set_Ext": null, "Id": "0", "Constituen": "Tobias Hainyeko", "Upgrading_": null, "Area_sqm": 0.0, "Area_Ha": 0.0, "No_Structu": 0.0, "No_HHs": 0.0, "No_Taps": 0.0, "No_Toilets": 0.0, "OBJECTID": null, "layer": "Tobias_Hainyeko", "path": "E:/UN-HABITAT 2022/NAMIMBIA_2025/ANALYTICS - NOV 2025/20251103 NamibiaData WalvisBay/Windhoek_Informal_Settlements_merged_polygons/merged_polygons - Copy/Tobias_Hainyeko.shp" }, "geometry": { "type": "Polygon", "coordinates": [ [ [ 17.056380280093396, -22.500926279767803 ], [ 17.056512782397377, -22.500911842565323 ], [ 17.056598347346892, -22.500937485815033 ], [ 17.056691042440679, -22.500937485815026 ], [ 17.056824143088157, -22.500944073393274 ], [ 17.056890693411891, -22.500941877533922 ], [ 17.057021417262082, -22.500946269252672 ], [ 17.057104605166739, -22.501034103598137 ], [ 17.057237319480432, -22.501152621991146 ], [ 17.057342284894318, -22.501222947252085 ], [ 17.05746112475812, -22.50136128604418 ], [ 17.057394, -22.501392 ], [ 17.057312, -22.501454 ], [ 17.057125, -22.501552 ], [ 17.056877, -22.501716 ], [ 17.056721, -22.501752 ], [ 17.056548, -22.501572 ], [ 17.056276, -22.501261 ], [ 17.056295, -22.501252 ], [ 17.056304401688262, -22.501190110197111 ], [ 17.056310754876488, -22.501148288163883 ], [ 17.056315508470991, -22.501089000035734 ], [ 17.056315508470991, -22.501073629035375 ], [ 17.056308378079173, -22.501045082887401 ], [ 17.056320262065558, -22.500992382291024 ], [ 17.056321603124932, -22.50092980543587 ], [ 17.056380280093396, -22.500926279767803 ] ] ] } },
{ "type": "Feature", "properties": { "Settlement": "Onduduluka", "Town": "WINDHOEK", "Extension": null, "Region": null, "LA ARea": null, "Block_Code": "None", "TOWN_1": null, "EXTENSIO_1": null, "LA Area_1": null, "Set_Ext": null, "Id": "0", "Constituen": "Tobias Hainyeko", "Upgrading_": null, "Area_sqm": 0.0, "Area_Ha": 0.0, "No_Structu": 0.0, "No_HHs": 0.0, "No_Taps": 0.0, "No_Toilets": 0.0, "OBJECTID": null, "layer": "Tobias_Hainyeko", "path": "E:/UN-HABITAT 2022/NAMIMBIA_2025/ANALYTICS - NOV 2025/20251103 NamibiaData WalvisBay/Windhoek_Informal_Settlements_merged_polygons/merged_polygons - Copy/Tobias_Hainyeko.shp" }, "geometry": { "type": "Polygon", "coordinates": [ [ [ 17.057021417262082, -22.500946269252672 ], [ 17.057287618556963, -22.500950660971274 ], [ 17.057464392900009, -22.500979090100003 ], [ 17.057525265509636, -22.500968073271871 ], [ 17.057699001294441, -22.500948156792074 ], [ 17.057932717520934, -22.500957082001332 ], [ 17.058079708400019, -22.500942712599972 ], [ 17.058174049627137, -22.50094976951128 ], [ 17.058245080347024, -22.500955082750099 ], [ 17.058342791673528, -22.500958831371495 ], [ 17.058414160771726, -22.500960104588827 ], [ 17.058601900900008, -22.500955536999982 ], [ 17.0587501, -22.500969 ], [ 17.058835420799991, -22.500967355399965 ], [ 17.058936528381878, -22.500960655809486 ], [ 17.059006042987679, -22.501001165725139 ], [ 17.059003925336519, -22.501091458113844 ], [ 17.058963300000045, -22.501195699999965 ], [ 17.058944246258442, -22.501273451906485 ], [ 17.058915724691172, -22.501365677749622 ], [ 17.058782, -22.501315 ], [ 17.058487, -22.501162 ], [ 17.057929353821532, -22.501185617713009 ], [ 17.057938861010665, -22.501269060198123 ], [ 17.057815267552261, -22.501262472635354 ], [ 17.057701181283022, -22.501260276781053 ], [ 17.057591848608347, -22.501258080926643 ], [ 17.057458, -22.501254 ], [ 17.057366552549297, -22.501251196690479 ], [ 17.05730805263644, -22.50120001215403 ], [ 17.057237319480432, -22.501152621991146 ], [ 17.05720860405917, -22.501119751005117 ], [ 17.057126394162342, -22.501053561918752 ], [ 17.057021417262082, -22.500946269252672 ] ] ] } },
{ "type": "Feature", "properties": { "Settlement": "One Nation 1", "Town": "WINDHOEK", "Extension": null, "Region": null, "LA ARea": null, "Block_Code": "None", "TOWN_1": null, "EXTENSIO_1": null, "LA Area_1": null, "Set_Ext": null, "Id": "0", "Constituen": "Tobias Hainyeko", "Upgrading_": null, "Area_sqm": 0.0, "Area_Ha": 0.0, "No_Structu": 0.0, "No_HHs": 0.0, "No_Taps": 0.0, "No_Toilets": 0.0, "OBJECTID": null, "layer": "Tobias_Hainyeko", "path": "E:/UN-HABITAT 2022/NAMIMBIA_2025/ANALYTICS - NOV 2025/20251103 NamibiaData WalvisBay/Windhoek_Informal_Settlements_merged_polygons/merged_polygons - Copy/Tobias_Hainyeko.shp" }, "geometry": { "type": "Polygon", "coordinates": [ [ [ 17.050984895317459, -22.494348700187892 ], [ 17.051211355308464, -22.494293718463457 ], [ 17.051859435660994, -22.494723606010197 ], [ 17.052499207291135, -22.495237933998656 ], [ 17.052730864633059, -22.49542995712202 ], [ 17.052536702239337, -22.495629277631306 ], [ 17.052428834242836, -22.495958155843731 ], [ 17.052374900244583, -22.496257135358505 ], [ 17.052374900244583, -22.49652621636935 ], [ 17.052385687044261, -22.496655773706369 ], [ 17.052364113444906, -22.49698464947874 ], [ 17.052310179446653, -22.497233797270642 ], [ 17.052357959009186, -22.497425725719463 ], [ 17.052266563062055, -22.497809545261088 ], [ 17.052117006057586, -22.498131952853143 ], [ 17.052133623502495, -22.498523446776119 ], [ 17.052033918832905, -22.498723031486957 ], [ 17.051867744383486, -22.498960997496582 ], [ 17.051427382092626, -22.499352489073285 ], [ 17.051095033193857, -22.499628835401531 ], [ 17.050937167466927, -22.49990518117772 ], [ 17.050854080242249, -22.500196878898066 ], [ 17.050667652301073, -22.500137767092657 ], [ 17.050447798553087, -22.50008835996001 ], [ 17.050180408859461, -22.500143256772944 ], [ 17.049960555111372, -22.500214622597273 ], [ 17.049734759370146, -22.500203643242088 ], [ 17.049526789608542, -22.500093849642262 ], [ 17.049348529812782, -22.500126787731411 ], [ 17.049176212010263, -22.500170705171264 ], [ 17.048914764309885, -22.50026951936006 ], [ 17.048742446507362, -22.500368333478324 ], [ 17.047886799487983, -22.500170705171268 ], [ 17.047916509453923, -22.499967586894815 ], [ 17.048154189181538, -22.499747999233506 ], [ 17.048397810902326, -22.499479003873194 ], [ 17.048641432623146, -22.499210007989845 ], [ 17.048992010221426, -22.49874338123724 ], [ 17.049306935860454, -22.498326160690151 ], [ 17.049538673594924, -22.498035203511343 ], [ 17.049764469336154, -22.497716796840763 ], [ 17.049930845145497, -22.497403879226333 ], [ 17.05001403305015, -22.497008613859546 ], [ 17.05006751098886, -22.496635306642929 ], [ 17.050132872913959, -22.496047894718345 ], [ 17.050180408859461, -22.49570752405069 ], [ 17.050305190716411, -22.495422051232161 ], [ 17.050519102471391, -22.495098148667019 ], [ 17.050756782198938, -22.494730326190581 ], [ 17.050881564055985, -22.494527199926218 ], [ 17.050984895317459, -22.494348700187892 ] ] ] } },
{ "type": "Feature", "properties": { "Settlement": "One Nation A", "Town": "WINDHOEK", "Extension": null, "Region": null, "LA ARea": null, "Block_Code": "None", "TOWN_1": null, "EXTENSIO_1": null, "LA Area_1": null, "Set_Ext": null, "Id": "0", "Constituen": "Tobias Hainyeko", "Upgrading_": null, "Area_sqm": 0.0, "Area_Ha": 0.0, "No_Structu": 0.0, "No_HHs": 0.0, "No_Taps": 0.0, "No_Toilets": 0.0, "OBJECTID": null, "layer": "Tobias_Hainyeko", "path": "E:/UN-HABITAT 2022/NAMIMBIA_2025/ANALYTICS - NOV 2025/20251103 NamibiaData WalvisBay/Windhoek_Informal_Settlements_merged_polygons/merged_polygons - Copy/Tobias_Hainyeko.shp" }, "geometry": { "type": "MultiPolygon", "coordinates": [ [ [ [ 17.048630662484317, -22.499035763378998 ], [ 17.048631371064243, -22.499034132308505 ], [ 17.04863213, -22.499037003099982 ], [ 17.048630662484317, -22.499035763378998 ] ] ], [ [ [ 17.048631371064243, -22.499034132308505 ], [ 17.048631163428187, -22.499033346893327 ], [ 17.048632381500045, -22.49903180639993 ], [ 17.048631371064243, -22.499034132308505 ] ] ], [ [ [ 17.048631163428187, -22.499033346893327 ], [ 17.048629817276769, -22.499035049368551 ], [ 17.048626530770576, -22.499032273009366 ], [ 17.04862852580003, -22.499023340599965 ], [ 17.048628861100006, -22.499026274299954 ], [ 17.048630034600027, -22.499027363999943 ], [ 17.048630956600043, -22.499028537400008 ], [ 17.048630202200037, -22.499029710900015 ], [ 17.048631163428187, -22.499033346893327 ] ] ], [ [ [ 17.048630662484317, -22.499035763378998 ], [ 17.04862793909999, -22.499042032299975 ], [ 17.048698171105585, -22.499086333923259 ], [ 17.048448314900011, -22.499381583199956 ], [ 17.047898461999988, -22.500065714099968 ], [ 17.047861749300029, -22.500154813799973 ], [ 17.047835765400041, -22.50023880040002 ], [ 17.047778014100007, -22.500483552 ], [ 17.047717329100028, -22.500695865599997 ], [ 17.047634935, -22.500874232499967 ], [ 17.047629822, -22.50088144089996 ], [ 17.047612974399986, -22.500904658800014 ], [ 17.047599731000027, -22.500913627400003 ], [ 17.047582883400022, -22.500919243299968 ], [ 17.047571484, -22.500921674099974 ], [ 17.047556899500034, -22.500922176999985 ], [ 17.04724584709999, -22.500842381300004 ], [ 17.046943092700037, -22.500675916699944 ], [ 17.046796828500014, -22.500542811999964 ], [ 17.046492481600005, -22.500328570599979 ], [ 17.046401118900032, -22.500075437100001 ], [ 17.046328866900012, -22.499775867899974 ], [ 17.046323753899994, -22.499675704199984 ], [ 17.046337500200046, -22.499671345599968 ], [ 17.046346049800036, -22.499672016099964 ], [ 17.046346322435443, -22.499672078468329 ], [ 17.046333560700056, -22.499679392199958 ], [ 17.046349402500038, -22.499689366699979 ], [ 17.046360209356806, -22.49967524008219 ], [ 17.046360801900004, -22.499675368899979 ], [ 17.046361388600033, -22.49967528509999 ], [ 17.046362226800007, -22.499672602899949 ], [ 17.046360209356806, -22.49967524008219 ], [ 17.046358874100036, -22.499674949799999 ], [ 17.046346322435443, -22.499672078468329 ], [ 17.046362226800007, -22.49966296369999 ], [ 17.04638578, -22.499666484100015 ], [ 17.046461720000011, -22.499655503799985 ], [ 17.046476556000016, -22.499628933100016 ], [ 17.046479908700054, -22.499618539599968 ], [ 17.046484099700024, -22.499606721099997 ], [ 17.046525757800051, -22.499469844600007 ], [ 17.046493236, -22.499450398599972 ], [ 17.046447889899987, -22.499437406700018 ], [ 17.046409249300037, -22.499413937299973 ], [ 17.046412350599994, -22.499338332599987 ], [ 17.046360801900004, -22.499197935700007 ], [ 17.046356275700074, -22.49919106250001 ], [ 17.046364489899986, -22.499193744699983 ], [ 17.046381337600018, -22.499168096099961 ], [ 17.04636063429999, -22.499119062 ], [ 17.046318724800006, -22.499029375599978 ], [ 17.046319562900024, -22.498945556599992 ], [ 17.046329872699996, -22.498932145500017 ], [ 17.046343451400041, -22.498917896300004 ], [ 17.046344708699998, -22.498793341200006 ], [ 17.046314533800036, -22.4986940995 ], [ 17.046289471899996, -22.498586559699941 ], [ 17.046268684799994, -22.498480025699934 ], [ 17.046281844400013, -22.49845949 ], [ 17.046317970400008, -22.498375754799962 ], [ 17.046296428900007, -22.498295120900011 ], [ 17.046246808000014, -22.498268717899993 ], [ 17.046182602600027, -22.498205769799995 ], [ 17.0461478177, -22.498187748700008 ], [ 17.046115715100033, -22.497967807599956 ], [ 17.04610783610001, -22.497947020499954 ], [ 17.046104064200026, -22.497862195599961 ], [ 17.046111188800047, -22.497804360500002 ], [ 17.046141782799996, -22.497659521199999 ], [ 17.046166760800041, -22.497623227500014 ], [ 17.046194337300005, -22.4975727685 ], [ 17.04620338980002, -22.497501270799983 ], [ 17.046231888200037, -22.497340925000014 ], [ 17.046219985899981, -22.497212262800005 ], [ 17.046219315400041, -22.497194074099955 ], [ 17.046205652899999, -22.497146381099945 ], [ 17.046250412200024, -22.496998105199999 ], [ 17.046235408600019, -22.496927948699941 ], [ 17.046241108299995, -22.496710857399972 ], [ 17.046190397800011, -22.496566520999945 ], [ 17.046172963500041, -22.496495190999962 ], [ 17.046199115000043, -22.49640206809995 ], [ 17.046333728400022, -22.496334090800008 ], [ 17.04641670920001, -22.496306598200007 ], [ 17.046475550199993, -22.496330989500002 ], [ 17.046482507100013, -22.496349681199973 ], [ 17.046508826300016, -22.496436182400007 ], [ 17.046526512100026, -22.496503991999951 ], [ 17.046541767200015, -22.496522683699997 ], [ 17.046569930400011, -22.496563000599963 ], [ 17.046667663399997, -22.496584877400007 ], [ 17.046810155700005, -22.496678503200002 ], [ 17.046872517100031, -22.496726363899988 ], [ 17.046927167100048, -22.496760562100015 ], [ 17.047100840100036, -22.496812949 ], [ 17.047143336400008, -22.49687480739998 ], [ 17.047235872599998, -22.496928535399991 ], [ 17.047252049700035, -22.496948903400014 ], [ 17.047371324199986, -22.497035237 ], [ 17.047419352500039, -22.497072620299999 ], [ 17.047511301900006, -22.497209748299998 ], [ 17.047514989999986, -22.497251490100009 ], [ 17.047530999400017, -22.497301362499972 ], [ 17.047550361600045, -22.497325586199999 ], [ 17.047572908899998, -22.497373279199998 ], [ 17.04758858310004, -22.497465312499948 ], [ 17.047640970000039, -22.497576288900003 ], [ 17.047653375199989, -22.497592298299981 ], [ 17.047711545600045, -22.497648792300005 ], [ 17.047720262800006, -22.497657006600001 ], [ 17.04773032110004, -22.497665975199979 ], [ 17.047756556400046, -22.497690618000021 ], [ 17.047793855899997, -22.497767899199996 ], [ 17.047875914700004, -22.49782808130001 ], [ 17.047904580799994, -22.49785289170001 ], [ 17.047968450900029, -22.497957078699972 ], [ 17.048097867500019, -22.4980537221 ], [ 17.048137681600021, -22.498165201400006 ], [ 17.0481640846, -22.498208703500019 ], [ 17.048179842499987, -22.498210631299958 ], [ 17.048182860000036, -22.498217253000014 ], [ 17.048226026800048, -22.498240470899997 ], [ 17.048231726499996, -22.498272741199955 ], [ 17.048307918000042, -22.498366283299983 ], [ 17.048364412000051, -22.498454544699989 ], [ 17.048367681, -22.49847332019997 ], [ 17.048420654600008, -22.49862570320002 ], [ 17.048442028499998, -22.498673479999972 ], [ 17.048456948300036, -22.498700553599964 ], [ 17.04849173310004, -22.498725028699969 ], [ 17.048533475000038, -22.498785546000011 ], [ 17.048552334300041, -22.498803651 ], [ 17.048550238800004, -22.498815385599986 ], [ 17.048577228600042, -22.498842543000027 ], [ 17.048562141099996, -22.498859306800007 ], [ 17.048546969900041, -22.4989635777 ], [ 17.04855367540004, -22.498971540500019 ], [ 17.048604050700003, -22.499013282399961 ], [ 17.048626530770576, -22.499032273009366 ], [ 17.048624837800038, -22.499039853 ], [ 17.048620982100019, -22.499046223199976 ], [ 17.048629817276769, -22.499035049368551 ], [ 17.048630662484317, -22.499035763378998 ] ] ] ] } },
{ "type": "Feature", "properties": { "Settlement": "One Nation B", "Town": "WINDHOEK", "Extension": null, "Region": null, "LA ARea": null, "Block_Code": "None", "TOWN_1": null, "EXTENSIO_1": null, "LA Area_1": null, "Set_Ext": null, "Id": "0", "Constituen": "Tobias Hainyeko", "Upgrading_": null, "Area_sqm": 0.0, "Area_Ha": 0.0, "No_Structu": 0.0, "No_HHs": 0.0, "No_Taps": 0.0, "No_Toilets": 0.0, "OBJECTID": null, "layer": "Tobias_Hainyeko", "path": "E:/UN-HABITAT 2022/NAMIMBIA_2025/ANALYTICS - NOV 2025/20251103 NamibiaData WalvisBay/Windhoek_Informal_Settlements_merged_polygons/merged_polygons - Copy/Tobias_Hainyeko.shp" }, "geometry": { "type": "Polygon", "coordinates": [ [ [ 17.046380583200051, -22.500194627799985 ], [ 17.046305912650425, -22.500148391784005 ], [ 17.046242198000012, -22.500108880899983 ], [ 17.046165710379729, -22.500037993938975 ], [ 17.046085372599993, -22.499963538700019 ], [ 17.046011779500009, -22.499924730499977 ], [ 17.04592463029304, -22.499841771221167 ], [ 17.045828813879083, -22.499744522651476 ], [ 17.045755880000041, -22.499675201299976 ], [ 17.045669714000034, -22.499557351700005 ], [ 17.045597871541968, -22.499461018741105 ], [ 17.045558821399997, -22.49940865670002 ], [ 17.045488916300027, -22.499271947900016 ], [ 17.045457903300019, -22.499118391399989 ], [ 17.045388333500036, -22.498979419499982 ], [ 17.045289028339969, -22.498824751159482 ], [ 17.04523066990004, -22.498724442 ], [ 17.045156490099995, -22.498563509399954 ], [ 17.045094212500036, -22.498405929699977 ], [ 17.045051075219877, -22.4982547152926 ], [ 17.04503235410003, -22.498189089800011 ], [ 17.044980054230802, -22.498066205137938 ], [ 17.044951552499988, -22.497977111499981 ], [ 17.044879887300027, -22.497792709599992 ], [ 17.044801767900022, -22.497633285800003 ], [ 17.044749045700005, -22.497536726299998 ], [ 17.044696072100042, -22.497395658899983 ], [ 17.044651959531709, -22.49729370545105 ], [ 17.044590124900012, -22.4971528351 ], [ 17.044600518399999, -22.497064657499948 ], [ 17.044694228100017, -22.497038422199964 ], [ 17.044727252800023, -22.497023669999979 ], [ 17.044761283300048, -22.497021574499968 ], [ 17.04485013150002, -22.496978743000017 ], [ 17.044880390199989, -22.496962649699963 ], [ 17.044921964400018, -22.496942030299952 ], [ 17.044936297500026, -22.496935827700003 ], [ 17.045060349600057, -22.496935995299939 ], [ 17.045080298600009, -22.496921997499999 ], [ 17.045156322400018, -22.496936246799958 ], [ 17.045228291074721, -22.496941321511443 ], [ 17.045300155900023, -22.496946388900007 ], [ 17.045405013500027, -22.496920237299989 ], [ 17.045466285200003, -22.496909173199988 ], [ 17.045614142, -22.496891654999949 ], [ 17.045761747299998, -22.496834490399962 ], [ 17.045794604300035, -22.496850416099971 ], [ 17.045883955400004, -22.496800376100008 ], [ 17.046004403400008, -22.496804231799977 ], [ 17.046061065000028, -22.496803393599972 ], [ 17.046163, -22.496772 ], [ 17.046250328399985, -22.496715215999956 ], [ 17.046238803065421, -22.496798659672027 ], [ 17.046237015826772, -22.496866732364072 ], [ 17.046250412200024, -22.496998105199999 ], [ 17.046223804573085, -22.497086249355174 ], [ 17.046219985899981, -22.497212262800005 ], [ 17.046231888200072, -22.497340925000014 ], [ 17.04620338980002, -22.497501270799944 ], [ 17.046166760800073, -22.497623227499972 ], [ 17.046141782799996, -22.497659521199999 ], [ 17.046111188800083, -22.497804360499984 ], [ 17.046107836100045, -22.497947020499918 ], [ 17.046126541144979, -22.498041978959783 ], [ 17.046147817700032, -22.498187748700037 ], [ 17.046182602600027, -22.498205769799966 ], [ 17.046296428900032, -22.498295120899964 ], [ 17.046317970400008, -22.498375754799962 ], [ 17.046281844400013, -22.49845949 ], [ 17.04626868480003, -22.498480025699902 ], [ 17.046301069245661, -22.498636323544229 ], [ 17.046344708699998, -22.498793341200006 ], [ 17.046343451400041, -22.498917896299947 ], [ 17.046319562900024, -22.498945556599992 ], [ 17.046318724800042, -22.499029375599978 ], [ 17.046360634300026, -22.499119061999973 ], [ 17.046356275700074, -22.499191062499978 ], [ 17.046381032684817, -22.499253035835245 ], [ 17.046412350600026, -22.499338332599944 ], [ 17.046447889899987, -22.499437406700018 ], [ 17.046525757800051, -22.499469844599986 ], [ 17.04650031845205, -22.499553430975396 ], [ 17.046476556000016, -22.499628933099984 ], [ 17.046361, -22.499675 ], [ 17.046334231300012, -22.499737897899969 ], [ 17.046341568049662, -22.499828529094557 ], [ 17.046334734200041, -22.499879803500015 ], [ 17.046401118900068, -22.500075437099987 ], [ 17.046414529900002, -22.500143162899988 ], [ 17.046380583200051, -22.500194627799985 ] ] ] } },
{ "type": "Feature", "properties": { "Settlement": "One Nation C", "Town": "WINDHOEK", "Extension": null, "Region": null, "LA ARea": null, "Block_Code": "None", "TOWN_1": null, "EXTENSIO_1": null, "LA Area_1": null, "Set_Ext": null, "Id": "0", "Constituen": "Tobias Hainyeko", "Upgrading_": null, "Area_sqm": 0.0, "Area_Ha": 0.0, "No_Structu": 0.0, "No_HHs": 0.0, "No_Taps": 0.0, "No_Toilets": 0.0, "OBJECTID": null, "layer": "Tobias_Hainyeko", "path": "E:/UN-HABITAT 2022/NAMIMBIA_2025/ANALYTICS - NOV 2025/20251103 NamibiaData WalvisBay/Windhoek_Informal_Settlements_merged_polygons/merged_polygons - Copy/Tobias_Hainyeko.shp" }, "geometry": { "type": "MultiPolygon", "coordinates": [ [ [ [ 17.04467671498918, -22.496958853538427 ], [ 17.044677548100022, -22.496961224800003 ], [ 17.044675117400033, -22.496960638099967 ], [ 17.04467671498918, -22.496958853538427 ] ] ], [ [ [ 17.044677333460811, -22.496958162684532 ], [ 17.04467671498918, -22.496958853538427 ], [ 17.044676458499996, -22.496958123500001 ], [ 17.044677333460811, -22.496958162684532 ] ] ], [ [ [ 17.044679025198803, -22.496956272955487 ], [ 17.044674698300042, -22.496957369100016 ], [ 17.044679466871571, -22.496955779591953 ], [ 17.044679025198803, -22.496956272955487 ] ] ], [ [ [ 17.044677333460811, -22.496958162684532 ], [ 17.044679025198803, -22.496956272955487 ], [ 17.044686370209789, -22.496954412224834 ], [ 17.044686852000051, -22.496954519300004 ], [ 17.044687270093515, -22.496954213196371 ], [ 17.044687187299999, -22.496956614800009 ], [ 17.044686181500047, -22.496957033899971 ], [ 17.044685259500035, -22.496956614800006 ], [ 17.044682074300049, -22.496958375 ], [ 17.044677333460811, -22.496958162684532 ] ] ], [ [ [ 17.044687270093515, -22.496954213196371 ], [ 17.044687271100038, -22.496954183999968 ], [ 17.044686370209789, -22.496954412224834 ], [ 17.044685343300007, -22.496954183999957 ], [ 17.044684756500015, -22.496954016400011 ], [ 17.044679466871571, -22.496955779591953 ], [ 17.044682996300025, -22.496951837099964 ], [ 17.044691841436894, -22.496950866325218 ], [ 17.044687270093515, -22.496954213196371 ] ] ], [ [ [ 17.044696452954621, -22.496950231818129 ], [ 17.044696463442875, -22.496950359049052 ], [ 17.044691841436894, -22.496950866325218 ], [ 17.044692439316094, -22.496950428592896 ], [ 17.044695736799994, -22.496949993099967 ], [ 17.044696452954621, -22.496950231818129 ] ] ], [ [ [ 17.044696452954621, -22.496950231818129 ], [ 17.044696239800047, -22.496947646100001 ], [ 17.044692439316094, -22.496950428592896 ], [ 17.044691294400003, -22.496950579799975 ], [ 17.044734461200051, -22.496872209 ], [ 17.04481672623929, -22.496825504832643 ], [ 17.044852378198375, -22.496732177999402 ], [ 17.044870204177965, -22.496408278501473 ], [ 17.044888030157527, -22.496172215677806 ], [ 17.044941508096237, -22.49596909153037 ], [ 17.045048463973661, -22.495744007667295 ], [ 17.045107883905548, -22.495562842340782 ], [ 17.045202955796618, -22.495403636251989 ], [ 17.045357447619544, -22.495118162806467 ], [ 17.045470345490177, -22.494783279744578 ], [ 17.04544657751741, -22.494624072758739 ], [ 17.045434693531025, -22.49441545643106 ], [ 17.04542280954464, -22.494239779279511 ], [ 17.04544657751741, -22.494113511189145 ], [ 17.045434693531025, -22.493965283283799 ], [ 17.045458461503792, -22.493811565288279 ], [ 17.045470345490177, -22.493646867246504 ], [ 17.045517881435678, -22.49345471928325 ], [ 17.045535707415272, -22.493240611238473 ], [ 17.045559475388007, -22.493059442634159 ], [ 17.045559475388007, -22.492955133330113 ], [ 17.045583243360777, -22.492839844007872 ], [ 17.04552881420004, -22.492635324599966 ], [ 17.04552143810001, -22.492611603799951 ], [ 17.045498304100022, -22.492435164700002 ], [ 17.045572148600026, -22.492396021299989 ], [ 17.045635599600011, -22.492436422 ], [ 17.045655297100051, -22.492435416199989 ], [ 17.045698463899996, -22.492455532799987 ], [ 17.045737775000045, -22.492552259899995 ], [ 17.045759987100013, -22.492587296299988 ], [ 17.045803321499999, -22.49269944620001 ], [ 17.045839782800041, -22.492843279599995 ], [ 17.045883871600029, -22.492969427299975 ], [ 17.045922093100025, -22.4930462893 ], [ 17.045908849700002, -22.493123821899992 ], [ 17.045921254900051, -22.493179393900014 ], [ 17.045920668200022, -22.493271259599979 ], [ 17.045939276000045, -22.493443423899979 ], [ 17.045938018700017, -22.493487093599967 ], [ 17.04597774889999, -22.49366361649998 ], [ 17.045995853800058, -22.493702089400013 ], [ 17.046068524899997, -22.493750117699992 ], [ 17.046076906800046, -22.493777945599962 ], [ 17.046150332299991, -22.493895376100014 ], [ 17.046332722500008, -22.494010794899999 ], [ 17.046346636500029, -22.494046418000014 ], [ 17.046367423599996, -22.494097715200009 ], [ 17.046384103600023, -22.494131410499993 ], [ 17.046397514599992, -22.49422931110001 ], [ 17.046445459100006, -22.494431650299994 ], [ 17.046474963400037, -22.494491161800006 ], [ 17.046430790800006, -22.494682185399956 ], [ 17.046410422800029, -22.494909837800002 ], [ 17.046314617600011, -22.495106980199971 ], [ 17.046258878, -22.495369166099987 ], [ 17.046300284600026, -22.495565218899991 ], [ 17.046321071700028, -22.495769485799975 ], [ 17.046261141099986, -22.495950283499958 ], [ 17.046230882399986, -22.496191095599986 ], [ 17.04618838620004, -22.496324535499973 ], [ 17.046203976500017, -22.496374575399972 ], [ 17.046209424699992, -22.496422436099991 ], [ 17.046201629599999, -22.496457221000018 ], [ 17.046193331499985, -22.496478594799967 ], [ 17.046196768100021, -22.496557384699969 ], [ 17.046221159400034, -22.496600970600007 ], [ 17.046250328399985, -22.496715215999977 ], [ 17.046181513000036, -22.496789060500003 ], [ 17.046004403400008, -22.496804231800013 ], [ 17.045897953200029, -22.496806327300011 ], [ 17.045794604299999, -22.496850416100003 ], [ 17.045636605499986, -22.496892493200018 ], [ 17.045614142, -22.496891654999985 ], [ 17.045466285200003, -22.496909173199988 ], [ 17.045300155900023, -22.496946388900007 ], [ 17.045156322399986, -22.496936246799997 ], [ 17.045060349600021, -22.496935995299975 ], [ 17.044850131499985, -22.496978743000017 ], [ 17.044698167600011, -22.496971031699971 ], [ 17.044696463442875, -22.496950359049052 ], [ 17.044696742700037, -22.496950328399954 ], [ 17.044696452954621, -22.496950231818129 ] ] ] ] } },
{ "type": "Feature", "properties": { "Settlement": "One Nation D", "Town": "WINDHOEK", "Extension": null, "Region": null, "LA ARea": null, "Block_Code": "None", "TOWN_1": null, "EXTENSIO_1": null, "LA Area_1": null, "Set_Ext": null, "Id": "0", "Constituen": "Tobias Hainyeko", "Upgrading_": null, "Area_sqm": 0.0, "Area_Ha": 0.0, "No_Structu": 0.0, "No_HHs": 0.0, "No_Taps": 0.0, "No_Toilets": 0.0, "OBJECTID": null, "layer": "Tobias_Hainyeko", "path": "E:/UN-HABITAT 2022/NAMIMBIA_2025/ANALYTICS - NOV 2025/20251103 NamibiaData WalvisBay/Windhoek_Informal_Settlements_merged_polygons/merged_polygons - Copy/Tobias_Hainyeko.shp" }, "geometry": { "type": "MultiPolygon", "coordinates": [ [ [ [ 17.048613482031179, -22.499035610658833 ], [ 17.048618886600043, -22.499042535199933 ], [ 17.048612013500001, -22.499041110299984 ], [ 17.048613186900035, -22.499035829699995 ], [ 17.048613482031179, -22.499035610658833 ] ] ], [ [ [ 17.048613482031179, -22.499035610658833 ], [ 17.048546969900041, -22.4989635777 ], [ 17.048552334300041, -22.498803651 ], [ 17.04849173310004, -22.498725028699969 ], [ 17.048420654600008, -22.49862570320002 ], [ 17.048367681, -22.49847332019997 ], [ 17.048307918000042, -22.498366283299983 ], [ 17.0481640846, -22.498208703500019 ], [ 17.048097867500019, -22.4980537221 ], [ 17.047968450900029, -22.497957078699972 ], [ 17.047875914700004, -22.49782808130001 ], [ 17.047756556400046, -22.497690618000021 ], [ 17.047653375199989, -22.497592298299981 ], [ 17.04758858310004, -22.497465312499948 ], [ 17.047572908899998, -22.497373279199998 ], [ 17.047511301900006, -22.497209748299998 ], [ 17.047371324199986, -22.497035237 ], [ 17.047235872599998, -22.496928535399991 ], [ 17.047100840100036, -22.496812949 ], [ 17.046872517100031, -22.496726363899988 ], [ 17.046716427510255, -22.496616918288158 ], [ 17.046569930400011, -22.496563000599963 ], [ 17.046541767200015, -22.496522683699997 ], [ 17.046526512100026, -22.496503991999951 ], [ 17.046508826300016, -22.496436182400007 ], [ 17.04652491960001, -22.496363092199999 ], [ 17.046519890400031, -22.496356051400006 ], [ 17.046479992600048, -22.496326547100015 ], [ 17.04641670920001, -22.496306598200007 ], [ 17.046303972600047, -22.49634993259998 ], [ 17.046239264300034, -22.496365606799923 ], [ 17.046227529599989, -22.496357392499988 ], [ 17.046206574900012, -22.496238117999955 ], [ 17.046253932600035, -22.49604315500001 ], [ 17.046289891000047, -22.495793039 ], [ 17.046287544100029, -22.495577121199997 ], [ 17.046288717499991, -22.495482489499992 ], [ 17.04632811250001, -22.495447117799994 ], [ 17.04641838560002, -22.495306469499965 ], [ 17.04650077970005, -22.495293980499991 ], [ 17.046575881500011, -22.495226170899972 ], [ 17.04664251770005, -22.4952335469 ], [ 17.046716362200019, -22.495266990699999 ], [ 17.046805378000041, -22.49527486969999 ], [ 17.046858267900021, -22.495178477799993 ], [ 17.046920629199988, -22.495181411499967 ], [ 17.046941164900005, -22.495251148899989 ], [ 17.046978464399988, -22.495315186700001 ], [ 17.04697829670005, -22.495354916899977 ], [ 17.046980643600001, -22.495386097600004 ], [ 17.047037221500045, -22.495421385399972 ], [ 17.047052057500043, -22.495426666 ], [ 17.047073850399993, -22.495460445099965 ], [ 17.047077454600039, -22.495467485900015 ], [ 17.047155741600022, -22.495552143099967 ], [ 17.047222629200007, -22.495561027900013 ], [ 17.047265879799991, -22.495557423699999 ], [ 17.047369899200021, -22.495629424200029 ], [ 17.047531837599987, -22.495641661799965 ], [ 17.047554468700017, -22.495645014599987 ], [ 17.047603167599995, -22.495638057599972 ], [ 17.047718251100044, -22.495683990399975 ], [ 17.047796119000044, -22.495696144200032 ], [ 17.047840375500002, -22.495703017300002 ], [ 17.047877842600027, -22.495703352600014 ], [ 17.047959566100019, -22.49571810479998 ], [ 17.047970294999981, -22.495722463399996 ], [ 17.048045145300037, -22.495765043399988 ], [ 17.048066938300018, -22.495766216899984 ], [ 17.048093508900035, -22.495799912099958 ], [ 17.048147069299993, -22.495846599299981 ], [ 17.048157127600021, -22.495861519099993 ], [ 17.04815578649999, -22.495870571599983 ], [ 17.048150673500007, -22.495877444699996 ], [ 17.048126449800002, -22.495947014499993 ], [ 17.048221081500035, -22.496024044199977 ], [ 17.048277407900027, -22.496058326199982 ], [ 17.048286963300004, -22.496049189899992 ], [ 17.048424258799987, -22.49609436840003 ], [ 17.048634225500038, -22.496086405599986 ], [ 17.048839330700019, -22.495987247699965 ], [ 17.049018619600048, -22.495951456899988 ], [ 17.049276614600018, -22.495904266800004 ], [ 17.049407791300002, -22.495850119699963 ], [ 17.049430673900037, -22.495837798299977 ], [ 17.049768799900022, -22.495733778899972 ], [ 17.049924116600025, -22.49571793709995 ], [ 17.049961416100011, -22.49571215359995 ], [ 17.049994943700007, -22.495713075600008 ], [ 17.05002511850001, -22.495725732299956 ], [ 17.050140752137832, -22.49572204824641 ], [ 17.05015857811739, -22.495815375761072 ], [ 17.050081332205941, -22.496265542888754 ], [ 17.050015970280846, -22.496968239867606 ], [ 17.049926840382984, -22.497429382820226 ], [ 17.049718870621316, -22.497819157212444 ], [ 17.049469306907348, -22.498137563647411 ], [ 17.049237569172909, -22.498434010359176 ], [ 17.049124671302245, -22.498587723218805 ], [ 17.049071193363535, -22.498681048800314 ], [ 17.04901177343168, -22.498741435907725 ], [ 17.048964237486111, -22.498812802455213 ], [ 17.048851339615545, -22.498939066256714 ], [ 17.048702789785729, -22.499120227161931 ], [ 17.048643445599996, -22.499051922900012 ], [ 17.048637242999988, -22.499042451399955 ], [ 17.048621317400031, -22.499039266299967 ], [ 17.048619808600026, -22.499037422200018 ], [ 17.048617210200032, -22.499040272099979 ], [ 17.048621904100028, -22.499034656199974 ], [ 17.04862265850003, -22.499032979799964 ], [ 17.04861402510004, -22.499035242899996 ], [ 17.04862643029999, -22.499030800499966 ], [ 17.04862953160001, -22.499031471099997 ], [ 17.048627352299999, -22.499027866899979 ], [ 17.048626346500015, -22.499027028699977 ], [ 17.048623915799993, -22.499027866899972 ], [ 17.048613482031179, -22.499035610658833 ] ] ] ] } },
{ "type": "Feature", "properties": { "Settlement": "Onghuwo Ye Pongo", "Town": "WINDHOEK", "Extension": null, "Region": null, "LA ARea": null, "Block_Code": "None", "TOWN_1": null, "EXTENSIO_1": null, "LA Area_1": null, "Set_Ext": null, "Id": "0", "Constituen": "Tobias Hainyeko", "Upgrading_": null, "Area_sqm": 0.0, "Area_Ha": 0.0, "No_Structu": 0.0, "No_HHs": 0.0, "No_Taps": 0.0, "No_Toilets": 0.0, "OBJECTID": null, "layer": "Tobias_Hainyeko", "path": "E:/UN-HABITAT 2022/NAMIMBIA_2025/ANALYTICS - NOV 2025/20251103 NamibiaData WalvisBay/Windhoek_Informal_Settlements_merged_polygons/merged_polygons - Copy/Tobias_Hainyeko.shp" }, "geometry": { "type": "Polygon", "coordinates": [ [ [ 17.054754233898766, -22.504378263129659 ], [ 17.05528686874511, -22.504193242860158 ], [ 17.055406178950722, -22.504315277533788 ], [ 17.055529750235085, -22.504433375502501 ], [ 17.055640538283093, -22.504567219745152 ], [ 17.055776892803774, -22.504685317498755 ], [ 17.055879158694278, -22.504791605390725 ], [ 17.055955858112142, -22.504886083448362 ], [ 17.056087951554069, -22.505008117510606 ], [ 17.056198739602113, -22.505114405154512 ], [ 17.056301005492585, -22.505224629291543 ], [ 17.056505537273591, -22.505437204164771 ], [ 17.056650413951811, -22.505559237740727 ], [ 17.056693024739559, -22.505614349642887 ], [ 17.056556670218875, -22.505866289487546 ], [ 17.056339355201548, -22.506035561312899 ], [ 17.056424576776948, -22.506216642571086 ], [ 17.05635213843787, -22.506244198393965 ], [ 17.056185956365791, -22.506543375545675 ], [ 17.056288222256264, -22.506740202266201 ], [ 17.056151867735611, -22.506791377167687 ], [ 17.056015513214927, -22.506543375545672 ], [ 17.055883419773064, -22.506610296662132 ], [ 17.055712976622235, -22.506673281212684 ], [ 17.055568099943979, -22.506728392670933 ], [ 17.055299651981436, -22.50683074246361 ], [ 17.055201647169714, -22.506913409548545 ], [ 17.055082336964102, -22.507062997481377 ], [ 17.054950243522239, -22.507157473987171 ], [ 17.054779800371342, -22.507330680746779 ], [ 17.054651968008262, -22.507188966141431 ], [ 17.054519874566363, -22.507255886945405 ], [ 17.054404825439541, -22.50725982346226 ], [ 17.054306820627783, -22.507133854866758 ], [ 17.054285515233929, -22.507015759204251 ], [ 17.054153421792062, -22.506889790386445 ], [ 17.0541796578466, -22.506826459486415 ], [ 17.054219240220679, -22.506730912009459 ], [ 17.054285515233929, -22.506570931303408 ], [ 17.054317296497288, -22.506388242608779 ], [ 17.054345170336749, -22.50616940400489 ], [ 17.054357953573071, -22.505988322684825 ], [ 17.054342675853757, -22.505865327798332 ], [ 17.054328126021641, -22.505748192742566 ], [ 17.054285515233929, -22.50560647651535 ], [ 17.054318716471304, -22.505532670310682 ], [ 17.05437205809308, -22.505414092037505 ], [ 17.054421869754613, -22.505303360764152 ], [ 17.054503733464404, -22.505148223639473 ], [ 17.054588051826656, -22.504988434604616 ], [ 17.05471162311105, -22.504771922453951 ], [ 17.054754233898766, -22.504378263129659 ] ] ] } },
{ "type": "Feature", "properties": { "Settlement": "Onguluwombashe 1", "Town": "WINDHOEK", "Extension": null, "Region": null, "LA ARea": null, "Block_Code": "None", "TOWN_1": null, "EXTENSIO_1": null, "LA Area_1": null, "Set_Ext": null, "Id": "0", "Constituen": "Tobias Hainyeko", "Upgrading_": null, "Area_sqm": 0.0, "Area_Ha": 0.0, "No_Structu": 0.0, "No_HHs": 0.0, "No_Taps": 0.0, "No_Toilets": 0.0, "OBJECTID": null, "layer": "Tobias_Hainyeko", "path": "E:/UN-HABITAT 2022/NAMIMBIA_2025/ANALYTICS - NOV 2025/20251103 NamibiaData WalvisBay/Windhoek_Informal_Settlements_merged_polygons/merged_polygons - Copy/Tobias_Hainyeko.shp" }, "geometry": { "type": "Polygon", "coordinates": [ [ [ 17.052386102600856, -22.497397526397609 ], [ 17.052607601068551, -22.497356598041481 ], [ 17.052778471315062, -22.497257200554568 ], [ 17.052911370395663, -22.497181190663518 ], [ 17.053015879218055, -22.497258105315428 ], [ 17.053107228100018, -22.497325334699958 ], [ 17.053057470901933, -22.497461956389476 ], [ 17.053015351993025, -22.497577605008278 ], [ 17.052974682955035, -22.497736579981577 ], [ 17.0530659892, -22.497906871099932 ], [ 17.053257010190226, -22.49804931228628 ], [ 17.053430309662861, -22.498134234738547 ], [ 17.053632822547591, -22.498239478466992 ], [ 17.053737368910483, -22.498296828455324 ], [ 17.053835335432357, -22.49835056898235 ], [ 17.053968234513025, -22.498525974877651 ], [ 17.053999877151217, -22.498695533698271 ], [ 17.053980891568283, -22.498917713907307 ], [ 17.053988079115793, -22.499047203205734 ], [ 17.053993548623605, -22.499145740592922 ], [ 17.054162594396459, -22.499089676363184 ], [ 17.054394169855779, -22.499012874052283 ], [ 17.054505573320075, -22.49897592692918 ], [ 17.05461630600005, -22.499136328699961 ], [ 17.054668525200043, -22.499220399199992 ], [ 17.054784447000028, -22.499287873499974 ], [ 17.055052667900075, -22.499473029699967 ], [ 17.055071359500069, -22.499587107399993 ], [ 17.05494378690004, -22.499699089699952 ], [ 17.054817136400086, -22.49980914409997 ], [ 17.054688055100044, -22.499885587 ], [ 17.054555788600016, -22.499985415499946 ], [ 17.054431736500057, -22.500070072699941 ], [ 17.054379852499981, -22.500082142699991 ], [ 17.054261960366542, -22.500101954251374 ], [ 17.054176591300028, -22.50011114399997 ], [ 17.054091347399996, -22.500200495099929 ], [ 17.054003337400026, -22.500281128999969 ], [ 17.053823210299985, -22.500299736899972 ], [ 17.053722937991239, -22.50033877019025 ], [ 17.053607711600023, -22.500363103999934 ], [ 17.053397064548886, -22.50045060468565 ], [ 17.053183078111196, -22.500494586634904 ], [ 17.052997592800047, -22.500487575299982 ], [ 17.052843001834951, -22.500450919277558 ], [ 17.052745046100039, -22.500427812299982 ], [ 17.052560476600043, -22.500309208400019 ], [ 17.052382780200031, -22.500247601399973 ], [ 17.052271992685416, -22.500254865900782 ], [ 17.052177591200046, -22.50025439079997 ], [ 17.052056891800053, -22.500298228099989 ], [ 17.051921775600011, -22.500277692499974 ], [ 17.051853661002653, -22.500284580772753 ], [ 17.051698816900082, -22.500300239799959 ], [ 17.051574094200024, -22.500295126800001 ], [ 17.051378963500039, -22.500239973899966 ], [ 17.051268406199984, -22.500237459299935 ], [ 17.051115101200008, -22.500305855599972 ], [ 17.05102104685314, -22.500376022328794 ], [ 17.050955677400029, -22.50042613599993 ], [ 17.050876552200037, -22.500442564499984 ], [ 17.050854424, -22.50032555309997 ], [ 17.050904547800023, -22.500086082100022 ], [ 17.050957689100059, -22.499902686099968 ], [ 17.05100781280002, -22.499714428599976 ], [ 17.051110155899991, -22.499549472699979 ], [ 17.051272932400042, -22.499436652300012 ], [ 17.051479881599981, -22.49930941499996 ], [ 17.051652234978448, -22.499153247782893 ], [ 17.05180082470001, -22.499033315099968 ], [ 17.051939014668775, -22.498859615031364 ], [ 17.052009375587268, -22.498736575527822 ], [ 17.052074074700073, -22.498625703200016 ], [ 17.052133623502495, -22.498523446776119 ], [ 17.052131427386403, -22.498463519923551 ], [ 17.052123883686459, -22.498389675325416 ], [ 17.052125539600027, -22.498285314099999 ], [ 17.052117006057586, -22.498131952853143 ], [ 17.05220625740003, -22.497966466499939 ], [ 17.052266563062055, -22.497809545261088 ], [ 17.052294549319257, -22.497692016394495 ], [ 17.052320973392447, -22.497581047860475 ], [ 17.052345484742368, -22.497475834886227 ], [ 17.052386102600856, -22.497397526397609 ] ] ] } },
{ "type": "Feature", "properties": { "Settlement": "Onguluwombashe 2", "Town": "WINDHOEK", "Extension": null, "Region": null, "LA ARea": null, "Block_Code": "None", "TOWN_1": null, "EXTENSIO_1": null, "LA Area_1": null, "Set_Ext": null, "Id": "0", "Constituen": "Tobias Hainyeko", "Upgrading_": null, "Area_sqm": 0.0, "Area_Ha": 0.0, "No_Structu": 0.0, "No_HHs": 0.0, "No_Taps": 0.0, "No_Toilets": 0.0, "OBJECTID": null, "layer": "Tobias_Hainyeko", "path": "E:/UN-HABITAT 2022/NAMIMBIA_2025/ANALYTICS - NOV 2025/20251103 NamibiaData WalvisBay/Windhoek_Informal_Settlements_merged_polygons/merged_polygons - Copy/Tobias_Hainyeko.shp" }, "geometry": { "type": "Polygon", "coordinates": [ [ [ 17.053993548623605, -22.499145740592922 ], [ 17.053980891568283, -22.498917713907307 ], [ 17.053999877151217, -22.498695533698271 ], [ 17.053968234513025, -22.498525974877651 ], [ 17.053835335432357, -22.49835056898235 ], [ 17.053632822547591, -22.498239478466992 ], [ 17.053430309662861, -22.498134234738547 ], [ 17.053257010190226, -22.49804931228628 ], [ 17.0530659892, -22.497906871099932 ], [ 17.052974682955035, -22.497736579981577 ], [ 17.052982779294748, -22.497667041911516 ], [ 17.053015351993025, -22.497577605008278 ], [ 17.053057470901933, -22.497461956389476 ], [ 17.053107228100018, -22.497325334699958 ], [ 17.053196076300061, -22.497199187099966 ], [ 17.053265310799997, -22.497041942600003 ], [ 17.053283824519884, -22.496930051653269 ], [ 17.053279920659421, -22.496757052574324 ], [ 17.053250894, -22.496646065299991 ], [ 17.053258270000015, -22.496461830999944 ], [ 17.053270204615607, -22.496247169385061 ], [ 17.053367285812499, -22.496037883777504 ], [ 17.053338388260624, -22.495752260075221 ], [ 17.053881971628059, -22.495881840052562 ], [ 17.054309062859151, -22.495960491188981 ], [ 17.054783692600026, -22.495970148599987 ], [ 17.055006113047355, -22.49592994491573 ], [ 17.055385824706271, -22.495918250976828 ], [ 17.055955392194591, -22.495853934295383 ], [ 17.056373075019408, -22.495824699430297 ], [ 17.057119841281946, -22.495766229681607 ], [ 17.057531195579152, -22.495736994797966 ], [ 17.05774003699149, -22.495760382705367 ], [ 17.057917235765711, -22.495889016125314 ], [ 17.057974192514511, -22.495988414595235 ], [ 17.057986849569769, -22.496169670444672 ], [ 17.057999506625126, -22.496450324194726 ], [ 17.057917235765711, -22.496836222171321 ], [ 17.05779066521275, -22.497146109161182 ], [ 17.057619794966207, -22.497432607836206 ], [ 17.057322354166711, -22.497730799704502 ], [ 17.057081870116079, -22.497952981462984 ], [ 17.056816071954835, -22.498110847232486 ], [ 17.056436360295887, -22.498297947170375 ], [ 17.056271818577091, -22.498362262715581 ], [ 17.05579717900341, -22.498555209171862 ], [ 17.055385824706271, -22.498718921105485 ], [ 17.054733986358467, -22.498900173377482 ], [ 17.053993548623605, -22.499145740592922 ] ] ] } },
{ "type": "Feature", "properties": { "Settlement": "Onguluwombaseh Section 4", "Town": "WINDHOEK", "Extension": null, "Region": null, "LA ARea": null, "Block_Code": "None", "TOWN_1": null, "EXTENSIO_1": null, "LA Area_1": null, "Set_Ext": null, "Id": "0", "Constituen": "Tobias Hainyeko", "Upgrading_": null, "Area_sqm": 0.0, "Area_Ha": 0.0, "No_Structu": 0.0, "No_HHs": 0.0, "No_Taps": 0.0, "No_Toilets": 0.0, "OBJECTID": null, "layer": "Tobias_Hainyeko", "path": "E:/UN-HABITAT 2022/NAMIMBIA_2025/ANALYTICS - NOV 2025/20251103 NamibiaData WalvisBay/Windhoek_Informal_Settlements_merged_polygons/merged_polygons - Copy/Tobias_Hainyeko.shp" }, "geometry": { "type": "Polygon", "coordinates": [ [ [ 17.052386102600856, -22.497397526397609 ], [ 17.052310179446653, -22.497273660875688 ], [ 17.052364113444906, -22.49698464947874 ], [ 17.052385687044261, -22.496655773706369 ], [ 17.052374900244583, -22.496306965214803 ], [ 17.052428834242836, -22.495958155843731 ], [ 17.052547489039014, -22.49556948150866 ], [ 17.052750700525959, -22.495399127817574 ], [ 17.052864791079838, -22.495498935530176 ], [ 17.053119189420528, -22.495599379573143 ], [ 17.053338388260624, -22.495752260075221 ], [ 17.053367285812499, -22.496037883777504 ], [ 17.053270204615607, -22.496247169385061 ], [ 17.053258270000082, -22.496461830999941 ], [ 17.053250894, -22.496646065299991 ], [ 17.05328263585319, -22.496877376063846 ], [ 17.053265310799997, -22.497041942600003 ], [ 17.053196076300061, -22.497199187099966 ], [ 17.053107228100018, -22.497325334699958 ], [ 17.052911370395663, -22.497181190663518 ], [ 17.052814938745026, -22.497195433483395 ], [ 17.052607601068551, -22.497356598041481 ], [ 17.052386102600856, -22.497397526397609 ] ] ] } },
{ "type": "Feature", "properties": { "Settlement": "Onyika 1", "Town": "WINDHOEK", "Extension": null, "Region": null, "LA ARea": null, "Block_Code": "None", "TOWN_1": null, "EXTENSIO_1": null, "LA Area_1": null, "Set_Ext": null, "Id": "0", "Constituen": "Tobias Hainyeko", "Upgrading_": null, "Area_sqm": 0.0, "Area_Ha": 0.0, "No_Structu": 0.0, "No_HHs": 0.0, "No_Taps": 0.0, "No_Toilets": 0.0, "OBJECTID": null, "layer": "Tobias_Hainyeko", "path": "E:/UN-HABITAT 2022/NAMIMBIA_2025/ANALYTICS - NOV 2025/20251103 NamibiaData WalvisBay/Windhoek_Informal_Settlements_merged_polygons/merged_polygons - Copy/Tobias_Hainyeko.shp" }, "geometry": { "type": "Polygon", "coordinates": [ [ [ 17.059844035811892, -22.504717691463682 ], [ 17.059754528192393, -22.505173827347747 ], [ 17.059679457285711, -22.505552605710367 ], [ 17.059572625610841, -22.505926048150819 ], [ 17.059419596454951, -22.506203461882318 ], [ 17.059223257160617, -22.506520886526918 ], [ 17.058850789969849, -22.506443531008419 ], [ 17.058738183609805, -22.506443531008415 ], [ 17.058455224038532, -22.506403519516326 ], [ 17.058230011318571, -22.506358173144658 ], [ 17.057684303573918, -22.506243473432242 ], [ 17.057447541483672, -22.506219466503691 ], [ 17.057095285690828, -22.506184789821681 ], [ 17.056731480527755, -22.506099431798244 ], [ 17.056434084243705, -22.506224801377027 ], [ 17.056324365226217, -22.506075424844589 ], [ 17.056569789344195, -22.505851359743406 ], [ 17.056685283046729, -22.505667305995818 ], [ 17.056728593185198, -22.505568610407096 ], [ 17.0568440868878, -22.505432570426073 ], [ 17.056945143877556, -22.505317869945923 ], [ 17.057077961635489, -22.505224509019804 ], [ 17.057207892050872, -22.505128480572868 ], [ 17.057291624985226, -22.505056459193845 ], [ 17.057366695891876, -22.504971100473924 ], [ 17.057421555400602, -22.504848397221711 ], [ 17.057545711130871, -22.504896411550714 ], [ 17.05763521875037, -22.504899079012997 ], [ 17.057785360563642, -22.50492575363252 ], [ 17.057981699858036, -22.504968433013079 ], [ 17.058391702502135, -22.50500844492041 ], [ 17.058717972211845, -22.505051124275397 ], [ 17.058894100108251, -22.505075131406819 ], [ 17.058980720385225, -22.505096471075689 ], [ 17.059168397651856, -22.505125813115001 ], [ 17.059220369817996, -22.504651004804845 ], [ 17.059278116669276, -22.504656339738744 ], [ 17.059416709112398, -22.504669677072584 ], [ 17.059486005333934, -22.504683014405146 ], [ 17.059529315472371, -22.504688349337783 ], [ 17.059610161064199, -22.504699019202455 ], [ 17.059685231970818, -22.504696351736367 ], [ 17.059844035811892, -22.504717691463682 ] ] ] } },
{ "type": "Feature", "properties": { "Settlement": "Red Cross (Ombili)", "Town": "WINDHOEK", "Extension": null, "Region": null, "LA ARea": null, "Block_Code": "None", "TOWN_1": null, "EXTENSIO_1": null, "LA Area_1": null, "Set_Ext": null, "Id": "0", "Constituen": "Tobias Hainyeko", "Upgrading_": null, "Area_sqm": 0.0, "Area_Ha": 0.0, "No_Structu": 0.0, "No_HHs": 0.0, "No_Taps": 0.0, "No_Toilets": 0.0, "OBJECTID": null, "layer": "Tobias_Hainyeko", "path": "E:/UN-HABITAT 2022/NAMIMBIA_2025/ANALYTICS - NOV 2025/20251103 NamibiaData WalvisBay/Windhoek_Informal_Settlements_merged_polygons/merged_polygons - Copy/Tobias_Hainyeko.shp" }, "geometry": { "type": "Polygon", "coordinates": [ [ [ 17.047158389215269, -22.505624411920159 ], [ 17.047211542697248, -22.50532159484985 ], [ 17.047255837265553, -22.504977855750223 ], [ 17.047503886848226, -22.505062426560329 ], [ 17.047825760711341, -22.505215199505535 ], [ 17.047990830600039, -22.505454439699999 ], [ 17.04818579370005, -22.505708746599982 ], [ 17.048177164286756, -22.505962693268618 ], [ 17.048227364797487, -22.506200035333606 ], [ 17.048268706394644, -22.506431920865786 ], [ 17.048262800452186, -22.506729279390889 ], [ 17.048155330433321, -22.506693157721497 ], [ 17.048014750869573, -22.506576508118435 ], [ 17.048077, -22.506419 ], [ 17.047973409272419, -22.5062927895931 ], [ 17.047976089492874, -22.506124216038543 ], [ 17.047921, -22.506005 ], [ 17.047577711128735, -22.505883579156393 ], [ 17.047539213700023, -22.505772532899993 ], [ 17.047158389215269, -22.505624411920159 ] ] ] } },
{ "type": "Feature", "properties": { "Settlement": "Samuel Maharero", "Town": "WINDHOEK", "Extension": null, "Region": null, "LA ARea": null, "Block_Code": "None", "TOWN_1": null, "EXTENSIO_1": null, "LA Area_1": null, "Set_Ext": null, "Id": "0", "Constituen": "Tobias Hainyeko", "Upgrading_": null, "Area_sqm": 0.0, "Area_Ha": 0.0, "No_Structu": 0.0, "No_HHs": 0.0, "No_Taps": 0.0, "No_Toilets": 0.0, "OBJECTID": null, "layer": "Tobias_Hainyeko", "path": "E:/UN-HABITAT 2022/NAMIMBIA_2025/ANALYTICS - NOV 2025/20251103 NamibiaData WalvisBay/Windhoek_Informal_Settlements_merged_polygons/merged_polygons - Copy/Tobias_Hainyeko.shp" }, "geometry": { "type": "Polygon", "coordinates": [ [ [ 17.054121103100041, -22.502709534 ], [ 17.054009707600013, -22.502758400499971 ], [ 17.053842824, -22.502757059399958 ], [ 17.053696249920588, -22.502753717302511 ], [ 17.053559767100012, -22.502750605299997 ], [ 17.053361535100038, -22.502749431900014 ], [ 17.053303113200041, -22.502750856799999 ], [ 17.053107699613328, -22.502754319851348 ], [ 17.052905096460808, -22.502754253521154 ], [ 17.052771532899989, -22.502752952299993 ], [ 17.05256240440001, -22.502754125699969 ], [ 17.052478920699997, -22.502757646100015 ], [ 17.0522943512, -22.50275672410001 ], [ 17.052160492199988, -22.502753371399976 ], [ 17.052106345100004, -22.502748593700002 ], [ 17.052087904900024, -22.502746498199969 ], [ 17.052082333273678, -22.502577789146066 ], [ 17.052094990329003, -22.502320534626019 ], [ 17.052107647384261, -22.502016505939981 ], [ 17.052107647384261, -22.501613082228729 ], [ 17.052126632967255, -22.50114534311945 ], [ 17.052135396822948, -22.500958539966259 ], [ 17.052219457532978, -22.500943962408769 ], [ 17.052383335007221, -22.500923348641859 ], [ 17.05265252820077, -22.500900146004835 ], [ 17.052917563408663, -22.500898984024282 ], [ 17.053101247093018, -22.500901101567692 ], [ 17.053322559200041, -22.500900551699999 ], [ 17.053486315131313, -22.500893253751176 ], [ 17.053689301377144, -22.500885422486711 ], [ 17.05384123140005, -22.5008811057 ], [ 17.053998236463151, -22.500872919829174 ], [ 17.054162761200008, -22.500864341900005 ], [ 17.054317162136979, -22.500886756888672 ], [ 17.054423125134626, -22.500902139949883 ], [ 17.054586550200042, -22.500925864999978 ], [ 17.054727939731542, -22.500927215847049 ], [ 17.054906392696267, -22.500932324593094 ], [ 17.055038203795544, -22.500938991400972 ], [ 17.05515853130003, -22.50094447279999 ], [ 17.055289064377003, -22.500931186903465 ], [ 17.055403115200008, -22.500919578600005 ], [ 17.055537411659724, -22.500923545766561 ], [ 17.055594195175946, -22.500930318298852 ], [ 17.055712, -22.500942 ], [ 17.055701511000013, -22.501033488700017 ], [ 17.055667394382709, -22.501148171717485 ], [ 17.055606627800007, -22.501321323200013 ], [ 17.055548839541324, -22.50147226170029 ], [ 17.055504243832218, -22.501588742160031 ], [ 17.055480061100024, -22.501651905500012 ], [ 17.055399930100013, -22.501825913799973 ], [ 17.05541719680004, -22.501865895500007 ], [ 17.055390542400044, -22.501935800500014 ], [ 17.055325922721387, -22.502028152758427 ], [ 17.055259066263758, -22.502123701680866 ], [ 17.05518879, -22.502224137999981 ], [ 17.055086782200036, -22.502326145799959 ], [ 17.054952650105115, -22.502373561687076 ], [ 17.054757541000033, -22.50246034000001 ], [ 17.054583187511181, -22.502551710289293 ], [ 17.054365976619941, -22.50259781116284 ], [ 17.054270133400035, -22.502603 ], [ 17.054159492300041, -22.502690507099956 ], [ 17.054121103100041, -22.502709534 ] ] ] } },
{ "type": "Feature", "properties": { "Settlement": "Tweetheni", "Town": "WINDHOEK", "Extension": null, "Region": null, "LA ARea": null, "Block_Code": "None", "TOWN_1": null, "EXTENSIO_1": null, "LA Area_1": null, "Set_Ext": null, "Id": "0", "Constituen": "Tobias Hainyeko", "Upgrading_": null, "Area_sqm": 0.0, "Area_Ha": 0.0, "No_Structu": 0.0, "No_HHs": 0.0, "No_Taps": 0.0, "No_Toilets": 0.0, "OBJECTID": null, "layer": "Tobias_Hainyeko", "path": "E:/UN-HABITAT 2022/NAMIMBIA_2025/ANALYTICS - NOV 2025/20251103 NamibiaData WalvisBay/Windhoek_Informal_Settlements_merged_polygons/merged_polygons - Copy/Tobias_Hainyeko.shp" }, "geometry": { "type": "Polygon", "coordinates": [ [ [ 17.059731384378676, -22.505377306332345 ], [ 17.059749659976998, -22.505258064480348 ], [ 17.059783995312038, -22.504962006094814 ], [ 17.059825960721582, -22.504630701911889 ], [ 17.059783995312038, -22.504292347884611 ], [ 17.059696249455804, -22.504066778073156 ], [ 17.059623763748469, -22.50390817407926 ], [ 17.059444456998616, -22.503664980935199 ], [ 17.059299485583875, -22.503492278297873 ], [ 17.059196479578681, -22.503361870041083 ], [ 17.059402451665203, -22.503241118182903 ], [ 17.059524572780454, -22.503171544256439 ], [ 17.059575462771715, -22.503130623662713 ], [ 17.059730584790845, -22.503005890119574 ], [ 17.059928966726812, -22.502826137533852 ], [ 17.06009682836488, -22.502632286444218 ], [ 17.060231079776358, -22.502435710818677 ], [ 17.060322967374205, -22.502300715322548 ], [ 17.060367455213978, -22.502234737833717 ], [ 17.060443996752799, -22.502121223178381 ], [ 17.060515971489725, -22.501992389120801 ], [ 17.060566077944141, -22.501902698998727 ], [ 17.060516482460169, -22.501758190883766 ], [ 17.060547002757996, -22.50168417447372 ], [ 17.060646193725979, -22.501539666130515 ], [ 17.060680529061088, -22.501437452820959 ], [ 17.060611858390939, -22.501384583838078 ], [ 17.060691974172737, -22.50128237041389 ], [ 17.060638563651548, -22.501166058494562 ], [ 17.060699604247166, -22.501099090981455 ], [ 17.060721442046511, -22.501048652633461 ], [ 17.060745384693959, -22.500993352736828 ], [ 17.060733939582278, -22.500954582026932 ], [ 17.060959026778786, -22.500968680468173 ], [ 17.061287119980559, -22.500972205078273 ], [ 17.061771629708719, -22.500996877346331 ], [ 17.061931861272424, -22.501000401955672 ], [ 17.062420186037798, -22.501021549610009 ], [ 17.063007701771191, -22.501021549610002 ], [ 17.062900880728776, -22.501444502017158 ], [ 17.062725389016144, -22.502149419821588 ], [ 17.062507931894064, -22.503030562024882 ], [ 17.062305734920887, -22.503837683356828 ], [ 17.061863379765356, -22.505683712890253 ], [ 17.061309025678209, -22.505567856581873 ], [ 17.060434123911733, -22.505453747646062 ], [ 17.059731384378676, -22.505377306332345 ] ] ] } },
{ "type": "Feature", "properties": { "Settlement": "Mix Proper", "Town": "WINDHOEK", "Extension": null, "Region": null, "LA ARea": null, "Block_Code": "None", "TOWN_1": null, "EXTENSIO_1": null, "LA Area_1": null, "Set_Ext": null, "Id": "1", "Constituen": "Windoek Rural", "Upgrading_": null, "Area_sqm": 261515.0, "Area_Ha": 0.0, "No_Structu": null, "No_HHs": null, "No_Taps": null, "No_Toilets": null, "OBJECTID": null, "layer": "Windhoek Rural", "path": "E:/UN-HABITAT 2022/NAMIMBIA_2025/ANALYTICS - NOV 2025/20251103 NamibiaData WalvisBay/Windhoek_Informal_Settlements_merged_polygons/merged_polygons - Copy/Windhoek Rural .shp" }, "geometry": { "type": "Polygon", "coordinates": [ [ [ 17.066999077764546, -22.382866040357257 ], [ 17.067205778607804, -22.382790992051099 ], [ 17.066712240594359, -22.381732683733595 ], [ 17.066427311431958, -22.380989832703055 ], [ 17.06649854372256, -22.38070490354065 ], [ 17.066862337206697, -22.380669287395357 ], [ 17.067292274960675, -22.380615863177397 ], [ 17.067902837451538, -22.380544630886803 ], [ 17.068627880409434, -22.380442870471658 ], [ 17.069294411128624, -22.380351286098033 ], [ 17.069901157603915, -22.380246981672503 ], [ 17.070443031814555, -22.380135045215845 ], [ 17.07099381006152, -22.38003837282146 ], [ 17.071483532059396, -22.379954420478967 ], [ 17.071590380495298, -22.38067946343687 ], [ 17.071516604194318, -22.380908424370944 ], [ 17.071696592928607, -22.38095421655775 ], [ 17.071698500936392, -22.381107493183055 ], [ 17.071729029060929, -22.381433126511514 ], [ 17.071662884791085, -22.381756215829604 ], [ 17.071717581014227, -22.382072945121742 ], [ 17.071837149502016, -22.38251814693799 ], [ 17.071971982052084, -22.382675875581452 ], [ 17.071916013823753, -22.382735659825354 ], [ 17.072184406918694, -22.383446074723576 ], [ 17.07228489532865, -22.383739271919701 ], [ 17.071985974109165, -22.383872832464586 ], [ 17.071810437393047, -22.383990492944591 ], [ 17.071392583688365, -22.384399442612956 ], [ 17.07093593382541, -22.384868812527817 ], [ 17.070818909347995, -22.385250414084592 ], [ 17.07071714893285, -22.385507359132838 ], [ 17.070635740600736, -22.385845712513191 ], [ 17.070610300496948, -22.38610901758738 ], [ 17.07069679684982, -22.386414298832801 ], [ 17.070846893462157, -22.386575843491844 ], [ 17.07025939745569, -22.386790608376696 ], [ 17.066999077764546, -22.382866040357257 ] ] ] } },
{ "type": "Feature", "properties": { "Settlement": "Mix Extension", "Town": "WINDHOEK", "Extension": null, "Region": null, "LA ARea": null, "Block_Code": "None", "TOWN_1": null, "EXTENSIO_1": null, "LA Area_1": null, "Set_Ext": null, "Id": "2", "Constituen": "Windhoek Rural", "Upgrading_": null, "Area_sqm": 90666.0, "Area_Ha": 0.0, "No_Structu": null, "No_HHs": null, "No_Taps": null, "No_Toilets": null, "OBJECTID": null, "layer": "Windhoek Rural", "path": "E:/UN-HABITAT 2022/NAMIMBIA_2025/ANALYTICS - NOV 2025/20251103 NamibiaData WalvisBay/Windhoek_Informal_Settlements_merged_polygons/merged_polygons - Copy/Windhoek Rural .shp" }, "geometry": { "type": "Polygon", "coordinates": [ [ [ 17.070253030729265, -22.386793155067256 ], [ 17.068770856818045, -22.387248376006507 ], [ 17.068716284770119, -22.386914991875479 ], [ 17.06851021992945, -22.38690735984434 ], [ 17.06848986784642, -22.386459614017706 ], [ 17.068566188157774, -22.386173412850113 ], [ 17.068184586600985, -22.386051300351941 ], [ 17.068179498580228, -22.385929187853762 ], [ 17.067940361604638, -22.385896115718847 ], [ 17.067696136608291, -22.385906291760357 ], [ 17.067772456919649, -22.386186132902012 ], [ 17.06764525640072, -22.386226837068055 ], [ 17.06733234312415, -22.386305701389798 ], [ 17.066996533754171, -22.386437989929494 ], [ 17.066294386889677, -22.386270085244494 ], [ 17.06615955433961, -22.386028404258528 ], [ 17.066136658246201, -22.385793083298502 ], [ 17.066149378298093, -22.385458545933719 ], [ 17.066299474910437, -22.385061680314653 ], [ 17.066737044695554, -22.384612662482823 ], [ 17.066701428550253, -22.384187812749598 ], [ 17.066302018920812, -22.383549266144559 ], [ 17.066235874650967, -22.383345745314276 ], [ 17.066092224686919, -22.383101943733692 ], [ 17.066996533754171, -22.382867471363099 ], [ 17.070253030729265, -22.386793155067256 ] ] ] } },
{ "type": "Feature", "properties": { "Settlement": "Efululu", "Town": "WINDHOEK", "Extension": null, "Region": null, "LA ARea": null, "Block_Code": "None", "TOWN_1": null, "EXTENSIO_1": null, "LA Area_1": null, "Set_Ext": null, "Id": "3", "Constituen": "Windhoek Rural", "Upgrading_": null, "Area_sqm": 144750.0, "Area_Ha": 0.0, "No_Structu": null, "No_HHs": null, "No_Taps": null, "No_Toilets": null, "OBJECTID": null, "layer": "Windhoek Rural", "path": "E:/UN-HABITAT 2022/NAMIMBIA_2025/ANALYTICS - NOV 2025/20251103 NamibiaData WalvisBay/Windhoek_Informal_Settlements_merged_polygons/merged_polygons - Copy/Windhoek Rural .shp" }, "geometry": { "type": "Polygon", "coordinates": [ [ [ 17.072286132647694, -22.383738811755094 ], [ 17.071918566350103, -22.382736765846989 ], [ 17.071975159930886, -22.382675901052568 ], [ 17.071839682373099, -22.382515864016344 ], [ 17.071663361334846, -22.381756255364778 ], [ 17.071730099048033, -22.381433311570639 ], [ 17.07169933296225, -22.38110763153027 ], [ 17.071698131683416, -22.380952866773381 ], [ 17.071516897081018, -22.380908219243242 ], [ 17.071592861283062, -22.380679041936144 ], [ 17.071485413564819, -22.379953336042899 ], [ 17.071627831844776, -22.379922102793117 ], [ 17.071714323921071, -22.379911691709864 ], [ 17.072173479387839, -22.379845487898372 ], [ 17.072412667351919, -22.379606299934295 ], [ 17.072861144784575, -22.379153551287995 ], [ 17.073305351003587, -22.379183449783497 ], [ 17.073792269359043, -22.379230433133593 ], [ 17.074016508075374, -22.379463214277202 ], [ 17.075084311486457, -22.380612170747533 ], [ 17.075434551005294, -22.38092396934357 ], [ 17.075742078387687, -22.38121441187138 ], [ 17.075964181497191, -22.381466413476396 ], [ 17.07602611409504, -22.38154115971518 ], [ 17.075936418608503, -22.381791025713373 ], [ 17.075653450704564, -22.382006722002412 ], [ 17.075311753613018, -22.382139129625386 ], [ 17.074963649701004, -22.382241638752845 ], [ 17.074786394334765, -22.382318520598453 ], [ 17.074500223020593, -22.382457335041888 ], [ 17.074204441475722, -22.382638861621778 ], [ 17.074039999750415, -22.382715743467362 ], [ 17.073928948195661, -22.382835337449414 ], [ 17.073854201956888, -22.383059576165746 ], [ 17.073767709880588, -22.383191983788709 ], [ 17.073144112688514, -22.38348242631653 ], [ 17.072772517101459, -22.383653274862294 ], [ 17.072286132647694, -22.383738811755094 ] ] ] } },
{ "type": "Feature", "properties": { "Settlement": "Mix Extension P2", "Town": "WINDHOEK", "Extension": null, "Region": null, "LA ARea": null, "Block_Code": "None", "TOWN_1": null, "EXTENSIO_1": null, "LA Area_1": null, "Set_Ext": null, "Id": null, "Constituen": null, "Upgrading_": null, "Area_sqm": null, "Area_Ha": null, "No_Structu": null, "No_HHs": null, "No_Taps": null, "No_Toilets": null, "OBJECTID": null, "layer": "Windhoek Rural", "path": "E:/UN-HABITAT 2022/NAMIMBIA_2025/ANALYTICS - NOV 2025/20251103 NamibiaData WalvisBay/Windhoek_Informal_Settlements_merged_polygons/merged_polygons - Copy/Windhoek Rural .shp" }, "geometry": { "type": "Polygon", "coordinates": [ [ [ 17.066092162787815, -22.383101939311633 ], [ 17.066236050804971, -22.383345148260979 ], [ 17.066301946423451, -22.383549201842825 ], [ 17.066701418714423, -22.38418779776703 ], [ 17.066737059118342, -22.384612644115322 ], [ 17.066299638485358, -22.38506155138386 ], [ 17.066149383741877, -22.385458198439725 ], [ 17.066136650289039, -22.385791814904064 ], [ 17.066158721607291, -22.386027808229983 ], [ 17.066295394001077, -22.386269743833878 ], [ 17.066996582803966, -22.386437825411324 ], [ 17.067333594855725, -22.386304548604961 ], [ 17.067645988898654, -22.386227298991088 ], [ 17.06777247453017, -22.386185703045161 ], [ 17.067696073813149, -22.385905567082737 ], [ 17.067940556107619, -22.385895380320477 ], [ 17.068179945020955, -22.385927638400997 ], [ 17.068186736195802, -22.386048181754518 ], [ 17.068567041987201, -22.386172120695466 ], [ 17.068490641270174, -22.386459047832734 ], [ 17.068512712588429, -22.386905567578879 ], [ 17.068716447833822, -22.386915754341146 ], [ 17.06877417282001, -22.387246824114907 ], [ 17.065740215457364, -22.388178912862582 ], [ 17.064499694185407, -22.383515639468033 ], [ 17.066092162787815, -22.383101939311633 ] ] ] } }
]
}
